{"type":"FeatureCollection","features":[{"type":"Feature","properties":{"id":1,"NAME":"1","text-color":"#000000","text-size":16,"labelx":-103.268528,"labely":38.955673,"TotalPop":529598,"PopDevPct":0.00898278,"DemPct":0.28499407,"RepPct":0.67772642,"WhitePct":0.76854371,"MinorityPct":0.23145629,"BlackPct":0.01558218,"HispanicPct":0.16540843,"PacificPct":0.00265825,"AsianPct":0.01263152,"NativePct":0.03721067,"TotalVAP":413806,"Margin":-0.21500593,"color":"#960018","opacity":"0.5"},"geometry":{"type":"MultiPolygon","coordinates":[[[[-104.553871,38.853356],[-104.553865,38.852005],[-104.553859,38.85177],[-104.553859,38.851724],[-104.553863,38.851073],[-104.553856,38.850883],[-104.553846,38.850603],[-104.553638,38.838583],[-104.553633,38.833096],[-104.553438,38.806068],[-104.553417,38.80241],[-104.553251,38.800379],[-104.552183,38.798383],[-104.551813,38.797963],[-104.549268,38.795351],[-104.548495,38.793695],[-104.547924,38.783281],[-104.547866,38.780342],[-104.549046,38.778056],[-104.551282,38.775902],[-104.552509,38.772995],[-104.552516,38.76843],[-104.553105,38.767313],[-104.555652,38.766144],[-104.594114,38.766362],[-104.600416,38.766402],[-104.608499,38.76644],[-104.614983,38.766341],[-104.618108,38.765845],[-104.608929,38.758143],[-104.609145,38.74867],[-104.60829,38.748599],[-104.608383,38.741479],[-104.608696,38.728337],[-104.608911,38.728378],[-104.608789,38.721138],[-104.60887,38.711462],[-104.623905,38.7115],[-104.624492,38.709851],[-104.626251,38.70806],[-104.627122,38.705134],[-104.627807,38.699499],[-104.6274,38.697227],[-104.62845,38.696829],[-104.628402,38.694918],[-104.62764,38.693993],[-104.599151,38.694022],[-104.588275,38.693995],[-104.588369,38.685804],[-104.591556,38.685812],[-104.591709,38.675081],[-104.593876,38.675203],[-104.59391,38.668508],[-104.598931,38.668508],[-104.598931,38.672137],[-104.609082,38.672301],[-104.609115,38.675453],[-104.609158,38.679274],[-104.618889,38.679295],[-104.620578,38.679299],[-104.621402,38.679302],[-104.623033,38.679303],[-104.623048,38.680951],[-104.627054,38.680913],[-104.627102,38.682631],[-104.627405,38.682629],[-104.632638,38.682586],[-104.633429,38.68258],[-104.63336,38.679269],[-104.636613,38.679265],[-104.636488,38.668586],[-104.636443,38.664816],[-104.654983,38.664678],[-104.663953,38.664577],[-104.663972,38.657904],[-104.663975,38.657383],[-104.669747,38.65722],[-104.682435,38.657246],[-104.683572,38.65739],[-104.683932,38.658229],[-104.684084,38.658235],[-104.678938,38.639647],[-104.674733,38.624569],[-104.672824,38.61759],[-104.6725,38.615778],[-104.671196,38.60633],[-104.670319,38.600384],[-104.668045,38.589055],[-104.66738,38.587635],[-104.665982,38.58594],[-104.662535,38.581767],[-104.647269,38.563281],[-104.651552,38.563248],[-104.646768,38.553735],[-104.644294,38.548415],[-104.642108,38.542868],[-104.638703,38.536172],[-104.638168,38.535437],[-104.638347,38.535215],[-104.632055,38.522814],[-104.63216,38.522752],[-104.630682,38.519917],[-104.628189,38.51993],[-104.626137,38.519957],[-104.626127,38.519935],[-104.612424,38.520162],[-104.605255,38.520279],[-104.590997,38.520004],[-104.573719,38.519939],[-104.567087,38.520001],[-104.564833,38.515292],[-104.563332,38.512853],[-104.557812,38.501764],[-104.553938,38.493506],[-104.553546,38.490789],[-104.553115,38.462908],[-104.552948,38.442823],[-104.552875,38.43286],[-104.527311,38.432945],[-104.527306,38.432908],[-104.506407,38.432986],[-104.450634,38.377179],[-104.44892,38.375462],[-104.459934,38.375395],[-104.478249,38.375201],[-104.496285,38.375064],[-104.49709,38.375118],[-104.496996,38.3631],[-104.490126,38.350126],[-104.488741,38.347817],[-104.479437,38.334853],[-104.475017,38.328284],[-104.471333,38.32256],[-104.469456,38.319644],[-104.467763,38.318329],[-104.467722,38.317293],[-104.460132,38.317271],[-104.460655,38.303315],[-104.456603,38.295644],[-104.451918,38.285995],[-104.447553,38.277368],[-104.445412,38.276644],[-104.445532,38.274267],[-104.445472,38.273775],[-104.445483,38.273595],[-104.445434,38.273495],[-104.457694,38.274461],[-104.457667,38.266579],[-104.456592,38.267299],[-104.453541,38.266833],[-104.450441,38.264607],[-104.449512,38.262984],[-104.449372,38.259471],[-104.448173,38.258435],[-104.445221,38.258256],[-104.442078,38.258946],[-104.439815,38.26107],[-104.438002,38.26131],[-104.433248,38.258031],[-104.429877,38.258315],[-104.427984,38.259077],[-104.424833,38.259565],[-104.422877,38.259173],[-104.421937,38.257959],[-104.422148,38.255996],[-104.421679,38.255251],[-104.416183,38.253945],[-104.414015,38.252664],[-104.410102,38.251759],[-104.407335,38.250312],[-104.404477,38.249734],[-104.402481,38.249952],[-104.399964,38.249332],[-104.399018,38.248259],[-104.397002,38.24796],[-104.392817,38.248036],[-104.390828,38.24813],[-104.385772,38.249346],[-104.383516,38.248802],[-104.382685,38.24678],[-104.382828,38.244738],[-104.380716,38.24413],[-104.37245,38.245478],[-104.37085,38.245143],[-104.369155,38.244133],[-104.367898,38.242872],[-104.365014,38.242156],[-104.362774,38.242891],[-104.360406,38.241544],[-104.355163,38.242216],[-104.349076,38.242215],[-104.34523,38.243791],[-104.344111,38.244911],[-104.34414,38.246917],[-104.345596,38.249732],[-104.344936,38.252121],[-104.342797,38.253383],[-104.341222,38.253493],[-104.335901,38.252586],[-104.332541,38.251546],[-104.327774,38.250517],[-104.325319,38.249032],[-104.323476,38.246298],[-104.322632,38.245661],[-104.319854,38.245754],[-104.315939,38.246884],[-104.3138,38.246807],[-104.312434,38.245648],[-104.311512,38.24526],[-104.310265,38.244892],[-104.307789,38.245314],[-104.293818,38.245425],[-104.284964,38.245391],[-104.284733,38.237142],[-104.282348,38.236806],[-104.279089,38.237125],[-104.276749,38.236833],[-104.27397,38.234798],[-104.272307,38.233882],[-104.268334,38.233349],[-104.266665,38.234035],[-104.264934,38.234207],[-104.261491,38.233423],[-104.257314,38.232608],[-104.254731,38.233145],[-104.255419,38.231598],[-104.256725,38.230822],[-104.259591,38.22709],[-104.261406,38.225494],[-104.261309,38.22539],[-104.264819,38.223632],[-104.268806,38.221087],[-104.272376,38.217507],[-104.273086,38.216047],[-104.27763,38.21242],[-104.281309,38.210892],[-104.285273,38.208546],[-104.287027,38.206332],[-104.291772,38.201998],[-104.294251,38.200254],[-104.29811,38.199997],[-104.301931,38.199467],[-104.303854,38.198618],[-104.30504,38.197281],[-104.305204,38.196019],[-104.307005,38.192948],[-104.307036,38.191343],[-104.306879,38.18903],[-104.305988,38.188058],[-104.305915,38.18609],[-104.307276,38.183068],[-104.310219,38.182382],[-104.313198,38.179299],[-104.313595,38.178064],[-104.31325,38.176867],[-104.314564,38.174914],[-104.31586,38.172002],[-104.318123,38.169399],[-104.321217,38.166227],[-104.323767,38.165164],[-104.327829,38.163397],[-104.329813,38.162278],[-104.332341,38.160645],[-104.334514,38.157597],[-104.335589,38.154207],[-104.335912,38.151355],[-104.338161,38.150484],[-104.340066,38.147764],[-104.341679,38.147419],[-104.339366,38.147433],[-104.343475,38.146092],[-104.345736,38.144492],[-104.348071,38.142377],[-104.349794,38.140074],[-104.352242,38.137933],[-104.353372,38.13586],[-104.357353,38.133866],[-104.360841,38.132332],[-104.362993,38.130404],[-104.363105,38.12925],[-104.364761,38.127717],[-104.366453,38.125585],[-104.367522,38.12479],[-104.368221,38.122554],[-104.366076,38.118297],[-104.366958,38.11611],[-104.366915,38.113912],[-104.368304,38.111445],[-104.368288,38.109456],[-104.369254,38.108313],[-104.369476,38.10717],[-104.368731,38.106335],[-104.370092,38.104533],[-104.371907,38.104554],[-104.373282,38.10279],[-104.373351,38.100916],[-104.374154,38.097372],[-104.373957,38.094625],[-104.377908,38.091927],[-104.379439,38.090637],[-104.383104,38.088699],[-104.383723,38.087425],[-104.383198,38.083634],[-104.383414,38.082794],[-104.38179,38.080112],[-104.379949,38.078842],[-104.379631,38.076814],[-104.380279,38.074798],[-104.381927,38.073541],[-104.383914,38.073635],[-104.38859,38.075769],[-104.391356,38.07616],[-104.393686,38.074161],[-104.39434,38.072607],[-104.399783,38.070598],[-104.403153,38.071291],[-104.404606,38.070715],[-104.405385,38.069638],[-104.408798,38.067645],[-104.409459,38.06664],[-104.410995,38.065635],[-104.411176,38.063915],[-104.410184,38.060706],[-104.410602,38.058228],[-104.411633,38.056956],[-104.416933,38.059499],[-104.416947,38.0614],[-104.418917,38.06424],[-104.420357,38.065913],[-104.434825,38.082183],[-104.447334,38.096126],[-104.451558,38.100728],[-104.454361,38.103754],[-104.460663,38.110578],[-104.460954,38.110892],[-104.466387,38.116789],[-104.473654,38.125388],[-104.478773,38.131554],[-104.47965,38.1326],[-104.485703,38.139806],[-104.485779,38.139896],[-104.491382,38.146461],[-104.506583,38.164053],[-104.510322,38.168852],[-104.512167,38.171338],[-104.519566,38.183269],[-104.521582,38.186598],[-104.527534,38.197525],[-104.530221,38.203362],[-104.530436,38.204804],[-104.53107,38.206355],[-104.534522,38.209262],[-104.535324,38.207653],[-104.538478,38.206242],[-104.540595,38.204989],[-104.541591,38.205001],[-104.541667,38.20588],[-104.540643,38.206874],[-104.541876,38.207292],[-104.54441,38.207204],[-104.546813,38.205293],[-104.547872,38.203029],[-104.544934,38.201677],[-104.547336,38.200546],[-104.549536,38.200348],[-104.552677,38.195338],[-104.554682,38.193877],[-104.556854,38.192899],[-104.559743,38.192773],[-104.559903,38.193998],[-104.561574,38.193866],[-104.562124,38.190971],[-104.563454,38.190872],[-104.566496,38.191306],[-104.568355,38.192432],[-104.572506,38.191218],[-104.576172,38.189789],[-104.578873,38.1883],[-104.57867,38.187212],[-104.58002,38.183701],[-104.582902,38.18275],[-104.585296,38.183788],[-104.588554,38.183667],[-104.588783,38.183244],[-104.587919,38.180398],[-104.585302,38.179492],[-104.583409,38.180124],[-104.582372,38.179262],[-104.582573,38.177471],[-104.583749,38.176245],[-104.586874,38.176091],[-104.588349,38.175349],[-104.585913,38.174091],[-104.585933,38.172108],[-104.587179,38.17152],[-104.59038,38.171431],[-104.59196,38.171749],[-104.592976,38.171332],[-104.59365,38.169557],[-104.59255,38.167392],[-104.593223,38.165259],[-104.594094,38.165151],[-104.595841,38.16593],[-104.598047,38.165842],[-104.598373,38.164611],[-104.599994,38.163209],[-104.601495,38.159786],[-104.602539,38.159181],[-104.604173,38.157181],[-104.607637,38.155065],[-104.616035,38.155265],[-104.615682,38.158853],[-104.61572,38.158851],[-104.615644,38.160181],[-104.615603,38.160895],[-104.616053,38.160841],[-104.616093,38.16085],[-104.61613,38.160306],[-104.616141,38.160152],[-104.616151,38.160002],[-104.616451,38.159986],[-104.61805,38.159898],[-104.619775,38.159761],[-104.636034,38.158904],[-104.636031,38.159075],[-104.635847,38.169595],[-104.637011,38.169612],[-104.641524,38.163018],[-104.642874,38.160645],[-104.643927,38.159742],[-104.643902,38.155583],[-104.648149,38.155608],[-104.648624,38.155623],[-104.655809,38.147774],[-104.669327,38.13016],[-104.670278,38.12827],[-104.67109,38.124557],[-104.671397,38.121052],[-104.672216,38.117248],[-104.673749,38.114417],[-104.676726,38.110501],[-104.689575,38.096529],[-104.704891,38.079989],[-104.706997,38.077041],[-104.714585,38.06333],[-104.715816,38.061568],[-104.722465,38.054131],[-104.726756,38.049003],[-104.728824,38.045133],[-104.729447,38.042276],[-104.730145,38.034267],[-104.73061,38.031986],[-104.73139,38.030026],[-104.733426,38.026902],[-104.737157,38.022536],[-104.73698,38.022457],[-104.734112,38.022698],[-104.732006,38.022814],[-104.731069,38.022204],[-104.728798,38.022683],[-104.728082,38.021909],[-104.732331,38.019199],[-104.737031,38.016664],[-104.73801,38.0159],[-104.739649,38.016207],[-104.740565,38.015487],[-104.741072,38.013402],[-104.740708,38.011822],[-104.740936,38.010366],[-104.742435,38.008068],[-104.74372,38.008277],[-104.744933,38.005968],[-104.744543,38.004815],[-104.744806,38.003381],[-104.746242,38.002166],[-104.747603,38.001797],[-104.750107,37.999848],[-104.752779,37.99865],[-104.752384,37.997304],[-104.756435,37.994031],[-104.754998,37.993124],[-104.755749,37.991982],[-104.756783,37.992559],[-104.758283,37.992455],[-104.757797,37.99206],[-104.757542,37.990082],[-104.759597,37.990077],[-104.758917,37.988775],[-104.761111,37.988287],[-104.760647,37.987638],[-104.762536,37.986419],[-104.761822,37.984166],[-104.760747,37.982803],[-104.761581,37.981743],[-104.760541,37.980583],[-104.761686,37.980771],[-104.761215,37.979721],[-104.761376,37.977622],[-104.760522,37.977105],[-104.760144,37.973226],[-104.76086,37.971315],[-104.760271,37.969919],[-104.760841,37.968221],[-104.759135,37.967056],[-104.759497,37.96599],[-104.758991,37.965122],[-104.76022,37.964078],[-104.758542,37.962094],[-104.760299,37.960705],[-104.761103,37.961238],[-104.761728,37.960118],[-104.763679,37.959294],[-104.763034,37.958256],[-104.765333,37.956081],[-104.766096,37.956268],[-104.767873,37.955389],[-104.76813,37.954697],[-104.770865,37.953836],[-104.771898,37.954144],[-104.773454,37.953135],[-104.774553,37.952351],[-104.77752,37.951195],[-104.776501,37.948959],[-104.777037,37.947585],[-104.777647,37.948009],[-104.779611,37.946954],[-104.780722,37.945702],[-104.782012,37.945224],[-104.784503,37.945335],[-104.785322,37.943692],[-104.78637,37.943148],[-104.788438,37.94289],[-104.789188,37.941781],[-104.789556,37.939995],[-104.790458,37.938314],[-104.79186,37.936996],[-104.791984,37.923263],[-104.802129,37.923491],[-104.806492,37.923574],[-104.807786,37.923575],[-104.809281,37.922894],[-104.809746,37.921251],[-104.811792,37.919894],[-104.812007,37.918899],[-104.813352,37.918515],[-104.815593,37.918701],[-104.817909,37.917454],[-104.818443,37.916009],[-104.820413,37.915113],[-104.821085,37.915932],[-104.823221,37.914987],[-104.824317,37.914981],[-104.825575,37.914059],[-104.827632,37.913079],[-104.828581,37.910206],[-104.828853,37.906512],[-104.828804,37.894199],[-104.828794,37.891127],[-104.829089,37.891111],[-104.846232,37.890199],[-104.855995,37.88974],[-104.868344,37.889185],[-104.875542,37.888681],[-104.901389,37.887317],[-104.921221,37.886358],[-104.945777,37.885062],[-104.946666,37.885124],[-104.9483,37.885001],[-104.987748,37.882841],[-105.013729,37.881271],[-105.013729,37.881011],[-105.013791,37.856086],[-105.013809,37.84888],[-105.013925,37.790492],[-105.013969,37.784668],[-105.014103,37.744713],[-105.014109,37.727922],[-105.013966,37.727746],[-105.014112,37.727476],[-105.014115,37.726106],[-105.014116,37.72574],[-105.013976,37.725637],[-105.011081,37.724512],[-105.009031,37.724512],[-105.005997,37.726159],[-105.003663,37.727141],[-105.000648,37.727078],[-104.978345,37.721332],[-104.976927,37.720905],[-104.97402,37.719712],[-104.97153,37.718234],[-104.96906,37.716236],[-104.966074,37.714905],[-104.960602,37.714621],[-104.95684,37.713717],[-104.938567,37.7061],[-104.93549,37.705137],[-104.931393,37.704508],[-104.927662,37.704365],[-104.921229,37.704147],[-104.919141,37.70444],[-104.916172,37.706051],[-104.912409,37.708807],[-104.905783,37.712844],[-104.90224,37.714391],[-104.897718,37.716244],[-104.885318,37.718702],[-104.883708,37.718426],[-104.880063,37.716995],[-104.878296,37.715645],[-104.876684,37.711493],[-104.875897,37.710447],[-104.872255,37.70757],[-104.868631,37.704138],[-104.865887,37.701509],[-104.858242,37.693364],[-104.857885,37.692964],[-104.852037,37.686342],[-104.845301,37.677218],[-104.844687,37.676544],[-104.841134,37.673052],[-104.8361,37.668098],[-104.834067,37.665918],[-104.822464,37.652687],[-104.822669,37.652527],[-104.823176,37.650406],[-104.82154,37.647589],[-104.819458,37.645123],[-104.817056,37.640994],[-104.816023,37.640376],[-104.814887,37.639346],[-104.812168,37.639464],[-104.809505,37.63881],[-104.807998,37.637586],[-104.804038,37.63567],[-104.802042,37.635392],[-104.798638,37.635454],[-104.798664,37.634857],[-104.79566,37.634779],[-104.795809,37.632277],[-104.795507,37.632231],[-104.796242,37.625033],[-104.795715,37.624383],[-104.795712,37.624131],[-104.794882,37.624037],[-104.793644,37.624064],[-104.792385,37.624136],[-104.791207,37.62415],[-104.791237,37.623],[-104.794336,37.619525],[-104.795894,37.618618],[-104.795855,37.617563],[-104.795891,37.617033],[-104.795931,37.616514],[-104.791317,37.616263],[-104.784708,37.616279],[-104.776401,37.616478],[-104.77557,37.615616],[-104.780177,37.612389],[-104.782307,37.611451],[-104.78366,37.610307],[-104.787287,37.608087],[-104.789516,37.60386],[-104.789903,37.601061],[-104.795929,37.598085],[-104.799758,37.594897],[-104.803341,37.592671],[-104.804843,37.591247],[-104.805104,37.588459],[-104.807777,37.584436],[-104.809482,37.58259],[-104.811164,37.581719],[-104.813664,37.579564],[-104.815158,37.57784],[-104.817537,37.576571],[-104.819254,37.575006],[-104.819709,37.573871],[-104.822328,37.572556],[-104.824281,37.570582],[-104.825318,37.570256],[-104.825671,37.568743],[-104.825374,37.566218],[-104.826788,37.560325],[-104.827232,37.555326],[-104.828568,37.550864],[-104.831399,37.545983],[-104.833005,37.544415],[-104.837529,37.538518],[-104.84037,37.535403],[-104.844186,37.531902],[-104.845969,37.530892],[-104.850057,37.529131],[-104.851786,37.527646],[-104.854748,37.526079],[-104.856282,37.525225],[-104.858698,37.522684],[-104.862475,37.516916],[-104.86468,37.514403],[-104.866933,37.513166],[-104.868285,37.511889],[-104.868547,37.510522],[-104.871332,37.508794],[-104.873093,37.507135],[-104.874799,37.504897],[-104.875001,37.50312],[-104.875555,37.502713],[-104.876046,37.502009],[-104.876801,37.498484],[-104.877458,37.497301],[-104.877996,37.494825],[-104.87889,37.492792],[-104.882225,37.489903],[-104.882116,37.487298],[-104.883096,37.484669],[-104.884721,37.482454],[-104.886934,37.477033],[-104.886288,37.476045],[-104.887383,37.473992],[-104.888589,37.473722],[-104.89177,37.470545],[-104.894302,37.468721],[-104.898351,37.465292],[-104.900006,37.461531],[-104.90401,37.456476],[-104.905604,37.455188],[-104.90896,37.453074],[-104.909819,37.450761],[-104.90945,37.448278],[-104.912044,37.443479],[-104.912166,37.442325],[-104.916031,37.437771],[-104.917191,37.435648],[-104.917922,37.433062],[-104.917827,37.431931],[-104.918763,37.430757],[-104.919359,37.428628],[-104.920996,37.425542],[-104.921495,37.423523],[-104.921339,37.421342],[-104.922918,37.420328],[-104.923353,37.419838],[-104.924046,37.415692],[-104.923742,37.41479],[-104.923565,37.411311],[-104.922844,37.408886],[-104.922926,37.406173],[-104.92371,37.403713],[-104.92332,37.402046],[-104.92356,37.400947],[-104.924936,37.398372],[-104.925753,37.397048],[-104.930553,37.39618],[-104.932557,37.395412],[-104.935271,37.392485],[-104.937152,37.389972],[-104.938861,37.389209],[-104.940629,37.38925],[-104.944906,37.390499],[-104.946736,37.391446],[-104.948319,37.390684],[-104.952631,37.389715],[-104.954715,37.388778],[-104.956746,37.387371],[-104.958882,37.384989],[-104.962434,37.381914],[-104.967033,37.378723],[-104.969285,37.377783],[-104.971228,37.376243],[-104.975782,37.376747],[-104.976869,37.376429],[-104.980033,37.374241],[-104.983527,37.373388],[-104.986813,37.37432],[-104.988335,37.375554],[-104.989901,37.375968],[-104.994736,37.375829],[-104.995505,37.375551],[-105.00123,37.368551],[-105.002278,37.366859],[-105.003687,37.3658],[-105.004788,37.363173],[-105.006633,37.362692],[-105.008724,37.361333],[-105.010611,37.35948],[-105.012859,37.35839],[-105.016141,37.358358],[-105.017676,37.357018],[-105.021454,37.356241],[-105.023523,37.356932],[-105.023589,37.354601],[-105.024502,37.351705],[-105.024591,37.34849],[-105.019547,37.346074],[-105.017028,37.345419],[-105.015588,37.343065],[-105.01382,37.342946],[-105.011059,37.343952],[-105.009948,37.341616],[-105.008156,37.340392],[-105.005735,37.336818],[-105.005778,37.336333],[-105.008578,37.334615],[-105.010807,37.333703],[-105.012825,37.331586],[-105.010766,37.32919],[-105.015477,37.329063],[-105.017623,37.32854],[-105.01714,37.327384],[-105.014511,37.324925],[-105.01349,37.322305],[-105.016392,37.321579],[-105.017605,37.321582],[-105.020734,37.322298],[-105.021918,37.322254],[-105.023638,37.321408],[-105.023412,37.32012],[-105.023382,37.318431],[-105.022408,37.317539],[-105.021032,37.317516],[-105.021421,37.316273],[-105.023354,37.31623],[-105.025959,37.315291],[-105.02564,37.314196],[-105.023252,37.315075],[-105.021201,37.31453],[-105.019401,37.312742],[-105.019624,37.311857],[-105.018012,37.310412],[-105.014749,37.309954],[-105.012578,37.310545],[-105.010932,37.310902],[-105.008486,37.313456],[-105.007293,37.314109],[-105.004965,37.313945],[-105.002593,37.312709],[-104.999989,37.313088],[-104.997765,37.312737],[-104.996888,37.312981],[-104.996753,37.314251],[-104.994345,37.313867],[-104.99379,37.314227],[-104.991557,37.31414],[-104.987339,37.313266],[-104.984258,37.312376],[-104.984665,37.314811],[-104.980644,37.314057],[-104.977662,37.312501],[-104.976963,37.311401],[-104.973065,37.307811],[-104.970366,37.307024],[-104.965851,37.303302],[-104.964395,37.302589],[-104.963046,37.301301],[-104.96076,37.300344],[-104.956636,37.300187],[-104.953069,37.299105],[-104.947507,37.295985],[-104.943879,37.294832],[-104.939665,37.294109],[-104.937139,37.294459],[-104.933496,37.294593],[-104.932563,37.293542],[-104.930657,37.2931],[-104.925645,37.292817],[-104.920344,37.293547],[-104.917878,37.292942],[-104.913316,37.293268],[-104.911441,37.292819],[-104.910553,37.293167],[-104.907744,37.293239],[-104.905534,37.29274],[-104.907095,37.292677],[-104.906399,37.291951],[-104.901775,37.292345],[-104.901846,37.291556],[-104.903435,37.290711],[-104.904347,37.289481],[-104.908755,37.287476],[-104.907899,37.287214],[-104.905175,37.287566],[-104.90365,37.287273],[-104.902318,37.2878],[-104.901281,37.289254],[-104.899361,37.28809],[-104.899611,37.28671],[-104.900975,37.285722],[-104.905964,37.285111],[-104.908845,37.284019],[-104.909842,37.283168],[-104.907905,37.28233],[-104.907603,37.281335],[-104.905417,37.280357],[-104.902016,37.280665],[-104.899807,37.280383],[-104.897995,37.2793],[-104.899024,37.277895],[-104.899181,37.276683],[-104.898156,37.275059],[-104.898573,37.273847],[-104.89791,37.273479],[-104.896621,37.274374],[-104.896014,37.273145],[-104.872283,37.266049],[-104.86886,37.26436],[-104.868292,37.263319],[-104.867845,37.262015],[-104.865728,37.260262],[-104.86527,37.259136],[-104.861992,37.258016],[-104.858339,37.257359],[-104.858148,37.256289],[-104.856458,37.25529],[-104.854554,37.256079],[-104.854485,37.25672],[-104.852704,37.257537],[-104.853495,37.258681],[-104.851163,37.258945],[-104.853365,37.259774],[-104.852842,37.261087],[-104.851109,37.261911],[-104.849976,37.263331],[-104.848857,37.265572],[-104.846654,37.268901],[-104.844405,37.271293],[-104.844183,37.273913],[-104.839459,37.275371],[-104.838966,37.276936],[-104.836769,37.277234],[-104.835942,37.277733],[-104.834258,37.281741],[-104.831397,37.284978],[-104.827668,37.288682],[-104.828012,37.289784],[-104.826415,37.28982],[-104.821443,37.293452],[-104.820687,37.294732],[-104.817603,37.296559],[-104.817039,37.29757],[-104.814319,37.298239],[-104.813193,37.299634],[-104.810669,37.301701],[-104.808551,37.302044],[-104.804342,37.304734],[-104.801693,37.305959],[-104.799149,37.30657],[-104.796319,37.306322],[-104.791141,37.305211],[-104.788999,37.305534],[-104.786187,37.306551],[-104.782739,37.307197],[-104.77909,37.308606],[-104.776282,37.308953],[-104.772842,37.308742],[-104.770737,37.310083],[-104.769632,37.311952],[-104.766515,37.312509],[-104.763165,37.314303],[-104.758828,37.314716],[-104.757169,37.315631],[-104.752702,37.317161],[-104.750354,37.316037],[-104.749526,37.312356],[-104.7482,37.3115],[-104.747209,37.311774],[-104.745001,37.310799],[-104.74109,37.311349],[-104.740191,37.311962],[-104.737784,37.311488],[-104.734741,37.311679],[-104.730902,37.311101],[-104.728347,37.309952],[-104.724773,37.310032],[-104.723888,37.3086],[-104.722447,37.308276],[-104.721251,37.308187],[-104.718675,37.308867],[-104.716501,37.309218],[-104.712079,37.306545],[-104.709276,37.306572],[-104.705724,37.308498],[-104.703598,37.308916],[-104.701411,37.309796],[-104.695329,37.313153],[-104.693724,37.312759],[-104.692104,37.313163],[-104.690565,37.314666],[-104.688114,37.315846],[-104.686939,37.316965],[-104.685218,37.317884],[-104.683663,37.31804],[-104.683873,37.319768],[-104.683637,37.322334],[-104.68433,37.323996],[-104.683635,37.324953],[-104.681947,37.325443],[-104.680849,37.326797],[-104.679497,37.327603],[-104.678534,37.331011],[-104.677399,37.332584],[-104.674897,37.334794],[-104.671161,37.336782],[-104.667864,37.338911],[-104.665226,37.339695],[-104.660991,37.339783],[-104.659908,37.340033],[-104.657259,37.341057],[-104.65429,37.341721],[-104.649178,37.343497],[-104.648033,37.344753],[-104.640067,37.345993],[-104.637498,37.34706],[-104.634852,37.34723],[-104.633931,37.346936],[-104.63155,37.344124],[-104.629733,37.342432],[-104.624771,37.338725],[-104.623599,37.338413],[-104.62178,37.33714],[-104.620139,37.336575],[-104.616343,37.336136],[-104.613183,37.335548],[-104.60785,37.335041],[-104.599735,37.33629],[-104.595776,37.337934],[-104.593869,37.338314],[-104.58432,37.338462],[-104.568137,37.338742],[-104.567219,37.338733],[-104.566915,37.338737],[-104.558483,37.324281],[-104.555856,37.320374],[-104.555283,37.319835],[-104.549594,37.31458],[-104.526459,37.293371],[-104.515934,37.283715],[-104.515125,37.282796],[-104.508787,37.27449],[-104.504983,37.267107],[-104.501104,37.255781],[-104.500609,37.253584],[-104.498849,37.244812],[-104.498288,37.243573],[-104.494697,37.239566],[-104.492548,37.23479],[-104.491796,37.232118],[-104.491634,37.229761],[-104.492086,37.226228],[-104.493314,37.218805],[-104.493783,37.218781],[-104.497587,37.196381],[-104.497137,37.196297],[-104.494334,37.196201],[-104.492999,37.193389],[-104.492472,37.191882],[-104.492778,37.189763],[-104.493496,37.188597],[-104.496176,37.185216],[-104.496719,37.184124],[-104.495664,37.183879],[-104.4947,37.183635],[-104.492222,37.182885],[-104.492541,37.181309],[-104.491217,37.180324],[-104.492993,37.177695],[-104.493455,37.176638],[-104.494737,37.17584],[-104.497971,37.173485],[-104.499136,37.173009],[-104.49851,37.172033],[-104.49801,37.171259],[-104.496802,37.17169],[-104.49517,37.172267],[-104.494239,37.172227],[-104.493698,37.169811],[-104.493583,37.166981],[-104.493756,37.16607],[-104.493241,37.16606],[-104.492646,37.166049],[-104.492064,37.166037],[-104.491073,37.166018],[-104.486593,37.165986],[-104.48633,37.172571],[-104.484756,37.171818],[-104.48483,37.167715],[-104.482892,37.167657],[-104.482588,37.168571],[-104.482498,37.168574],[-104.482299,37.168582],[-104.482232,37.168592],[-104.482144,37.168606],[-104.482098,37.168649],[-104.482079,37.168776],[-104.482073,37.168822],[-104.482071,37.169242],[-104.482079,37.169349],[-104.482085,37.169427],[-104.482144,37.169523],[-104.482261,37.169576],[-104.482608,37.169667],[-104.482726,37.169699],[-104.483529,37.171646],[-104.481892,37.172763],[-104.47653,37.175054],[-104.475105,37.173372],[-104.477248,37.170389],[-104.477682,37.16844],[-104.479512,37.165484],[-104.481572,37.163072],[-104.480774,37.160981],[-104.482147,37.159218],[-104.483348,37.158581],[-104.485287,37.156063],[-104.484858,37.152516],[-104.483304,37.152096],[-104.4813,37.150294],[-104.480072,37.148558],[-104.480684,37.147083],[-104.480172,37.145183],[-104.478631,37.141778],[-104.473462,37.137287],[-104.470138,37.135766],[-104.467608,37.133506],[-104.466739,37.132288],[-104.465941,37.13214],[-104.466334,37.127855],[-104.466074,37.126921],[-104.46659,37.124296],[-104.465345,37.121189],[-104.465253,37.118748],[-104.464305,37.115718],[-104.464574,37.115065],[-104.463424,37.114436],[-104.461046,37.11118],[-104.461994,37.107503],[-104.461603,37.106362],[-104.459962,37.104897],[-104.459376,37.103824],[-104.457766,37.102547],[-104.457434,37.101378],[-104.45777,37.096735],[-104.455918,37.092563],[-104.456373,37.089894],[-104.455615,37.08763],[-104.452557,37.085318],[-104.451757,37.084265],[-104.449241,37.077511],[-104.445157,37.067386],[-104.444325,37.065583],[-104.443954,37.062835],[-104.444412,37.059698],[-104.443469,37.057935],[-104.44184,37.056241],[-104.439383,37.054295],[-104.435669,37.051822],[-104.435184,37.049578],[-104.436755,37.047266],[-104.436785,37.046007],[-104.435785,37.044107],[-104.436128,37.043855],[-104.435242,37.041337],[-104.433729,37.039574],[-104.433185,37.03694],[-104.434642,37.036002],[-104.434699,37.033666],[-104.433957,37.031743],[-104.434899,37.02927],[-104.433328,37.024256],[-104.432557,37.023454],[-104.431244,37.017501],[-104.430301,37.016356],[-104.429987,37.014456],[-104.428617,37.011525],[-104.42719,37.009625],[-104.427304,37.007701],[-104.428589,37.006054],[-104.430016,37.005344],[-104.42973,37.004154],[-104.430301,37.002665],[-104.432112,37.002191],[-104.43091,37.000217],[-104.432999,37.0002],[-104.433074,36.99946],[-104.431778,36.997869],[-104.432547,36.9959],[-104.434216,36.995307],[-104.433987,36.993738],[-104.429821,36.993751],[-104.413528,36.993594],[-104.408313,36.993474],[-104.375538,36.993524],[-104.367159,36.993451],[-104.36637,36.993464],[-104.338833,36.993535],[-104.321971,36.993887],[-104.317186,36.993912],[-104.296505,36.994106],[-104.250536,36.994644],[-104.232263,36.994761],[-104.218902,36.994843],[-104.215634,36.994754],[-104.172646,36.995109],[-104.146069,36.99526],[-104.12553,36.995355],[-104.125176,36.995411],[-104.096455,36.995612],[-104.095651,36.995618],[-104.056525,36.995894],[-104.040332,36.996007],[-104.007851,36.996134],[-103.99345,36.996218],[-103.971509,36.996402],[-103.91849,36.996731],[-103.868847,36.997139],[-103.868263,36.997145],[-103.83317,36.997208],[-103.796642,36.997431],[-103.782671,36.99755],[-103.737788,36.997989],[-103.702832,36.998134],[-103.682962,36.998271],[-103.639111,36.99851],[-103.625507,36.998629],[-103.599376,36.998714],[-103.560191,36.998833],[-103.523979,36.998965],[-103.500084,36.999097],[-103.487894,36.999143],[-103.478361,36.999158],[-103.432357,36.999236],[-103.425684,36.999269],[-103.408135,36.999347],[-103.377734,36.999444],[-103.342962,36.999436],[-103.305731,36.999548],[-103.239641,36.99963],[-103.2005,36.999825],[-103.127569,37.000138],[-103.102485,37.000196],[-103.086102,37.000188],[-103.037445,37.000078],[-103.002329,37.00015],[-102.997849,36.999725],[-102.986976,36.998524],[-102.979613,36.998549],[-102.964612,36.998718],[-102.936272,36.998992],[-102.886687,36.999511],[-102.875481,36.999628],[-102.86545,36.999591],[-102.841921,36.9996],[-102.829465,36.999731],[-102.815074,36.999774],[-102.793627,36.999374],[-102.784708,36.999133],[-102.752141,36.998341],[-102.74206,36.997689],[-102.70581,36.995568],[-102.698142,36.995149],[-102.662122,36.995271],[-102.651431,36.995047],[-102.625471,36.995036],[-102.57091,36.995134],[-102.541817,36.994905],[-102.524683,36.994871],[-102.500467,36.994967],[-102.44629,36.994744],[-102.434251,36.994827],[-102.38858,36.994776],[-102.375461,36.99458],[-102.355367,36.994575],[-102.343778,36.994409],[-102.325155,36.994348],[-102.307551,36.994276],[-102.285007,36.994152],[-102.270228,36.994325],[-102.260789,36.994388],[-102.252199,36.99417],[-102.248477,36.994198],[-102.235136,36.994012],[-102.208316,36.99373],[-102.184271,36.993593],[-102.125452,36.993347],[-102.084723,36.993234],[-102.077193,36.993084],[-102.054387,36.99313],[-102.042089,36.993016],[-102.04199,36.999179],[-102.04207,37.01832],[-102.042054,37.028334],[-102.041749,37.034397],[-102.04192,37.035083],[-102.042086,37.047344],[-102.042032,37.10514],[-102.041947,37.106954],[-102.041958,37.132209],[-102.041812,37.137368],[-102.041857,37.141522],[-102.04193,37.149175],[-102.041995,37.155944],[-102.042025,37.185429],[-102.041972,37.199583],[-102.041962,37.22191],[-102.04218,37.225661],[-102.042124,37.250021],[-102.041963,37.258164],[-102.041954,37.265571],[-102.041939,37.27234],[-102.041986,37.279331],[-102.041868,37.28603],[-102.041842,37.294754],[-102.041902,37.323876],[-102.041923,37.352659],[-102.042089,37.35283],[-102.041522,37.375021],[-102.041586,37.382661],[-102.04182,37.410149],[-102.041671,37.427534],[-102.041755,37.434855],[-102.04161,37.447601],[-102.041799,37.456298],[-102.04179,37.469415],[-102.04183,37.485133],[-102.041784,37.499798],[-102.041835,37.512386],[-102.042016,37.535261],[-102.041899,37.541186],[-102.041894,37.557977],[-102.041683,37.578556],[-102.041932,37.579047],[-102.041793,37.601234],[-102.041618,37.607868],[-102.041585,37.644282],[-102.041582,37.654495],[-102.041677,37.65868],[-102.041703,37.6829],[-102.041664,37.687487],[-102.041626,37.696699],[-102.041878,37.723965],[-102.042014,37.731128],[-102.042341,37.748207],[-102.042195,37.750031],[-102.042281,37.760295],[-102.042431,37.774526],[-102.042824,37.797113],[-102.042874,37.803552],[-102.042923,37.824273],[-102.043161,37.844658],[-102.043195,37.867896],[-102.043185,37.87502],[-102.043859,37.92665],[-102.043846,37.928233],[-102.044515,37.984575],[-102.044581,38.024643],[-102.044601,38.029734],[-102.04461,38.030195],[-102.044615,38.030802],[-102.044708,38.041257],[-102.044655,38.044732],[-102.044624,38.048048],[-102.044429,38.075055],[-102.044258,38.112946],[-102.044287,38.13444],[-102.044251,38.141778],[-102.044368,38.144372],[-102.044406,38.158874],[-102.044307,38.175559],[-102.0443,38.18744],[-102.044363,38.210824],[-102.044482,38.22465],[-102.04445,38.244695],[-102.04479,38.249028],[-102.044833,38.261283],[-102.044464,38.262412],[-102.044475,38.268749],[-102.044523,38.283116],[-102.044584,38.283176],[-102.044541,38.29841],[-102.044439,38.304352],[-102.044612,38.312324],[-102.044524,38.349174],[-102.044676,38.356184],[-102.044945,38.384432],[-102.044804,38.384636],[-102.044927,38.393314],[-102.044825,38.404272],[-102.044804,38.419676],[-102.044947,38.420961],[-102.044977,38.427952],[-102.044728,38.441346],[-102.045052,38.460822],[-102.045043,38.468527],[-102.045008,38.472315],[-102.044975,38.485706],[-102.045045,38.510226],[-102.044916,38.529295],[-102.044883,38.55869],[-102.044888,38.566394],[-102.045178,38.577142],[-102.045146,38.588278],[-102.045248,38.588679],[-102.045206,38.60068],[-102.045074,38.602453],[-102.045082,38.615172],[-102.044792,38.61534],[-102.045115,38.629732],[-102.045109,38.65434],[-102.045207,38.658557],[-102.045075,38.669561],[-102.04516,38.675221],[-102.04521,38.70452],[-102.045395,38.742217],[-102.045287,38.755322],[-102.045385,38.783352],[-102.045334,38.799463],[-102.04544,38.812768],[-102.045395,38.825972],[-102.045409,38.842785],[-102.045369,38.857566],[-102.045577,38.873296],[-102.045458,38.875007],[-102.0456,38.886261],[-102.046042,38.973214],[-102.046046,38.981776],[-102.046282,39.000004],[-102.046571,39.047038],[-102.047012,39.121247],[-102.047105,39.125002],[-102.047305,39.148122],[-102.047717,39.214688],[-102.047841,39.234582],[-102.048017,39.243047],[-102.048074,39.249994],[-102.047901,39.253122],[-102.04822,39.274139],[-102.04853,39.302916],[-102.04856,39.314215],[-102.048679,39.329552],[-102.048681,39.32984],[-102.048667,39.331502],[-102.048681,39.332094],[-102.048884,39.35101],[-102.04893,39.359827],[-102.049088,39.374086],[-102.049204,39.374988],[-102.049158,39.403475],[-102.049031,39.403709],[-102.049079,39.418057],[-102.049371,39.418297],[-102.049506,39.465343],[-102.049592,39.471253],[-102.049341,39.471462],[-102.049406,39.47882],[-102.049749,39.500134],[-102.049565,39.506191],[-102.049673,39.536579],[-102.049552,39.538895],[-102.049755,39.56235],[-102.049764,39.56818],[-102.049806,39.574058],[-102.049992,39.592967],[-102.050246,39.611015],[-102.050297,39.640953],[-102.050419,39.645935],[-102.050245,39.646345],[-102.050095,39.654029],[-102.050283,39.657183],[-102.050505,39.66088],[-102.050598,39.676447],[-102.050745,39.707539],[-102.050642,39.71909],[-102.050956,39.751023],[-102.051007,39.7616],[-102.051128,39.790295],[-102.051254,39.819014],[-102.051318,39.833315],[-102.051363,39.843471],[-102.051666,39.847689],[-102.051488,39.859483],[-102.051357,39.874991],[-102.051504,39.907207],[-102.051515,39.920217],[-102.051726,39.978175],[-102.051726,39.97827],[-102.051726,39.978344],[-102.051721,39.985411],[-102.051759,40.013986],[-102.051791,40.03953],[-102.051823,40.064532],[-102.051824,40.064894],[-102.051832,40.06954],[-102.051832,40.069665],[-102.051832,40.070218],[-102.051858,40.088529],[-102.051826,40.112066],[-102.051838,40.124991],[-102.051972,40.148349],[-102.051766,40.148684],[-102.051721,40.16222],[-102.051911,40.162602],[-102.051653,40.178873],[-102.051858,40.184597],[-102.051833,40.191619],[-102.051971,40.201522],[-102.051881,40.208865],[-102.051707,40.212553],[-102.051933,40.217428],[-102.051613,40.223992],[-102.051777,40.227356],[-102.051495,40.229248],[-102.051542,40.235285],[-102.051726,40.242565],[-102.051639,40.264869],[-102.051509,40.298501],[-102.05138,40.322491],[-102.051309,40.338381],[-102.051797,40.360003],[-102.051555,40.374995],[-102.051444,40.393027],[-102.051475,40.39656],[-102.05163,40.411047],[-102.05153,40.418162],[-102.051465,40.440008],[-102.051499,40.449853],[-102.051509,40.465508],[-102.051381,40.481358],[-102.051323,40.483885],[-102.051274,40.48627],[-102.05131,40.488458],[-102.051554,40.500023],[-102.051515,40.52784],[-102.051523,40.556522],[-102.051516,40.563766],[-102.051504,40.570922],[-102.051537,40.581915],[-102.051491,40.614047],[-102.051486,40.64308],[-102.051481,40.657578],[-102.051439,40.672824],[-102.051482,40.686634],[-102.051446,40.720544],[-102.051416,40.749586],[-102.05143,40.757882],[-102.051432,40.758429],[-102.051414,40.764428],[-102.051429,40.778999],[-102.051434,40.793618],[-102.051447,40.808255],[-102.051461,40.822847],[-102.051495,40.852098],[-102.051513,40.867816],[-102.05153,40.881386],[-102.05154,40.893411],[-102.051541,40.925505],[-102.051562,40.954682],[-102.051567,40.969339],[-102.051558,40.983882],[-102.051563,40.999127],[-102.051717,41.002359],[-102.065554,41.002377],[-102.070284,41.002416],[-102.122047,41.002345],[-102.125089,41.002488],[-102.132913,41.002462],[-102.171012,41.002438],[-102.188651,41.002451],[-102.189273,41.00231],[-102.189866,41.002314],[-102.190375,41.002319],[-102.190993,41.002325],[-102.207763,41.00244],[-102.209083,41.002441],[-102.209361,41.002442],[-102.228993,41.002274],[-102.232276,41.002333],[-102.233028,41.002356],[-102.240748,41.00235],[-102.24866,41.002369],[-102.267928,41.002425],[-102.268012,41.002377],[-102.2721,41.002245],[-102.277863,41.002273],[-102.288185,41.002321],[-102.291354,41.002207],[-102.344872,41.002189],[-102.360659,41.002428],[-102.379695,41.002444],[-102.380219,41.002439],[-102.383402,41.002447],[-102.389849,41.002443],[-102.40257,41.002444],[-102.43065,41.002447],[-102.45965,41.002384],[-102.460334,41.002383],[-102.476809,41.002436],[-102.479266,41.00244],[-102.488076,41.002443],[-102.500466,41.00234],[-102.556721,41.0022],[-102.557505,41.002439],[-102.562266,41.002428],[-102.575496,41.0022],[-102.575738,41.002268],[-102.606929,41.002474],[-102.621033,41.002597],[-102.625468,41.002354],[-102.653463,41.002332],[-102.687911,41.002334],[-102.692348,41.002288],[-102.708659,41.002195],[-102.729722,41.002188],[-102.743133,41.002212],[-102.754586,41.00236],[-102.766606,41.002276],[-102.768857,41.002388],[-102.773561,41.002419],[-102.827237,41.002143],[-102.830303,41.00235],[-102.843799,41.002271],[-102.84644,41.002177],[-102.846543,41.002411],[-102.86577,41.001989],[-102.866083,41.002317],[-102.875551,41.002333],[-102.88559,41.002134],[-102.887281,41.002314],[-102.904875,41.002208],[-102.906358,41.002313],[-102.923973,41.002142],[-102.925567,41.00228],[-102.943159,41.00205],[-102.944829,41.002303],[-102.955106,41.002159],[-102.963669,41.002186],[-102.981518,41.002113],[-102.982714,41.002272],[-103.000967,41.002312],[-103.002088,41.002486],[-103.01953,41.002447],[-103.038704,41.002251],[-103.043444,41.002344],[-103.058534,41.002307],[-103.059626,41.00237],[-103.076787,41.002227],[-103.077803,41.002298],[-103.090257,41.002309],[-103.115004,41.002342],[-103.125489,41.002158],[-103.143641,41.002312],[-103.153364,41.002222],[-103.165265,41.002084],[-103.172646,41.002166],[-103.191798,41.002073],[-103.210741,41.002247],[-103.219415,41.002012],[-103.230077,41.002238],[-103.236283,41.002024],[-103.241775,41.002176],[-103.249006,41.00221],[-103.250483,41.001776],[-103.268279,41.00208],[-103.287047,41.002014],[-103.323871,41.00182],[-103.345511,41.001834],[-103.365314,41.001846],[-103.375487,41.002299],[-103.382492,41.002252],[-103.396989,41.002558],[-103.413395,41.001912],[-103.428676,41.00197],[-103.447943,41.00176],[-103.469785,41.001875],[-103.486697,41.001914],[-103.495917,41.001868],[-103.497545,41.001638],[-103.50047,41.001734],[-103.534886,41.001421],[-103.573774,41.001716],[-103.620216,41.001717],[-103.625494,41.001542],[-103.636282,41.001649],[-103.649212,41.001552],[-103.669054,41.001442],[-103.687745,41.001781],[-103.710058,41.001695],[-103.731239,41.001595],[-103.749378,41.001567],[-103.76334,41.001468],[-103.783162,41.00157],[-103.796086,41.001765],[-103.842737,41.001683],[-103.858449,41.001749],[-103.878255,41.001717],[-103.895629,41.001718],[-103.912075,41.001628],[-103.914845,41.001701],[-103.931992,41.001814],[-103.933182,41.001696],[-103.952127,41.001697],[-103.952368,41.001589],[-103.953269,41.001662],[-103.971529,41.001544],[-103.97224,41.001664],[-104.000503,41.001817],[-104.011008,41.001683],[-104.018223,41.001617],[-104.023383,41.001887],[-104.039238,41.001502],[-104.051529,41.001527],[-104.054077,41.001615],[-104.067013,41.001615],[-104.067016,41.001785],[-104.088854,41.00156],[-104.10459,41.001543],[-104.123823,41.001625],[-104.125505,41.001705],[-104.162579,41.001569],[-104.173436,41.00177],[-104.181665,41.001741],[-104.211441,41.00158],[-104.216456,41.001656],[-104.223289,41.001618],[-104.250507,41.00162],[-104.257569,41.001679],[-104.276867,41.001695],[-104.295812,41.001719],[-104.314663,41.001643],[-104.336984,41.00167],[-104.342366,41.001569],[-104.343578,41.00176],[-104.3461,41.001534],[-104.371258,41.001496],[-104.390476,41.001499],[-104.420552,41.001454],[-104.452883,41.001494],[-104.467672,41.001473],[-104.487217,41.001693],[-104.514559,41.001675],[-104.550139,41.001535],[-104.577579,41.001559],[-104.600077,41.001486],[-104.625519,41.001428],[-104.675999,41.000957],[-104.736562,41.000219],[-104.750523,40.999982],[-104.757151,40.999982],[-104.773018,40.999833],[-104.797867,40.999457],[-104.816284,40.999293],[-104.81831,40.999197],[-104.838689,40.998857],[-104.855273,40.998048],[-104.869223,40.998285],[-104.882452,40.998186],[-104.906329,40.998217],[-104.906648,40.99821],[-104.906905,40.998205],[-104.907683,40.998192],[-104.943371,40.998213],[-104.962578,40.998203],[-104.982147,40.998244],[-105.000526,40.998276],[-105.074809,40.998298],[-105.077014,40.998333],[-105.129402,40.99827],[-105.155054,40.998247],[-105.164199,40.998323],[-105.172911,40.998334],[-105.173721,40.998336],[-105.210413,40.998387],[-105.242649,40.998432],[-105.249138,40.998432],[-105.250425,40.998398],[-105.254844,40.998209],[-105.26971,40.998195],[-105.275285,40.998066],[-105.275603,40.998178],[-105.30577,40.998083],[-105.323451,40.998028],[-105.34427,40.997948],[-105.36355,40.997874],[-105.375542,40.997887],[-105.412721,40.997804],[-105.442122,40.997751],[-105.449421,40.997685],[-105.473108,40.997656],[-105.497579,40.997601],[-105.554325,40.9974],[-105.558052,40.997387],[-105.588623,40.997278],[-105.593861,40.99726],[-105.604728,40.997223],[-105.628474,40.997119],[-105.645468,40.997115],[-105.68162,40.997055],[-105.707294,40.996944],[-105.722907,40.996915],[-105.726441,40.996836],[-105.741364,40.996907],[-105.764383,40.996917],[-105.770148,40.996927],[-105.77055,40.996928],[-105.797731,40.996968],[-105.822732,40.997008],[-105.843402,40.997047],[-105.86199,40.997029],[-105.869507,40.997039],[-105.899713,40.997091],[-106.008698,40.997235],[-106.013941,40.997198],[-106.021142,40.997191],[-106.044026,40.99706],[-106.045096,40.997056],[-106.051683,40.997033],[-106.061181,40.996999],[-106.081401,40.997157],[-106.088733,40.997212],[-106.115004,40.997232],[-106.127888,40.997332],[-106.150074,40.997364],[-106.159211,40.997496],[-106.190554,40.997578],[-106.203007,40.997648],[-106.215123,40.997723],[-106.241549,40.99814],[-106.250377,40.998283],[-106.271246,40.998506],[-106.314218,40.998923],[-106.326456,40.999275],[-106.346414,40.999637],[-106.353966,40.999971],[-106.375567,41.00072],[-106.386356,41.001144],[-106.389557,41.0011],[-106.398637,41.001097],[-106.402896,41.001206],[-106.43095,41.001752],[-106.43129,41.001726],[-106.437419,41.001795],[-106.439563,41.001978],[-106.453757,41.002046],[-106.455715,41.002118],[-106.479013,41.002139],[-106.493979,41.00214],[-106.500588,41.001895],[-106.526278,41.001973],[-106.531882,41.001972],[-106.568816,41.002065],[-106.576194,41.002084],[-106.585955,41.002109],[-106.625592,41.00211],[-106.685346,41.00238],[-106.751902,41.002702],[-106.756624,41.00267],[-106.793124,41.002681],[-106.813933,41.002675],[-106.816398,41.002675],[-106.857773,41.002663],[-106.8756,41.002996],[-106.901302,41.003093],[-106.974153,41.003372],[-107.000606,41.003444],[-107.030615,41.003367],[-107.040237,41.003348],[-107.045163,41.003338],[-107.070255,41.003289],[-107.092001,41.003245],[-107.105746,41.003114],[-107.119879,41.003077],[-107.145517,41.00301],[-107.206969,41.002898],[-107.216571,41.002834],[-107.232441,41.002822],[-107.238114,41.002805],[-107.240693,41.002805],[-107.250612,41.002881],[-107.257882,41.002845],[-107.274964,41.002829],[-107.291968,41.002905],[-107.294688,41.002913],[-107.302937,41.002937],[-107.317794,41.00292],[-107.353777,41.002989],[-107.356813,41.003046],[-107.359378,41.003053],[-107.367488,41.003073],[-107.386192,41.003028],[-107.39864,41.002969],[-107.450128,41.002759],[-107.478678,41.002671],[-107.50062,41.002349],[-107.526638,41.002356],[-107.533126,41.002313],[-107.573624,41.002251],[-107.625649,41.002123],[-107.636509,41.002125],[-107.669596,41.002134],[-107.69141,41.00216],[-107.717602,41.00213],[-107.750627,41.001971],[-107.784142,41.001931],[-107.808128,41.001933],[-107.810988,41.001953],[-107.863262,41.001933],[-107.875632,41.002023],[-107.900799,41.002],[-107.916159,41.002049],[-107.922984,41.002012],[-107.97033,41.002012],[-108.000636,41.001814],[-108.024237,41.002064],[-108.04392,41.002064],[-108.046539,41.002064],[-108.089224,41.001578],[-108.089508,41.001233],[-108.105669,41.001391],[-108.122619,41.001198],[-108.126215,41.001276],[-108.148968,41.000966],[-108.169395,41.000595],[-108.181227,41.000455],[-108.206461,41.000412],[-108.209644,41.000329],[-108.222193,41.000396],[-108.228681,41.000319],[-108.24972,41.000362],[-108.250649,41.000114],[-108.277037,41.000093],[-108.300222,41.000073],[-108.363349,41.000023],[-108.375653,41.000013],[-108.426138,41.000054],[-108.460868,41.000082],[-108.496663,41.000109],[-108.519605,40.999962],[-108.526029,40.999592],[-108.530729,40.999645],[-108.538795,40.999721],[-108.557658,40.999622],[-108.561854,40.999962],[-108.598189,40.999962],[-108.625663,40.999962],[-108.631108,41.000156],[-108.643033,41.000147],[-108.654358,41.000138],[-108.671484,41.000125],[-108.711516,41.000092],[-108.740026,41.000069],[-108.750667,41.000187],[-108.780179,41.000114],[-108.787609,41.000155],[-108.801849,41.00019],[-108.817489,41.000105],[-108.822867,41.000153],[-108.849709,41.000114],[-108.85377,41.000031],[-108.859386,41.000126],[-108.875671,41.000166],[-108.884138,41.000094],[-108.943528,41.00033],[-109.000532,41.000558],[-109.024975,41.000459],[-109.050026,41.000691],[-109.049942,40.994908],[-109.049539,40.94273],[-109.049256,40.91152],[-109.049277,40.908646],[-109.049041,40.893666],[-109.048877,40.887761],[-109.048969,40.873008],[-109.048887,40.861918],[-109.048809,40.842647],[-109.048841,40.837821],[-109.048638,40.835112],[-109.048632,40.833989],[-109.048455,40.826081],[-109.048733,40.782694],[-109.048707,40.771538],[-109.048786,40.751433],[-109.049088,40.714503],[-109.04897,40.684994],[-109.048546,40.667469],[-109.048432,40.662601],[-109.048944,40.662601],[-109.048629,40.653602],[-109.04828,40.639732],[-109.047767,40.609879],[-109.048085,40.595109],[-109.048024,40.580562],[-109.048657,40.568553],[-109.049003,40.560427],[-109.049696,40.540997],[-109.049716,40.540399],[-109.049737,40.539785],[-109.050092,40.529198],[-109.050838,40.4719],[-109.051096,40.453495],[-109.051245,40.441599],[-109.051128,40.436417],[-109.05091,40.428183],[-109.050883,40.415013],[-109.050801,40.374967],[-109.050874,40.356365],[-109.050932,40.303034],[-109.051015,40.273323],[-109.050945,40.251964],[-109.050969,40.231111],[-109.050949,40.222647],[-109.050976,40.209204],[-109.050887,40.194351],[-109.050924,40.182614],[-109.050964,40.180806],[-109.05097,40.159242],[-109.050939,40.124385],[-109.051006,40.123348],[-109.050929,40.111105],[-109.050763,40.092604],[-109.050864,40.06383],[-109.050948,40.056318],[-109.050996,40.046486],[-109.050883,40.034983],[-109.050953,40.027517],[-109.050972,40.026364],[-109.051157,40.008238],[-109.050786,39.968397],[-109.050664,39.948594],[-109.050618,39.940771],[-109.05058,39.93199],[-109.050501,39.900049],[-109.050376,39.863637],[-109.050341,39.849354],[-109.050639,39.835874],[-109.050956,39.821031],[-109.051028,39.798883],[-109.051062,39.74643],[-109.051168,39.710229],[-109.051316,39.676029],[-109.051227,39.660466],[-109.051189,39.651152],[-109.051274,39.616742],[-109.051278,39.607114],[-109.051416,39.58871],[-109.051438,39.575837],[-109.051399,39.560886],[-109.051459,39.549313],[-109.051443,39.537936],[-109.051387,39.51655],[-109.051226,39.497739],[-109.051178,39.485711],[-109.051151,39.445241],[-109.051055,39.421761],[-109.050952,39.396715],[-109.050864,39.374976],[-109.050765,39.366677],[-109.050701,39.360945],[-109.051015,39.348205],[-109.051029,39.330962],[-109.051099,39.307326],[-109.051098,39.28662],[-109.05103,39.227126],[-109.051157,39.206665],[-109.051256,39.195503],[-109.051266,39.194249],[-109.051278,39.193258],[-109.051318,39.186613],[-109.051223,39.15331],[-109.051166,39.142603],[-109.051373,39.126096],[-109.051466,39.117679],[-109.051473,39.117065],[-109.051478,39.116505],[-109.051483,39.115949],[-109.051531,39.111697],[-109.051666,39.105097],[-109.051937,39.069425],[-109.052013,39.06606],[-109.052368,39.027494],[-109.052446,39.019575],[-109.052748,38.990717],[-109.053204,38.95319],[-109.053259,38.949039],[-109.053441,38.934605],[-109.053827,38.898124],[-109.054022,38.877161],[-109.054119,38.873532],[-109.05595,38.830689],[-109.057279,38.799544],[-109.058478,38.765783],[-109.05895,38.753405],[-109.059041,38.749524],[-109.059058,38.74898],[-109.059824,38.714746],[-109.059709,38.672604],[-109.059688,38.652017],[-109.059688,38.648597],[-109.059722,38.621622],[-109.059738,38.609505],[-109.059856,38.579395],[-109.059982,38.556332],[-109.060006,38.535908],[-109.060128,38.510605],[-109.060119,38.499989],[-109.06004,38.492849],[-109.060031,38.488664],[-109.059939,38.474274],[-109.060154,38.464694],[-109.060119,38.454301],[-109.06003,38.435584],[-109.060051,38.42916],[-109.060098,38.412193],[-109.060133,38.403572],[-109.060146,38.396734],[-109.060156,38.378484],[-109.060137,38.360278],[-109.06018,38.344908],[-109.060168,38.327595],[-109.060169,38.327299],[-109.060185,38.31867],[-109.060172,38.296472],[-109.060187,38.275528],[-109.056597,38.25325],[-109.054672,38.241069],[-109.051584,38.221356],[-109.050554,38.215013],[-109.04795,38.19845],[-109.047918,38.198401],[-109.046572,38.189641],[-109.042835,38.166268],[-109.042572,38.157016],[-109.042583,38.153028],[-109.042641,38.132194],[-109.0426,38.109519],[-109.042586,38.102735],[-109.04258,38.093799],[-109.041979,38.079557],[-109.042118,38.066133],[-109.042234,38.051098],[-109.042866,38.03642],[-109.042857,38.011046],[-109.042947,37.979906],[-109.042699,37.962845],[-109.042504,37.954918],[-109.04204,37.943812],[-109.042128,37.939193],[-109.042046,37.923409],[-109.042027,37.907691],[-109.041992,37.881083],[-109.042036,37.862963],[-109.041996,37.84271],[-109.041944,37.8265],[-109.041973,37.816483],[-109.04195,37.787583],[-109.042017,37.774997],[-109.042028,37.754454],[-109.042029,37.740254],[-109.041936,37.711178],[-109.041844,37.68779],[-109.041917,37.66938],[-109.041938,37.665787],[-109.041928,37.651204],[-109.04188,37.649654],[-109.041907,37.609573],[-109.041982,37.58701],[-109.041932,37.576253],[-109.041572,37.562138],[-109.041785,37.548003],[-109.04224,37.53011],[-109.042577,37.514018],[-109.043366,37.484818],[-109.043777,37.469035],[-109.044043,37.458345],[-109.044565,37.434107],[-109.044861,37.422442],[-109.045241,37.401036],[-109.045269,37.397424],[-109.04564,37.359723],[-109.045768,37.329259],[-109.045776,37.32686],[-109.045776,37.326753],[-109.04579,37.320781],[-109.045844,37.301995],[-109.045796,37.293415],[-109.045639,37.268247],[-109.045498,37.239902],[-109.03643,37.239949],[-109.036354,37.236175],[-109.022873,37.236283],[-109.013983,37.236313],[-109.008858,37.236325],[-109.008682,37.239999],[-109.003142,37.240041],[-108.999821,37.240408],[-108.967759,37.240313],[-108.963119,37.240217],[-108.959446,37.240366],[-108.956313,37.240384],[-108.94066,37.240443],[-108.935703,37.240444],[-108.932174,37.240422],[-108.925049,37.240652],[-108.925154,37.248703],[-108.925069,37.257198],[-108.924584,37.265782],[-108.924525,37.268745],[-108.917765,37.268901],[-108.91632,37.268921],[-108.916212,37.28407],[-108.916098,37.306604],[-108.900031,37.306704],[-108.898684,37.30671],[-108.898495,37.312494],[-108.89838,37.316627],[-108.880521,37.316642],[-108.880632,37.319448],[-108.885884,37.319577],[-108.88573,37.32368],[-108.871545,37.323788],[-108.871687,37.327478],[-108.858371,37.327392],[-108.858526,37.323711],[-108.86421,37.323707],[-108.864114,37.316875],[-108.842092,37.316625],[-108.842175,37.313291],[-108.837571,37.31318],[-108.837537,37.316846],[-108.833656,37.316816],[-108.833643,37.313067],[-108.822113,37.313039],[-108.822068,37.316719],[-108.819432,37.316698],[-108.819174,37.327158],[-108.7869,37.32706],[-108.766555,37.326951],[-108.766626,37.328044],[-108.766717,37.329863],[-108.772344,37.329777],[-108.772392,37.333404],[-108.760285,37.333772],[-108.757758,37.333742],[-108.755828,37.333741],[-108.755799,37.338029],[-108.742102,37.338021],[-108.742143,37.337596],[-108.742103,37.334191],[-108.738705,37.334268],[-108.737073,37.334202],[-108.737067,37.333753],[-108.73703,37.330516],[-108.73175,37.33052],[-108.731721,37.326962],[-108.723216,37.32699],[-108.723196,37.323006],[-108.695927,37.322998],[-108.695951,37.324093],[-108.695953,37.326648],[-108.694802,37.326793],[-108.694633,37.326763],[-108.693122,37.326967],[-108.690407,37.325743],[-108.690393,37.324585],[-108.688771,37.324357],[-108.688998,37.325736],[-108.68745,37.32629],[-108.687554,37.324418],[-108.685848,37.324461],[-108.685999,37.32595],[-108.684548,37.32355],[-108.682595,37.324329],[-108.681776,37.32379],[-108.680471,37.322253],[-108.679329,37.323033],[-108.678593,37.322604],[-108.677355,37.323329],[-108.674432,37.324263],[-108.674542,37.323444],[-108.673539,37.322983],[-108.672197,37.323592],[-108.668461,37.323497],[-108.668477,37.324108],[-108.665926,37.323113],[-108.66576,37.324173],[-108.664006,37.324881],[-108.663037,37.324271],[-108.659089,37.325588],[-108.658436,37.324962],[-108.655375,37.325247],[-108.652988,37.326795],[-108.650299,37.327305],[-108.64812,37.327167],[-108.64554,37.326995],[-108.645011,37.326116],[-108.643931,37.326067],[-108.642997,37.324397],[-108.64105,37.32645],[-108.640307,37.326345],[-108.639728,37.327927],[-108.638469,37.328245],[-108.638847,37.329464],[-108.640539,37.330687],[-108.64002,37.332952],[-108.63705,37.331962],[-108.635103,37.331912],[-108.633309,37.331164],[-108.634884,37.330571],[-108.632725,37.329867],[-108.632823,37.328527],[-108.634116,37.328012],[-108.633044,37.327737],[-108.633381,37.326897],[-108.632454,37.325715],[-108.63043,37.327538],[-108.629537,37.327021],[-108.626633,37.329189],[-108.624926,37.328522],[-108.624642,37.326501],[-108.623218,37.325272],[-108.621616,37.325816],[-108.620508,37.325586],[-108.620233,37.324746],[-108.618774,37.324121],[-108.619151,37.322385],[-108.61847,37.321715],[-108.619219,37.320556],[-108.617389,37.320156],[-108.616605,37.319299],[-108.615299,37.319904],[-108.616496,37.321469],[-108.615995,37.322276],[-108.613982,37.324913],[-108.6124,37.325644],[-108.611026,37.327303],[-108.611432,37.328072],[-108.610746,37.330456],[-108.608293,37.332222],[-108.608179,37.332417],[-108.60843,37.333269],[-108.608423,37.334675],[-108.607399,37.335378],[-108.607125,37.337498],[-108.607861,37.337701],[-108.60661,37.338981],[-108.606906,37.339733],[-108.605765,37.341377],[-108.604686,37.342749],[-108.604783,37.344133],[-108.605492,37.345033],[-108.605369,37.346379],[-108.604509,37.347302],[-108.601833,37.347478],[-108.601029,37.34928],[-108.598662,37.347957],[-108.597899,37.347935],[-108.598078,37.349226],[-108.599888,37.350972],[-108.59984,37.352109],[-108.596022,37.351428],[-108.596944,37.352521],[-108.59689,37.353537],[-108.598617,37.354706],[-108.597393,37.356596],[-108.597682,37.357749],[-108.594436,37.359919],[-108.593323,37.360116],[-108.594125,37.360726],[-108.596714,37.363491],[-108.596526,37.363493],[-108.594676,37.363461],[-108.591059,37.365513],[-108.591029,37.370627],[-108.588549,37.37062],[-108.586821,37.370611],[-108.586832,37.36399],[-108.586839,37.363411],[-108.581871,37.363362],[-108.577302,37.363437],[-108.576587,37.363457],[-108.575377,37.363361],[-108.573963,37.363386],[-108.572718,37.363398],[-108.572714,37.364022],[-108.572699,37.364413],[-108.57269,37.364845],[-108.572691,37.365707],[-108.570812,37.365712],[-108.56816,37.365719],[-108.567639,37.365721],[-108.565125,37.365672],[-108.564624,37.36566],[-108.564626,37.365259],[-108.564631,37.362655],[-108.564636,37.360339],[-108.564636,37.359958],[-108.560048,37.360017],[-108.559129,37.360027],[-108.558915,37.361504],[-108.558146,37.363015],[-108.55865,37.364542],[-108.559147,37.364546],[-108.559149,37.367352],[-108.559189,37.371012],[-108.558612,37.371026],[-108.557472,37.371048],[-108.556358,37.371052],[-108.555675,37.371068],[-108.555666,37.373794],[-108.554491,37.373806],[-108.55449,37.373862],[-108.554489,37.374003],[-108.554489,37.374051],[-108.554488,37.37408],[-108.554487,37.374167],[-108.554487,37.374197],[-108.554486,37.374679],[-108.554478,37.378389],[-108.554611,37.385745],[-108.551288,37.385761],[-108.548031,37.385775],[-108.545765,37.385792],[-108.545408,37.385231],[-108.545809,37.383319],[-108.547572,37.382506],[-108.54767,37.381305],[-108.546979,37.380221],[-108.546862,37.378462],[-108.545519,37.378467],[-108.545327,37.378463],[-108.545297,37.370704],[-108.54537,37.363818],[-108.546679,37.363812],[-108.545813,37.362368],[-108.545577,37.359414],[-108.544432,37.358316],[-108.544761,37.356507],[-108.545394,37.356439],[-108.545302,37.353159],[-108.543127,37.352708],[-108.527015,37.349388],[-108.524471,37.34885],[-108.522353,37.348454],[-108.522108,37.348421],[-108.509103,37.34742],[-108.506902,37.347544],[-108.502407,37.348235],[-108.498479,37.347837],[-108.483889,37.347734],[-108.482613,37.347816],[-108.462923,37.349848],[-108.447566,37.351469],[-108.429939,37.353252],[-108.428107,37.353228],[-108.425683,37.352738],[-108.427604,37.355847],[-108.430739,37.358776],[-108.432056,37.36174],[-108.429483,37.364286],[-108.426817,37.365888],[-108.426158,37.366699],[-108.426177,37.370698],[-108.423091,37.372422],[-108.422217,37.373482],[-108.420373,37.373564],[-108.418281,37.374678],[-108.416963,37.375969],[-108.41503,37.378553],[-108.414737,37.381949],[-108.41412,37.383458],[-108.412708,37.385112],[-108.411407,37.389112],[-108.410881,37.389975],[-108.408754,37.391703],[-108.407008,37.392557],[-108.405788,37.39518],[-108.404249,37.396245],[-108.401602,37.398647],[-108.401208,37.400307],[-108.402363,37.402833],[-108.39693,37.400297],[-108.396257,37.399988],[-108.386272,37.395399],[-108.386854,37.397289],[-108.387049,37.399971],[-108.387494,37.401279],[-108.390742,37.403742],[-108.391989,37.407379],[-108.390854,37.409681],[-108.391064,37.411418],[-108.392162,37.412319],[-108.393274,37.414716],[-108.393015,37.416625],[-108.391746,37.418042],[-108.391512,37.419742],[-108.391506,37.419827],[-108.391524,37.423756],[-108.391539,37.424882],[-108.391544,37.425609],[-108.390003,37.425614],[-108.384103,37.425681],[-108.381857,37.425695],[-108.379466,37.425727],[-108.373201,37.425784],[-108.372754,37.425789],[-108.372659,37.429447],[-108.372646,37.439598],[-108.370003,37.443186],[-108.369077,37.443711],[-108.368329,37.444045],[-108.367234,37.443092],[-108.363353,37.440622],[-108.360684,37.440022],[-108.35791,37.438554],[-108.355419,37.438039],[-108.354828,37.437581],[-108.351741,37.436911],[-108.349364,37.437975],[-108.347741,37.437867],[-108.344929,37.439083],[-108.343705,37.440768],[-108.342538,37.44085],[-108.340366,37.441891],[-108.337673,37.441326],[-108.335325,37.441153],[-108.333957,37.441278],[-108.332089,37.442948],[-108.331249,37.443055],[-108.32863,37.442005],[-108.327642,37.44119],[-108.324368,37.441422],[-108.32255,37.443588],[-108.32049,37.447489],[-108.319062,37.448537],[-108.318934,37.449598],[-108.317964,37.450792],[-108.318344,37.45154],[-108.317577,37.45246],[-108.317168,37.454099],[-108.315501,37.456765],[-108.314757,37.457334],[-108.312567,37.457572],[-108.311547,37.458919],[-108.310011,37.460136],[-108.305185,37.461694],[-108.304211,37.46332],[-108.299728,37.466633],[-108.298415,37.468225],[-108.295235,37.470198],[-108.294646,37.471185],[-108.290979,37.475029],[-108.288357,37.475312],[-108.288221,37.477219],[-108.287023,37.482517],[-108.286042,37.484621],[-108.284326,37.487033],[-108.28265,37.487715],[-108.280013,37.48933],[-108.278967,37.491352],[-108.275779,37.495387],[-108.274969,37.495873],[-108.27286,37.499753],[-108.272154,37.503918],[-108.273592,37.505736],[-108.274979,37.508363],[-108.274997,37.510661],[-108.276317,37.512314],[-108.277068,37.514683],[-108.275956,37.518181],[-108.272823,37.51973],[-108.270414,37.519395],[-108.268173,37.519731],[-108.265587,37.519599],[-108.262995,37.520872],[-108.260175,37.520636],[-108.257004,37.521355],[-108.254983,37.520623],[-108.251599,37.520662],[-108.250637,37.52029],[-108.248171,37.520951],[-108.246528,37.520715],[-108.245164,37.521206],[-108.242511,37.521045],[-108.23965,37.520401],[-108.237221,37.520921],[-108.235668,37.522236],[-108.233397,37.523057],[-108.232063,37.523972],[-108.229323,37.524619],[-108.227525,37.524604],[-108.224986,37.523824],[-108.221964,37.523834],[-108.218263,37.525396],[-108.215371,37.527715],[-108.21436,37.528142],[-108.207135,37.528726],[-108.204854,37.527872],[-108.198829,37.527432],[-108.197428,37.527092],[-108.193094,37.524385],[-108.191175,37.523673],[-108.188345,37.523398],[-108.184152,37.521496],[-108.181803,37.521386],[-108.179083,37.522096],[-108.176979,37.522269],[-108.175855,37.522505],[-108.17387,37.522025],[-108.170822,37.522159],[-108.169901,37.522885],[-108.166732,37.522908],[-108.163328,37.520493],[-108.159651,37.519602],[-108.157135,37.517929],[-108.154234,37.517085],[-108.156641,37.51965],[-108.156802,37.520992],[-108.153143,37.521797],[-108.151609,37.522708],[-108.150765,37.522503],[-108.146068,37.519385],[-108.144424,37.518704],[-108.141224,37.518518],[-108.139343,37.516935],[-108.134392,37.515691],[-108.132772,37.514416],[-108.128335,37.514827],[-108.126147,37.51399],[-108.123994,37.51174],[-108.123533,37.509705],[-108.123861,37.508844],[-108.122393,37.50873],[-108.120595,37.5104],[-108.119404,37.51278],[-108.119556,37.513498],[-108.12085,37.514103],[-108.119506,37.514676],[-108.116988,37.51408],[-108.114826,37.51671],[-108.116466,37.518864],[-108.115172,37.519025],[-108.11495,37.520139],[-108.113635,37.520115],[-108.114748,37.521615],[-108.114081,37.522091],[-108.109985,37.51876],[-108.109685,37.518809],[-108.108511,37.517126],[-108.10522,37.514162],[-108.10517,37.513116],[-108.103348,37.512557],[-108.101507,37.510449],[-108.099559,37.509049],[-108.097778,37.5086],[-108.096663,37.50759],[-108.095142,37.505399],[-108.093822,37.505907],[-108.09348,37.505097],[-108.092326,37.504807],[-108.09155,37.503815],[-108.090073,37.504004],[-108.089301,37.502606],[-108.089481,37.501178],[-108.088161,37.500515],[-108.087491,37.500868],[-108.085458,37.499925],[-108.084237,37.50022],[-108.083465,37.499417],[-108.082278,37.499405],[-108.082034,37.498696],[-108.08025,37.498158],[-108.076939,37.496246],[-108.074423,37.495805],[-108.073074,37.496177],[-108.071176,37.495247],[-108.068843,37.493315],[-108.067827,37.490947],[-108.065617,37.489054],[-108.064736,37.487581],[-108.062649,37.485718],[-108.062745,37.484441],[-108.061696,37.483207],[-108.062368,37.482215],[-108.061304,37.481098],[-108.061303,37.479674],[-108.060354,37.478786],[-108.060361,37.47747],[-108.059385,37.476968],[-108.059068,37.475249],[-108.056034,37.473911],[-108.056222,37.473159],[-108.055237,37.472612],[-108.054428,37.470772],[-108.054093,37.46779],[-108.055868,37.46605],[-108.055894,37.464807],[-108.054901,37.464188],[-108.053546,37.461559],[-108.050334,37.460469],[-108.048511,37.460244],[-108.0457,37.459002],[-108.043693,37.458591],[-108.03881,37.456526],[-108.037469,37.459066],[-108.034686,37.460752],[-108.03401,37.46347],[-108.033146,37.46494],[-108.03639,37.471178],[-108.03599,37.472709],[-108.034704,37.475039],[-108.034514,37.476829],[-108.032644,37.478913],[-108.033653,37.480099],[-108.033471,37.48314],[-108.03389,37.484749],[-108.035932,37.485733],[-108.036549,37.487755],[-108.036556,37.491127],[-108.035345,37.493975],[-108.03518,37.496354],[-108.034605,37.497173],[-108.036321,37.499486],[-108.037932,37.503189],[-108.037274,37.50527],[-108.035656,37.507165],[-108.034079,37.508407],[-108.03147,37.509059],[-108.032754,37.509915],[-108.034057,37.51165],[-108.034521,37.513135],[-108.033691,37.516321],[-108.032143,37.518046],[-108.033588,37.519999],[-108.034598,37.522275],[-108.034638,37.523226],[-108.033808,37.525743],[-108.033746,37.527461],[-108.034524,37.529527],[-108.034897,37.532044],[-108.0343,37.532931],[-108.032853,37.533632],[-108.028908,37.536252],[-108.025437,37.539719],[-108.025496,37.541106],[-108.024115,37.543506],[-108.024237,37.544943],[-108.023535,37.546594],[-108.02154,37.548667],[-108.021907,37.551279],[-108.020253,37.55378],[-108.02053,37.556423],[-108.019696,37.558524],[-108.021198,37.559414],[-108.021699,37.560946],[-108.021746,37.562824],[-108.018279,37.567141],[-108.019224,37.56832],[-108.02085,37.571445],[-108.019506,37.574027],[-108.01948,37.575624],[-108.02014,37.578482],[-108.019743,37.580904],[-108.020534,37.58249],[-108.019711,37.584947],[-108.021206,37.588207],[-108.023006,37.590999],[-108.022439,37.591426],[-108.017389,37.591794],[-108.016639,37.592471],[-108.016446,37.593899],[-108.01689,37.595399],[-108.015807,37.596302],[-108.015099,37.595777],[-108.013944,37.59647],[-108.014104,37.599028],[-108.015096,37.599545],[-108.01553,37.600852],[-108.014407,37.602651],[-108.014298,37.603594],[-108.013186,37.60479],[-108.011848,37.604858],[-108.009832,37.605777],[-108.005282,37.605882],[-108.00461,37.607317],[-108.002642,37.609674],[-108.000748,37.61118],[-108.0002,37.614325],[-107.999594,37.614821],[-107.997648,37.614397],[-107.994887,37.614857],[-107.993153,37.615859],[-107.991713,37.619652],[-107.989722,37.620707],[-107.989219,37.622241],[-107.987221,37.625004],[-107.985916,37.625181],[-107.981953,37.627172],[-107.979878,37.628875],[-107.972087,37.629816],[-107.972449,37.631641],[-107.97212,37.634321],[-107.969923,37.63717],[-107.970531,37.638476],[-107.970086,37.639587],[-107.973729,37.639564],[-108.000625,37.639378],[-108.007426,37.639267],[-108.049433,37.639049],[-108.058056,37.639093],[-108.066434,37.638957],[-108.0766,37.638929],[-108.103852,37.638757],[-108.107996,37.638753],[-108.120802,37.63828],[-108.125632,37.638105],[-108.140362,37.636851],[-108.140399,37.636808],[-108.161214,37.635264],[-108.178776,37.634641],[-108.190756,37.634129],[-108.203354,37.633734],[-108.226797,37.633246],[-108.250635,37.632847],[-108.26567,37.63273],[-108.303941,37.632389],[-108.309257,37.632297],[-108.335642,37.63215],[-108.336825,37.632129],[-108.338016,37.632102],[-108.363534,37.63193],[-108.375641,37.632107],[-108.396372,37.632019],[-108.403451,37.63193],[-108.410425,37.631933],[-108.417192,37.632481],[-108.424005,37.632666],[-108.439534,37.632808],[-108.44593,37.632805],[-108.457661,37.632498],[-108.474655,37.632521],[-108.483429,37.632468],[-108.51227,37.632545],[-108.542342,37.632598],[-108.546375,37.632605],[-108.585803,37.632675],[-108.609901,37.632719],[-108.62565,37.63261],[-108.641422,37.632678],[-108.646498,37.632693],[-108.661534,37.633028],[-108.666056,37.633195],[-108.66606,37.631583],[-108.693853,37.631512],[-108.694763,37.631516],[-108.70078,37.631551],[-108.702859,37.632096],[-108.705436,37.631722],[-108.706264,37.632267],[-108.710733,37.637681],[-108.712226,37.638248],[-108.717001,37.638406],[-108.719495,37.637888],[-108.72171,37.637008],[-108.724358,37.637157],[-108.728692,37.639308],[-108.731292,37.639698],[-108.732846,37.641746],[-108.733506,37.645465],[-108.734926,37.648116],[-108.736806,37.649975],[-108.737795,37.651402],[-108.738441,37.654187],[-108.737998,37.655236],[-108.735945,37.655935],[-108.735342,37.657768],[-108.735811,37.660488],[-108.737792,37.662108],[-108.737476,37.662664],[-108.734263,37.664693],[-108.728634,37.665573],[-108.728012,37.667615],[-108.729461,37.669316],[-108.729574,37.67052],[-108.728825,37.672523],[-108.728734,37.673895],[-108.729403,37.674543],[-108.730988,37.674832],[-108.733856,37.674313],[-108.735428,37.675889],[-108.735576,37.676876],[-108.739223,37.681407],[-108.739345,37.682553],[-108.738446,37.68345],[-108.736491,37.68436],[-108.734007,37.68489],[-108.733433,37.685691],[-108.730641,37.687819],[-108.73061,37.688761],[-108.732554,37.690915],[-108.732753,37.692087],[-108.731106,37.69431],[-108.731118,37.695463],[-108.729637,37.697829],[-108.728224,37.69872],[-108.722991,37.700157],[-108.72153,37.703064],[-108.722645,37.704394],[-108.724373,37.704845],[-108.724786,37.706096],[-108.725707,37.706876],[-108.726228,37.708705],[-108.726081,37.710578],[-108.726887,37.711497],[-108.730293,37.71393],[-108.733521,37.715883],[-108.73353,37.71758],[-108.731919,37.719827],[-108.729446,37.720906],[-108.729365,37.721624],[-108.732734,37.724354],[-108.732697,37.727427],[-108.732077,37.730848],[-108.731388,37.731944],[-108.731679,37.735639],[-108.731482,37.738371],[-108.73042,37.740034],[-108.729249,37.740526],[-108.726954,37.740769],[-108.726689,37.7413],[-108.728298,37.744305],[-108.728869,37.746519],[-108.728965,37.74903],[-108.730333,37.749891],[-108.731124,37.751392],[-108.730703,37.752292],[-108.731399,37.754349],[-108.732739,37.755753],[-108.734623,37.75648],[-108.737173,37.757988],[-108.739862,37.758348],[-108.740573,37.758537],[-108.741496,37.759004],[-108.74268,37.759799],[-108.743319,37.760311],[-108.743754,37.76095],[-108.743832,37.761501],[-108.743606,37.763409],[-108.743751,37.764058],[-108.743768,37.764866],[-108.744052,37.765553],[-108.744391,37.765907],[-108.744905,37.766144],[-108.74637,37.766142],[-108.747301,37.766462],[-108.748487,37.768019],[-108.74949,37.768805],[-108.749789,37.769432],[-108.750515,37.770127],[-108.751056,37.770529],[-108.752523,37.77075],[-108.75317,37.771229],[-108.754493,37.771987],[-108.7556,37.772291],[-108.756858,37.773],[-108.758151,37.773385],[-108.760007,37.773756],[-108.7608,37.774102],[-108.762452,37.775161],[-108.762817,37.775628],[-108.763319,37.777137],[-108.763662,37.778337],[-108.7639,37.778565],[-108.764325,37.779406],[-108.766087,37.781045],[-108.766429,37.781554],[-108.767027,37.782167],[-108.768042,37.782552],[-108.768759,37.783198],[-108.770378,37.783795],[-108.771046,37.784333],[-108.77163,37.785206],[-108.771956,37.78598],[-108.772071,37.78698],[-108.772689,37.788214],[-108.772711,37.789218],[-108.773287,37.790333],[-108.7737,37.790713],[-108.774938,37.79109],[-108.775978,37.792391],[-108.776461,37.79289],[-108.777114,37.793835],[-108.779055,37.795702],[-108.779576,37.796462],[-108.77981,37.797706],[-108.780497,37.799112],[-108.78115,37.799774],[-108.781419,37.800234],[-108.781411,37.801509],[-108.781082,37.802666],[-108.781006,37.803727],[-108.780878,37.804415],[-108.780903,37.805048],[-108.781075,37.805759],[-108.781341,37.809053],[-108.781899,37.810055],[-108.781958,37.810452],[-108.781748,37.811263],[-108.781141,37.812751],[-108.781264,37.813367],[-108.782543,37.814041],[-108.783137,37.814801],[-108.784159,37.815718],[-108.787116,37.816653],[-108.787979,37.817148],[-108.788641,37.817391],[-108.79014,37.817543],[-108.79156,37.817841],[-108.792087,37.817656],[-108.796291,37.816424],[-108.798702,37.814309],[-108.801052,37.813331],[-108.803326,37.811201],[-108.805092,37.810366],[-108.807373,37.808608],[-108.808992,37.806548],[-108.810557,37.805689],[-108.811665,37.804206],[-108.813949,37.802014],[-108.816728,37.797122],[-108.817678,37.793278],[-108.821249,37.790986],[-108.823009,37.79071],[-108.825027,37.78981],[-108.827172,37.789665],[-108.827768,37.790592],[-108.827116,37.792897],[-108.825854,37.794562],[-108.825943,37.797736],[-108.824421,37.799407],[-108.823241,37.80268],[-108.822097,37.803205],[-108.819051,37.803056],[-108.818543,37.804879],[-108.819325,37.806768],[-108.818628,37.808402],[-108.817739,37.809055],[-108.816042,37.811351],[-108.815949,37.812317],[-108.817775,37.816182],[-108.818117,37.818464],[-108.81762,37.819917],[-108.815259,37.822272],[-108.811791,37.827851],[-108.810417,37.828866],[-108.80952,37.831104],[-108.80808,37.831952],[-108.807551,37.834229],[-108.806169,37.835768],[-108.805434,37.837567],[-108.805741,37.839447],[-108.805498,37.841296],[-108.806214,37.842977],[-108.806205,37.845253],[-108.807846,37.846849],[-108.807475,37.848417],[-108.807677,37.851685],[-108.807556,37.85401],[-108.80818,37.855968],[-108.810881,37.860137],[-108.811148,37.861666],[-108.812955,37.863131],[-108.814572,37.865561],[-108.816248,37.866869],[-108.816751,37.868278],[-108.81829,37.868945],[-108.81905,37.872244],[-108.821999,37.876587],[-108.822293,37.877925],[-108.820825,37.879307],[-108.820522,37.880851],[-108.81989,37.884131],[-108.820515,37.885082],[-108.820207,37.886697],[-108.817699,37.888088],[-108.818704,37.889478],[-108.818089,37.891461],[-108.818124,37.893753],[-108.81671,37.895538],[-108.79469,37.895435],[-108.775108,37.89538],[-108.765488,37.895354],[-108.762662,37.895347],[-108.750654,37.895312],[-108.746288,37.895389],[-108.742207,37.895384],[-108.711613,37.895307],[-108.703103,37.895293],[-108.699343,37.895288],[-108.670234,37.895242],[-108.648435,37.895255],[-108.62565,37.895224],[-108.624224,37.895334],[-108.617285,37.895111],[-108.587168,37.894779],[-108.500645,37.894259],[-108.454867,37.894195],[-108.437656,37.893899],[-108.390899,37.893508],[-108.375641,37.893635],[-108.374287,37.893477],[-108.36753,37.893663],[-108.365163,37.89387],[-108.357444,37.893638],[-108.347876,37.893984],[-108.336589,37.893838],[-108.331642,37.893884],[-108.322238,37.893974],[-108.316315,37.89403],[-108.304292,37.894145],[-108.29894,37.894197],[-108.256498,37.894607],[-108.256537,37.893557],[-108.257731,37.891045],[-108.257392,37.889681],[-108.254243,37.886476],[-108.252684,37.885363],[-108.250363,37.884572],[-108.249488,37.882312],[-108.247934,37.87938],[-108.245252,37.878655],[-108.239261,37.876396],[-108.237837,37.876392],[-108.235984,37.872618],[-108.235061,37.869313],[-108.232863,37.86712],[-108.23195,37.865066],[-108.231599,37.861741],[-108.229586,37.861041],[-108.230024,37.85717],[-108.229371,37.853924],[-108.228684,37.852365],[-108.227885,37.84922],[-108.227152,37.847988],[-108.226522,37.845529],[-108.227005,37.843475],[-108.225796,37.842456],[-108.22404,37.84207],[-108.223644,37.840933],[-108.221955,37.839731],[-108.222184,37.839076],[-108.218528,37.837755],[-108.217064,37.836753],[-108.218531,37.835558],[-108.218425,37.834905],[-108.215682,37.834491],[-108.214643,37.833132],[-108.212354,37.832038],[-108.210998,37.829049],[-108.210732,37.824836],[-108.209622,37.823485],[-108.210323,37.822044],[-108.210164,37.821125],[-108.209093,37.820936],[-108.205455,37.821779],[-108.199082,37.824187],[-108.195728,37.824082],[-108.192391,37.824414],[-108.190218,37.82524],[-108.185603,37.826184],[-108.183171,37.826479],[-108.182139,37.827291],[-108.179573,37.830171],[-108.178348,37.831178],[-108.174906,37.832592],[-108.169142,37.83111],[-108.167102,37.831928],[-108.166205,37.833313],[-108.163854,37.834923],[-108.162223,37.834729],[-108.160374,37.833809],[-108.156416,37.834272],[-108.153142,37.835103],[-108.150174,37.834326],[-108.148972,37.83736],[-108.147241,37.838853],[-108.145901,37.837891],[-108.144488,37.838317],[-108.143645,37.835535],[-108.142464,37.834277],[-108.141527,37.832454],[-108.140224,37.832483],[-108.140108,37.83343],[-108.140077,37.834874],[-108.137668,37.837073],[-108.137429,37.83789],[-108.132268,37.841547],[-108.131107,37.842957],[-108.128435,37.843978],[-108.126631,37.845343],[-108.124654,37.848591],[-108.12505,37.852067],[-108.123495,37.851957],[-108.122217,37.85254],[-108.120951,37.853841],[-108.119731,37.853351],[-108.117374,37.853444],[-108.113325,37.855016],[-108.113517,37.884665],[-108.113579,37.894366],[-108.113398,37.904478],[-108.11281,37.942068],[-108.112575,37.957051],[-108.112108,37.967026],[-108.112462,37.987787],[-108.112489,37.989343],[-108.112545,37.992662],[-108.11267,37.999967],[-108.112432,38.014069],[-108.109907,38.014101],[-108.105955,38.01415],[-108.10645,38.029791],[-108.106485,38.030544],[-108.107736,38.057954],[-108.107412,38.065323],[-108.107493,38.073419],[-108.107335,38.076556],[-108.106845,38.086294],[-108.107352,38.091807],[-108.107574,38.094219],[-108.108141,38.101516],[-108.112918,38.101556],[-108.113049,38.152228],[-108.082842,38.152366],[-108.060877,38.152442],[-108.038882,38.152667],[-108.027929,38.152636],[-108.011305,38.152703],[-108.00734,38.15262],[-108.000622,38.15248],[-107.99338,38.1525],[-107.98619,38.152426],[-107.973945,38.152332],[-107.965789,38.152328],[-107.965453,38.144903],[-107.95206,38.14498],[-107.951717,38.144982],[-107.95161,38.130448],[-107.951531,38.12499],[-107.951574,38.116125],[-107.93113,38.115881],[-107.919433,38.115895],[-107.891469,38.115957],[-107.89159,38.10481],[-107.891529,38.101364],[-107.892539,38.101347],[-107.892346,38.09567],[-107.892052,38.087011],[-107.896714,38.086829],[-107.892926,38.07247],[-107.893529,38.060701],[-107.893774,38.057742],[-107.891999,38.057837],[-107.892101,38.055732],[-107.888793,38.055651],[-107.88795,38.054283],[-107.882902,38.05329],[-107.882322,38.052022],[-107.882307,38.050141],[-107.88093,38.04732],[-107.878211,38.046473],[-107.876624,38.046351],[-107.875142,38.048193],[-107.874819,38.049177],[-107.872795,38.05126],[-107.870802,38.051029],[-107.868444,38.049757],[-107.866198,38.04975],[-107.863686,38.050952],[-107.861938,38.051396],[-107.861263,38.05089],[-107.86153,38.047835],[-107.85937,38.047936],[-107.858129,38.049311],[-107.856562,38.049941],[-107.856232,38.048857],[-107.852307,38.049916],[-107.8513,38.050559],[-107.848021,38.051261],[-107.846474,38.050577],[-107.845881,38.052103],[-107.843586,38.052387],[-107.841062,38.051677],[-107.837591,38.052264],[-107.835163,38.051208],[-107.834156,38.052553],[-107.831194,38.052451],[-107.827912,38.051737],[-107.826915,38.052877],[-107.824774,38.053403],[-107.823588,38.052054],[-107.820232,38.051436],[-107.819943,38.050773],[-107.820926,38.049538],[-107.821064,38.048326],[-107.819513,38.047875],[-107.818266,38.04683],[-107.815423,38.046826],[-107.81436,38.046189],[-107.812898,38.044306],[-107.811657,38.041682],[-107.81021,38.040649],[-107.809392,38.038891],[-107.80843,38.03791],[-107.80767,38.03589],[-107.80682,38.03586],[-107.806379,38.035414],[-107.807533,38.033022],[-107.805914,38.034211],[-107.8036,38.037048],[-107.799348,38.035181],[-107.799332,38.035694],[-107.796255,38.03422],[-107.796251,38.034941],[-107.791028,38.032349],[-107.788214,38.02862],[-107.785569,38.025617],[-107.782699,38.025299],[-107.782042,38.02713],[-107.781317,38.027066],[-107.780783,38.029005],[-107.78158,38.030994],[-107.780663,38.031197],[-107.780076,38.032594],[-107.780678,38.033921],[-107.779836,38.034007],[-107.778146,38.033078],[-107.778101,38.035115],[-107.776427,38.035205],[-107.776024,38.03661],[-107.775281,38.03603],[-107.774864,38.038389],[-107.774103,38.037782],[-107.771177,38.037818],[-107.767037,38.038751],[-107.766991,38.039838],[-107.769637,38.040771],[-107.767082,38.041397],[-107.767662,38.04348],[-107.767662,38.044984],[-107.76835,38.048137],[-107.76826,38.049387],[-107.76725,38.052373],[-107.769128,38.051788],[-107.769082,38.052811],[-107.766591,38.053504],[-107.765884,38.052413],[-107.764489,38.053106],[-107.762875,38.053042],[-107.761076,38.052599],[-107.757937,38.053161],[-107.75692,38.053898],[-107.756231,38.056305],[-107.754777,38.056047],[-107.752113,38.05732],[-107.74962,38.056799],[-107.750089,38.058793],[-107.749532,38.061879],[-107.750377,38.064364],[-107.750529,38.065973],[-107.751933,38.068481],[-107.752947,38.070287],[-107.752603,38.072358],[-107.751093,38.075871],[-107.749353,38.077804],[-107.748388,38.080638],[-107.748789,38.08118],[-107.75076,38.083361],[-107.751523,38.086421],[-107.750944,38.088931],[-107.749797,38.089795],[-107.746598,38.091889],[-107.746413,38.094263],[-107.744683,38.097105],[-107.741801,38.098993],[-107.740347,38.100351],[-107.738589,38.101212],[-107.737185,38.102705],[-107.737099,38.104274],[-107.73744,38.106474],[-107.739407,38.109086],[-107.739335,38.109583],[-107.74121,38.11239],[-107.741485,38.113426],[-107.743442,38.115434],[-107.743551,38.118027],[-107.744247,38.11912],[-107.74707,38.12058],[-107.748679,38.12507],[-107.74916,38.126],[-107.74935,38.12843],[-107.75023,38.12932],[-107.749953,38.132518],[-107.75128,38.13436],[-107.75306,38.13458],[-107.75358,38.13514],[-107.753639,38.144545],[-107.754242,38.145369],[-107.75482,38.14873],[-107.756201,38.149292],[-107.75633,38.14929],[-107.75633,38.14944],[-107.756958,38.149459],[-107.75761,38.14948],[-107.758235,38.149474],[-107.75888,38.14947],[-107.759576,38.14947],[-107.76013,38.14947],[-107.76145,38.14942],[-107.76206,38.14942],[-107.7627,38.14942],[-107.76397,38.14944],[-107.76397,38.15044],[-107.76395,38.15127],[-107.76392,38.15245],[-107.76391,38.15296],[-107.76391,38.15344],[-107.76397,38.15929],[-107.76384,38.16658],[-107.76045,38.16662],[-107.75906,38.16715],[-107.75923,38.16926],[-107.76103,38.17291],[-107.76132,38.17424],[-107.76016,38.17576],[-107.75818,38.17619],[-107.75815,38.17775],[-107.7571,38.17839],[-107.75391,38.18252],[-107.75342,38.18279],[-107.75105,38.18437],[-107.74891,38.18456],[-107.746101,38.184125],[-107.74451,38.1834],[-107.74594,38.18494],[-107.74648,38.18707],[-107.74507,38.19151],[-107.74376,38.19388],[-107.74227,38.19579],[-107.74022,38.19728],[-107.73699,38.19873],[-107.73473,38.20082],[-107.73257,38.20543],[-107.72952,38.20885],[-107.72735,38.21129],[-107.727,38.21287],[-107.72811,38.21958],[-107.728012,38.221261],[-107.72689,38.22338],[-107.726866,38.223437],[-107.72684,38.2235],[-107.72683,38.22489],[-107.72992,38.23073],[-107.73147,38.23221],[-107.73604,38.2352],[-107.73848,38.23796],[-107.74058,38.23967],[-107.74806,38.24317],[-107.75114,38.24395],[-107.756,38.24452],[-107.758556,38.245744],[-107.759278,38.24737],[-107.759153,38.248277],[-107.75839,38.25103],[-107.75752,38.25583],[-107.75615,38.25534],[-107.75322,38.25533],[-107.75039,38.25355],[-107.74949,38.25024],[-107.7487,38.24901],[-107.74715,38.24792],[-107.74472,38.24785],[-107.74635,38.24849],[-107.74588,38.24944],[-107.74368,38.24978],[-107.74414,38.25128],[-107.74271,38.25102],[-107.73984,38.25383],[-107.73819,38.25471],[-107.73502,38.25583],[-107.72974,38.25837],[-107.72761,38.25765],[-107.72663,38.25646],[-107.72548,38.25659],[-107.72418,38.2576],[-107.71837,38.25762],[-107.71588,38.25738],[-107.71043,38.25842],[-107.70708,38.25932],[-107.70619,38.25991],[-107.70485,38.25972],[-107.70122,38.2609],[-107.7001,38.26183],[-107.69952,38.26317],[-107.69785,38.2645],[-107.69842,38.26648],[-107.69822,38.26728],[-107.69672,38.26866],[-107.69456,38.26868],[-107.69336,38.26926],[-107.69305,38.27074],[-107.69229,38.27136],[-107.69198,38.27355],[-107.69059,38.2746],[-107.68989,38.27558],[-107.68884,38.27456],[-107.68742,38.27561],[-107.6859,38.27558],[-107.68382,38.27694],[-107.620795,38.276311],[-107.619162,38.275084],[-107.617137,38.27545],[-107.61708,38.272686],[-107.614725,38.270107],[-107.615355,38.268971],[-107.614221,38.267146],[-107.612709,38.263587],[-107.612717,38.26216],[-107.61157,38.260827],[-107.60699,38.257864],[-107.60206,38.255496],[-107.600159,38.253895],[-107.597414,38.253395],[-107.593951,38.253523],[-107.590701,38.252046],[-107.590289,38.251021],[-107.588821,38.249588],[-107.588413,38.248388],[-107.588619,38.246761],[-107.587598,38.245262],[-107.58665,38.24303],[-107.58748,38.240228],[-107.585387,38.23756],[-107.584908,38.236255],[-107.582682,38.234603],[-107.58252,38.232573],[-107.581909,38.230897],[-107.580243,38.230824],[-107.579868,38.227851],[-107.580372,38.224968],[-107.579015,38.222663],[-107.579539,38.220288],[-107.58087,38.21809],[-107.579943,38.21593],[-107.579965,38.214126],[-107.580978,38.212685],[-107.57871,38.212007],[-107.577394,38.210435],[-107.575576,38.209797],[-107.575119,38.207912],[-107.575338,38.203764],[-107.57584,38.202726],[-107.575353,38.199471],[-107.574364,38.198359],[-107.574325,38.196772],[-107.573283,38.196175],[-107.5735,38.194774],[-107.572612,38.194064],[-107.572075,38.190141],[-107.572344,38.187435],[-107.571479,38.184953],[-107.570796,38.183963],[-107.570258,38.181353],[-107.568011,38.180811],[-107.568044,38.179538],[-107.566566,38.176645],[-107.567993,38.171468],[-107.566523,38.170741],[-107.566311,38.168728],[-107.564292,38.166664],[-107.563298,38.16212],[-107.562189,38.158792],[-107.562293,38.1579],[-107.563091,38.156159],[-107.563208,38.152897],[-107.564733,38.149822],[-107.568614,38.14877],[-107.56862,38.147267],[-107.571214,38.143553],[-107.57236,38.14121],[-107.572987,38.138053],[-107.573671,38.137845],[-107.574245,38.136009],[-107.573522,38.134953],[-107.570011,38.1347],[-107.569205,38.134047],[-107.569665,38.133282],[-107.568077,38.130558],[-107.564733,38.127906],[-107.564337,38.125851],[-107.563205,38.123212],[-107.564238,38.119064],[-107.563755,38.116455],[-107.561982,38.114437],[-107.560855,38.110503],[-107.561606,38.108896],[-107.561314,38.107357],[-107.56213,38.106487],[-107.562583,38.103123],[-107.562252,38.101931],[-107.563072,38.10043],[-107.565394,38.098868],[-107.56465,38.096992],[-107.56288,38.095337],[-107.559828,38.091669],[-107.560382,38.090601],[-107.560157,38.088376],[-107.55955,38.087205],[-107.55744,38.085715],[-107.556309,38.082872],[-107.555559,38.0822],[-107.554545,38.080069],[-107.553585,38.0792],[-107.552058,38.079011],[-107.550289,38.078236],[-107.54785,38.07911],[-107.544373,38.08073],[-107.541548,38.079748],[-107.539067,38.079772],[-107.536022,38.079441],[-107.533262,38.080059],[-107.530087,38.076486],[-107.52914,38.076837],[-107.527971,38.075731],[-107.526466,38.075921],[-107.525104,38.074788],[-107.524375,38.072766],[-107.522082,38.071701],[-107.52054,38.07042],[-107.51683,38.069741],[-107.515333,38.067838],[-107.514919,38.064955],[-107.513881,38.063535],[-107.512554,38.062645],[-107.51088,38.060877],[-107.511366,38.060189],[-107.515242,38.058487],[-107.515879,38.057881],[-107.518959,38.058172],[-107.522282,38.057222],[-107.522989,38.055325],[-107.521071,38.05218],[-107.522627,38.047958],[-107.521989,38.047755],[-107.520577,38.045725],[-107.522337,38.044164],[-107.521955,38.042567],[-107.52298,38.041045],[-107.525311,38.039039],[-107.527027,38.039878],[-107.531129,38.038963],[-107.531796,38.036992],[-107.534498,38.034393],[-107.536025,38.033637],[-107.537534,38.032291],[-107.536656,38.030534],[-107.536852,38.028686],[-107.538882,38.028236],[-107.539856,38.027109],[-107.538988,38.025361],[-107.537378,38.024363],[-107.536589,38.022744],[-107.537566,38.019702],[-107.539427,38.017715],[-107.539353,38.014707],[-107.537901,38.013072],[-107.538136,38.011717],[-107.537975,38.008919],[-107.539984,38.007564],[-107.542104,38.006727],[-107.54338,38.005766],[-107.544428,38.003614],[-107.545383,38.002891],[-107.546317,38.000826],[-107.549254,37.99848],[-107.550586,37.998356],[-107.554286,37.999472],[-107.556506,37.999162],[-107.55938,38.000786],[-107.56211,38.003165],[-107.563579,38.003613],[-107.564487,38.004481],[-107.566325,38.005289],[-107.569546,38.005362],[-107.573888,38.006379],[-107.574343,38.004661],[-107.579371,38.001464],[-107.580421,38.000548],[-107.584193,38.000111],[-107.586737,37.999408],[-107.58659,37.997177],[-107.58679,37.993764],[-107.591367,37.992252],[-107.589808,37.989629],[-107.588906,37.984655],[-107.5882,37.982795],[-107.58691,37.98059],[-107.585123,37.978782],[-107.584165,37.976019],[-107.586431,37.973198],[-107.588221,37.970312],[-107.587004,37.968478],[-107.585278,37.968002],[-107.582984,37.967923],[-107.580296,37.968475],[-107.578763,37.967853],[-107.574944,37.967146],[-107.572687,37.967166],[-107.571674,37.966447],[-107.569035,37.966039],[-107.568875,37.965015],[-107.569005,37.963086],[-107.567219,37.961327],[-107.564914,37.961216],[-107.563369,37.955937],[-107.559166,37.953696],[-107.556561,37.952916],[-107.552859,37.951076],[-107.551046,37.949687],[-107.547515,37.949032],[-107.544233,37.948715],[-107.540069,37.947884],[-107.537346,37.947613],[-107.534271,37.944931],[-107.532593,37.943905],[-107.532378,37.940654],[-107.534309,37.93817],[-107.534149,37.937138],[-107.537701,37.934644],[-107.53792,37.933744],[-107.538351,37.929819],[-107.537358,37.926144],[-107.534546,37.924671],[-107.536518,37.922412],[-107.536652,37.921088],[-107.535902,37.920123],[-107.533868,37.918985],[-107.530747,37.916819],[-107.529205,37.914679],[-107.528924,37.913687],[-107.529716,37.911748],[-107.529194,37.909765],[-107.528515,37.908784],[-107.528505,37.907097],[-107.527511,37.906198],[-107.524806,37.905345],[-107.524635,37.904054],[-107.520167,37.901312],[-107.521638,37.900419],[-107.521821,37.898772],[-107.523036,37.897533],[-107.526429,37.896213],[-107.526056,37.893649],[-107.527162,37.891377],[-107.529068,37.890023],[-107.531282,37.889159],[-107.533106,37.889361],[-107.533444,37.888077],[-107.532481,37.884047],[-107.534503,37.881788],[-107.536468,37.88011],[-107.536244,37.878594],[-107.535328,37.877113],[-107.534967,37.874996],[-107.536021,37.873914],[-107.532566,37.872848],[-107.527741,37.870361],[-107.526014,37.868952],[-107.524142,37.866605],[-107.524402,37.865163],[-107.522345,37.863435],[-107.52108,37.861861],[-107.520787,37.859548],[-107.520171,37.858669],[-107.518644,37.858086],[-107.517859,37.856978],[-107.518174,37.85594],[-107.518593,37.849185],[-107.519048,37.84827],[-107.520331,37.848325],[-107.521061,37.847356],[-107.520964,37.844892],[-107.521783,37.844635],[-107.521974,37.841463],[-107.520867,37.84187],[-107.519667,37.841194],[-107.520586,37.839493],[-107.518374,37.838982],[-107.517344,37.837363],[-107.517459,37.836638],[-107.516204,37.834547],[-107.516835,37.833472],[-107.51613,37.831938],[-107.516567,37.82977],[-107.517287,37.829391],[-107.516547,37.826451],[-107.515323,37.826566],[-107.512922,37.825334],[-107.510289,37.824755],[-107.506496,37.824325],[-107.503561,37.823709],[-107.496408,37.823086],[-107.494893,37.82408],[-107.49031,37.824275],[-107.485477,37.822421],[-107.482277,37.819885],[-107.482138,37.818952],[-107.478876,37.816685],[-107.474972,37.815687],[-107.472305,37.812339],[-107.470955,37.811762],[-107.468843,37.809726],[-107.468829,37.807804],[-107.466785,37.804614],[-107.465573,37.800891],[-107.465932,37.800078],[-107.464673,37.800106],[-107.462029,37.798767],[-107.46209,37.797158],[-107.460969,37.796884],[-107.460221,37.794912],[-107.459224,37.794083],[-107.459625,37.79204],[-107.459375,37.789729],[-107.46071,37.786999],[-107.459637,37.786198],[-107.459339,37.784429],[-107.458591,37.783381],[-107.458342,37.781799],[-107.460611,37.781277],[-107.460742,37.779838],[-107.461745,37.778674],[-107.463875,37.777081],[-107.465182,37.774395],[-107.464884,37.77361],[-107.466391,37.770881],[-107.467546,37.769414],[-107.466832,37.766394],[-107.468165,37.765515],[-107.46901,37.765169],[-107.469032,37.766196],[-107.470816,37.766552],[-107.473279,37.767628],[-107.474767,37.767671],[-107.476213,37.768549],[-107.47842,37.769268],[-107.480896,37.768081],[-107.482245,37.768353],[-107.48209,37.752926],[-107.482207,37.743884],[-107.482182,37.669838],[-107.482179,37.643048],[-107.482179,37.639501],[-107.499099,37.639478],[-107.500612,37.639628],[-107.536979,37.639628],[-107.591984,37.639629],[-107.691852,37.639577],[-107.743187,37.639547],[-107.75061,37.640315],[-107.758904,37.64033],[-107.789598,37.640212],[-107.799754,37.640169],[-107.803947,37.640156],[-107.80612,37.640147],[-107.810153,37.640132],[-107.810654,37.64013],[-107.818042,37.640101],[-107.817838,37.63139],[-107.81753,37.618702],[-107.817627,37.611499],[-107.822152,37.611498],[-107.822073,37.604195],[-107.826587,37.604182],[-107.826494,37.5968],[-107.831058,37.596789],[-107.831568,37.583338],[-107.831538,37.579948],[-107.826978,37.579941],[-107.826675,37.564124],[-107.827097,37.564098],[-107.827031,37.560318],[-107.826608,37.560283],[-107.826361,37.536854],[-107.821798,37.536729],[-107.82189,37.482301],[-107.817373,37.482459],[-107.817245,37.467979],[-107.812612,37.467547],[-107.812659,37.464582],[-107.813086,37.437783],[-107.817626,37.437767],[-107.817794,37.430422],[-107.844641,37.430175],[-107.844707,37.433796],[-107.849151,37.433791],[-107.852463,37.433787],[-107.853563,37.433786],[-107.853563,37.42654],[-107.851024,37.426543],[-107.849069,37.426545],[-107.849048,37.424342],[-107.84952,37.42292],[-107.849681,37.40877],[-107.842588,37.408588],[-107.838577,37.408435],[-107.837138,37.411826],[-107.836887,37.411704],[-107.835563,37.410906],[-107.827518,37.40881],[-107.827285,37.408401],[-107.824265,37.408391],[-107.818752,37.408433],[-107.81364,37.408486],[-107.804422,37.408582],[-107.804451,37.40145],[-107.813498,37.401298],[-107.813497,37.400614],[-107.813492,37.394047],[-107.821181,37.394072],[-107.821101,37.392433],[-107.820835,37.386888],[-107.822434,37.386848],[-107.822368,37.379795],[-107.828474,37.37963],[-107.831379,37.379551],[-107.831444,37.365526],[-107.832203,37.337963],[-107.831817,37.319302],[-107.831624,37.309996],[-107.832812,37.309993],[-107.83317,37.307162],[-107.830656,37.307304],[-107.830576,37.305495],[-107.83092,37.305051],[-107.830807,37.301399],[-107.830692,37.297689],[-107.835382,37.297319],[-107.835324,37.296485],[-107.835179,37.293697],[-107.835575,37.291704],[-107.835824,37.290273],[-107.835631,37.28715],[-107.835599,37.286551],[-107.836495,37.286455],[-107.839616,37.286104],[-107.839569,37.285004],[-107.839438,37.28194],[-107.844148,37.281956],[-107.844033,37.278945],[-107.84513,37.277723],[-107.839247,37.277835],[-107.831473,37.279688],[-107.831501,37.276158],[-107.827035,37.276216],[-107.822598,37.276274],[-107.82258,37.279873],[-107.813769,37.280194],[-107.813673,37.265774],[-107.801399,37.265847],[-107.795643,37.265917],[-107.795662,37.26952],[-107.795348,37.271303],[-107.795223,37.272776],[-107.795854,37.274025],[-107.794408,37.275031],[-107.793653,37.27524],[-107.793291,37.276511],[-107.792208,37.278003],[-107.792038,37.279107],[-107.793001,37.281966],[-107.79308,37.286167],[-107.793489,37.287453],[-107.795419,37.287652],[-107.796369,37.287951],[-107.796351,37.289321],[-107.794833,37.293276],[-107.794688,37.294793],[-107.793984,37.296338],[-107.791328,37.298764],[-107.791464,37.299889],[-107.79148,37.30548],[-107.79576,37.30546],[-107.79576,37.305777],[-107.79576,37.309086],[-107.800224,37.30902],[-107.800243,37.312458],[-107.799905,37.312624],[-107.800232,37.31278],[-107.800343,37.32346],[-107.795872,37.323483],[-107.795776,37.319912],[-107.791411,37.319925],[-107.791461,37.32351],[-107.789659,37.323527],[-107.789091,37.323522],[-107.781997,37.323587],[-107.782109,37.319995],[-107.77748,37.320041],[-107.777478,37.319824],[-107.77741,37.31286],[-107.776646,37.31235],[-107.776942,37.311521],[-107.775219,37.311873],[-107.776996,37.310466],[-107.776403,37.309642],[-107.774999,37.308159],[-107.776,37.306647],[-107.776991,37.306554],[-107.777557,37.305802],[-107.777635,37.30183],[-107.782403,37.301842],[-107.782393,37.298206],[-107.772922,37.29822],[-107.772948,37.294673],[-107.746017,37.294868],[-107.74602,37.296896],[-107.746041,37.309401],[-107.743631,37.309421],[-107.70521,37.309729],[-107.705287,37.311657],[-107.705311,37.338286],[-107.702181,37.338352],[-107.701244,37.338339],[-107.69911,37.338311],[-107.696156,37.338271],[-107.687415,37.337382],[-107.686713,37.337311],[-107.686703,37.339254],[-107.686699,37.340434],[-107.686678,37.344171],[-107.683803,37.344413],[-107.673622,37.345201],[-107.673063,37.34178],[-107.65086,37.34164],[-107.651454,37.345481],[-107.651468,37.347886],[-107.651475,37.352641],[-107.648272,37.351705],[-107.646778,37.351047],[-107.644046,37.349144],[-107.642733,37.348009],[-107.639972,37.345633],[-107.638735,37.343775],[-107.636187,37.340681],[-107.634789,37.339493],[-107.632164,37.338441],[-107.632273,37.335436],[-107.63184,37.332218],[-107.630206,37.327801],[-107.627112,37.328839],[-107.625629,37.329224],[-107.62121,37.329664],[-107.619059,37.329445],[-107.619166,37.333164],[-107.609878,37.333121],[-107.609825,37.336767],[-107.583574,37.336724],[-107.583417,37.336952],[-107.583415,37.336724],[-107.57798,37.336714],[-107.577972,37.337822],[-107.577954,37.340324],[-107.569966,37.341044],[-107.569959,37.344382],[-107.564093,37.344702],[-107.560872,37.344871],[-107.560892,37.33762],[-107.560654,37.333505],[-107.565191,37.333499],[-107.564998,37.330542],[-107.564971,37.330124],[-107.573781,37.329754],[-107.573874,37.333096],[-107.577995,37.333122],[-107.577996,37.332909],[-107.578004,37.331788],[-107.578018,37.329546],[-107.582561,37.329543],[-107.582571,37.324278],[-107.582574,37.322742],[-107.582581,37.318742],[-107.589606,37.318704],[-107.59171,37.320368],[-107.600804,37.320331],[-107.6008,37.318618],[-107.604999,37.318504],[-107.604091,37.317415],[-107.602659,37.31452],[-107.599922,37.309646],[-107.599444,37.308346],[-107.598831,37.303907],[-107.598332,37.302081],[-107.59824,37.301765],[-107.59629,37.294498],[-107.59634,37.278322],[-107.596847,37.276675],[-107.597798,37.27536],[-107.598455,37.273456],[-107.598909,37.268575],[-107.598313,37.264545],[-107.598679,37.261007],[-107.598844,37.254277],[-107.599742,37.251638],[-107.599769,37.251538],[-107.600417,37.24854],[-107.597764,37.249163],[-107.598637,37.250887],[-107.587431,37.250793],[-107.58739,37.247549],[-107.587316,37.23453],[-107.587556,37.234289],[-107.59069,37.233438],[-107.590692,37.233496],[-107.590989,37.233427],[-107.591883,37.233223],[-107.591889,37.233103],[-107.591862,37.231322],[-107.59203,37.231296],[-107.59365,37.231081],[-107.593742,37.230363],[-107.593403,37.230411],[-107.593406,37.229865],[-107.593652,37.229823],[-107.593984,37.229319],[-107.592863,37.229069],[-107.592447,37.22955],[-107.592566,37.22956],[-107.59255,37.229761],[-107.59279,37.229733],[-107.592797,37.22978],[-107.592822,37.229943],[-107.592361,37.230006],[-107.592375,37.230524],[-107.59211,37.230572],[-107.592004,37.230572],[-107.591169,37.231293],[-107.591111,37.231301],[-107.59103,37.231313],[-107.590399,37.231401],[-107.590024,37.231493],[-107.589977,37.231508],[-107.589785,37.23157],[-107.589246,37.231745],[-107.589171,37.23177],[-107.588991,37.231827],[-107.588859,37.231873],[-107.588657,37.231935],[-107.588435,37.232015],[-107.588085,37.232152],[-107.587804,37.23228],[-107.587615,37.232392],[-107.587513,37.232445],[-107.587399,37.232512],[-107.587361,37.232568],[-107.587345,37.232609],[-107.587261,37.233584],[-107.587113,37.234179],[-107.582507,37.23598],[-107.581667,37.232684],[-107.584495,37.232587],[-107.586209,37.232588],[-107.585968,37.229041],[-107.587333,37.228807],[-107.587318,37.227806],[-107.588157,37.227797],[-107.588496,37.227794],[-107.588388,37.22762],[-107.588271,37.227411],[-107.587894,37.226768],[-107.587809,37.226651],[-107.58763,37.226702],[-107.587477,37.226745],[-107.587318,37.226789],[-107.587333,37.226291],[-107.587363,37.225174],[-107.589657,37.225155],[-107.589627,37.223814],[-107.589564,37.221498],[-107.594354,37.221522],[-107.59561,37.222401],[-107.596272,37.222774],[-107.596555,37.222749],[-107.596408,37.216213],[-107.597869,37.216951],[-107.598515,37.218175],[-107.6047,37.21811],[-107.605276,37.219473],[-107.604076,37.219492],[-107.60468,37.221262],[-107.605551,37.221634],[-107.606755,37.223148],[-107.608012,37.223792],[-107.607134,37.224732],[-107.606665,37.224467],[-107.606616,37.224448],[-107.606774,37.22519],[-107.607034,37.225173],[-107.607156,37.225138],[-107.60722,37.225149],[-107.607208,37.22508],[-107.607417,37.225064],[-107.607503,37.22505],[-107.607769,37.225318],[-107.607785,37.225334],[-107.608092,37.225651],[-107.608242,37.225746],[-107.608411,37.22581],[-107.6085,37.22588],[-107.608107,37.225899],[-107.606568,37.225762],[-107.606612,37.22654],[-107.607173,37.228374],[-107.607307,37.228882],[-107.610048,37.228869],[-107.607466,37.229443],[-107.606516,37.229565],[-107.605564,37.228669],[-107.605597,37.227373],[-107.602864,37.227335],[-107.60271,37.227327],[-107.600726,37.229122],[-107.600093,37.229771],[-107.600409,37.229729],[-107.601467,37.229507],[-107.601461,37.2296],[-107.601158,37.230181],[-107.598396,37.23106],[-107.59792,37.230475],[-107.597883,37.230482],[-107.597568,37.228677],[-107.600115,37.228323],[-107.598705,37.227689],[-107.597533,37.225873],[-107.596305,37.225781],[-107.596264,37.230553],[-107.595772,37.230782],[-107.595989,37.23193],[-107.59793,37.231624],[-107.598262,37.233073],[-107.601344,37.23308],[-107.601009,37.231367],[-107.601531,37.231244],[-107.601501,37.231034],[-107.601469,37.23087],[-107.601449,37.230767],[-107.601376,37.230497],[-107.607569,37.229631],[-107.610417,37.229255],[-107.611253,37.229149],[-107.614976,37.228579],[-107.616669,37.227875],[-107.619567,37.225392],[-107.622294,37.222922],[-107.624669,37.221888],[-107.641566,37.218019],[-107.644157,37.217607],[-107.647924,37.218001],[-107.650699,37.219261],[-107.657148,37.224394],[-107.65911,37.225513],[-107.660971,37.225821],[-107.665393,37.22568],[-107.675382,37.223635],[-107.678727,37.223793],[-107.684064,37.226276],[-107.685428,37.226748],[-107.687719,37.226829],[-107.69118,37.226386],[-107.694522,37.226711],[-107.696459,37.22655],[-107.699675,37.225577],[-107.702075,37.225236],[-107.704271,37.225576],[-107.706616,37.226322],[-107.710069,37.226711],[-107.719784,37.227261],[-107.722265,37.227608],[-107.723699,37.227933],[-107.723648,37.214968],[-107.721246,37.214988],[-107.721162,37.213447],[-107.719767,37.21344],[-107.719745,37.214983],[-107.714186,37.214966],[-107.704482,37.214969],[-107.696836,37.214972],[-107.687452,37.214977],[-107.659257,37.214994],[-107.6593,37.198645],[-107.657189,37.198647],[-107.654738,37.19865],[-107.654786,37.193541],[-107.654744,37.191263],[-107.654684,37.183893],[-107.650581,37.183899],[-107.642971,37.183898],[-107.642007,37.183562],[-107.640903,37.183674],[-107.641141,37.182261],[-107.641195,37.176671],[-107.638757,37.176663],[-107.631836,37.176561],[-107.627893,37.176562],[-107.62752,37.177007],[-107.620465,37.176962],[-107.620178,37.183989],[-107.6155,37.183993],[-107.613602,37.183889],[-107.604732,37.183931],[-107.588559,37.183947],[-107.577253,37.184018],[-107.577232,37.18384],[-107.569126,37.183919],[-107.567857,37.183937],[-107.557499,37.183925],[-107.551728,37.183878],[-107.547335,37.183917],[-107.482078,37.183799],[-107.482088,37.168682],[-107.479944,37.170551],[-107.478698,37.171721],[-107.477612,37.173988],[-107.475075,37.17596],[-107.474044,37.177847],[-107.472122,37.180375],[-107.470932,37.183266],[-107.468627,37.184774],[-107.46764,37.186299],[-107.468595,37.188983],[-107.468224,37.19246],[-107.467836,37.193847],[-107.46619,37.195386],[-107.464952,37.197152],[-107.465369,37.197517],[-107.46428,37.198477],[-107.461534,37.199439],[-107.460563,37.20175],[-107.458731,37.203238],[-107.459734,37.205434],[-107.459134,37.207174],[-107.457045,37.206716],[-107.454556,37.207495],[-107.454843,37.209211],[-107.456531,37.210584],[-107.458211,37.212721],[-107.453879,37.211025],[-107.452245,37.20941],[-107.44956,37.207439],[-107.448152,37.206017],[-107.445892,37.202513],[-107.445164,37.200888],[-107.440338,37.198636],[-107.438731,37.196522],[-107.438607,37.193869],[-107.438223,37.193155],[-107.434673,37.190552],[-107.433259,37.18891],[-107.432539,37.187279],[-107.432353,37.185253],[-107.432909,37.183665],[-107.432834,37.182314],[-107.433541,37.180562],[-107.432628,37.17841],[-107.430013,37.174845],[-107.430638,37.173187],[-107.430425,37.168793],[-107.429026,37.166102],[-107.423557,37.162696],[-107.422377,37.162548],[-107.42237,37.161515],[-107.421073,37.160549],[-107.419612,37.158171],[-107.418672,37.157292],[-107.419057,37.1566],[-107.417369,37.155133],[-107.417911,37.153475],[-107.417624,37.151443],[-107.41641,37.149559],[-107.416733,37.147603],[-107.41591,37.146911],[-107.41569,37.145654],[-107.414627,37.144846],[-107.415204,37.143825],[-107.414099,37.143792],[-107.414648,37.142995],[-107.41357,37.140948],[-107.411055,37.139963],[-107.411048,37.139342],[-107.409607,37.139424],[-107.408455,37.137996],[-107.407584,37.138023],[-107.404595,37.134821],[-107.402921,37.133711],[-107.401736,37.131519],[-107.400454,37.130118],[-107.399542,37.129849],[-107.396381,37.127288],[-107.395633,37.127541],[-107.393134,37.12482],[-107.392936,37.123678],[-107.392134,37.123269],[-107.390975,37.121524],[-107.389375,37.120611],[-107.388743,37.119268],[-107.386975,37.117294],[-107.386338,37.117588],[-107.38535,37.116182],[-107.384475,37.11608],[-107.384756,37.112701],[-107.38474,37.109626],[-107.384152,37.109941],[-107.381978,37.111104],[-107.380463,37.112341],[-107.37815,37.115802],[-107.372915,37.120243],[-107.371172,37.121395],[-107.36618,37.124221],[-107.36292,37.127078],[-107.36142,37.129023],[-107.357995,37.132326],[-107.352114,37.137626],[-107.351082,37.138771],[-107.350188,37.141132],[-107.348924,37.14387],[-107.347609,37.1447],[-107.342282,37.146014],[-107.340508,37.147373],[-107.339055,37.150371],[-107.338884,37.153739],[-107.337525,37.156856],[-107.337768,37.158105],[-107.338839,37.159384],[-107.339224,37.160923],[-107.339141,37.161302],[-107.338487,37.162324],[-107.33653,37.163388],[-107.332188,37.163164],[-107.329483,37.162308],[-107.325051,37.160294],[-107.322649,37.159746],[-107.31979,37.159884],[-107.317576,37.16055],[-107.31498,37.162904],[-107.315449,37.161239],[-107.314968,37.158638],[-107.314098,37.157072],[-107.313937,37.15478],[-107.314329,37.153209],[-107.313123,37.151754],[-107.313068,37.15007],[-107.31072,37.147611],[-107.30972,37.146067],[-107.309889,37.144011],[-107.310649,37.141382],[-107.309615,37.140174],[-107.310247,37.139306],[-107.308822,37.136085],[-107.308521,37.133218],[-107.307846,37.131354],[-107.306007,37.129244],[-107.305331,37.127718],[-107.304093,37.126832],[-107.303027,37.1243],[-107.302783,37.121562],[-107.301681,37.118839],[-107.301983,37.116922],[-107.299982,37.116309],[-107.297815,37.11508],[-107.297339,37.112953],[-107.294965,37.112055],[-107.296025,37.110774],[-107.29509,37.109831],[-107.292674,37.110559],[-107.289982,37.108082],[-107.285253,37.106965],[-107.283896,37.106728],[-107.281661,37.105491],[-107.278607,37.10433],[-107.27711,37.105887],[-107.276269,37.105653],[-107.274821,37.103075],[-107.271795,37.10159],[-107.270106,37.100196],[-107.268572,37.098193],[-107.26673,37.096873],[-107.261213,37.096213],[-107.259554,37.095642],[-107.252901,37.091728],[-107.245552,37.089814],[-107.242081,37.088599],[-107.23661,37.088432],[-107.231054,37.086707],[-107.224483,37.085248],[-107.220427,37.083054],[-107.219649,37.082861],[-107.213238,37.083124],[-107.2086,37.082997],[-107.205975,37.083812],[-107.204361,37.083875],[-107.199955,37.082902],[-107.196972,37.081962],[-107.193305,37.079993],[-107.192816,37.081326],[-107.191686,37.083644],[-107.191,37.086241],[-107.189557,37.088115],[-107.187738,37.091484],[-107.1878,37.093405],[-107.187102,37.095938],[-107.184312,37.102147],[-107.18167,37.103963],[-107.1801,37.105417],[-107.177291,37.106889],[-107.17486,37.109647],[-107.173291,37.111856],[-107.171464,37.113054],[-107.171856,37.115947],[-107.170235,37.118767],[-107.168716,37.119872],[-107.167295,37.120177],[-107.163351,37.120333],[-107.16166,37.121489],[-107.160946,37.124379],[-107.163122,37.128685],[-107.163316,37.129717],[-107.16308,37.136294],[-107.161511,37.139184],[-107.161377,37.140864],[-107.160441,37.143404],[-107.160879,37.144208],[-107.163817,37.146226],[-107.165712,37.149306],[-107.166491,37.151219],[-107.166201,37.154413],[-107.16541,37.158454],[-107.167713,37.160789],[-107.16965,37.165118],[-107.170785,37.166207],[-107.177357,37.169027],[-107.179127,37.169984],[-107.181478,37.171763],[-107.186316,37.175897],[-107.188293,37.179121],[-107.191171,37.182581],[-107.191147,37.187279],[-107.191378,37.188138],[-107.193905,37.190908],[-107.195781,37.194041],[-107.195436,37.196379],[-107.196523,37.197118],[-107.197251,37.199072],[-107.203763,37.203113],[-107.205724,37.203636],[-107.209623,37.205251],[-107.211566,37.207598],[-107.213361,37.211359],[-107.213484,37.213984],[-107.212817,37.215011],[-107.212531,37.216873],[-107.211102,37.218434],[-107.210022,37.220215],[-107.210136,37.222331],[-107.208922,37.223182],[-107.20381,37.224054],[-107.200686,37.225511],[-107.195979,37.226001],[-107.195485,37.226524],[-107.195681,37.229035],[-107.193407,37.228982],[-107.190587,37.229974],[-107.183629,37.232816],[-107.180728,37.233563],[-107.178325,37.234627],[-107.175943,37.236136],[-107.174321,37.236594],[-107.169409,37.236855],[-107.166644,37.237611],[-107.160966,37.238275],[-107.15791,37.239033],[-107.155931,37.238958],[-107.153118,37.23947],[-107.149387,37.240761],[-107.14515,37.24105],[-107.141331,37.240808],[-107.139263,37.239565],[-107.137447,37.238893],[-107.135404,37.238646],[-107.133622,37.23847],[-107.132855,37.238911],[-107.131103,37.238679],[-107.128135,37.240265],[-107.126485,37.241791],[-107.12355,37.242717],[-107.122508,37.244964],[-107.119769,37.24747],[-107.118465,37.249525],[-107.117197,37.250566],[-107.115914,37.253138],[-107.115571,37.254588],[-107.11617,37.25573],[-107.115992,37.257021],[-107.114915,37.258949],[-107.112126,37.260291],[-107.112614,37.261787],[-107.104592,37.261829],[-107.104754,37.273309],[-107.104867,37.280364],[-107.104853,37.280362],[-107.104863,37.281057],[-107.104992,37.29033],[-107.104999,37.290732],[-107.118119,37.290652],[-107.125935,37.290603],[-107.126981,37.291384],[-107.13126,37.291118],[-107.134431,37.292165],[-107.136226,37.292258],[-107.136976,37.291774],[-107.138319,37.292368],[-107.142146,37.292171],[-107.142467,37.292684],[-107.141197,37.294308],[-107.141925,37.299385],[-107.142549,37.300702],[-107.144698,37.302678],[-107.144507,37.306074],[-107.14416,37.306872],[-107.14222,37.30727],[-107.140071,37.311412],[-107.140279,37.31259],[-107.141578,37.314444],[-107.140435,37.315813],[-107.141284,37.316905],[-107.141267,37.318135],[-107.142027,37.31892],[-107.142102,37.319275],[-107.141312,37.320016],[-107.142725,37.322226],[-107.142856,37.322837],[-107.141768,37.324506],[-107.14271,37.3272],[-107.143573,37.328447],[-107.143965,37.32833],[-107.146462,37.327884],[-107.147568,37.326799],[-107.150079,37.325637],[-107.153614,37.322666],[-107.155716,37.321226],[-107.157149,37.319749],[-107.160803,37.322011],[-107.165168,37.324119],[-107.167276,37.325492],[-107.167052,37.327115],[-107.171213,37.331327],[-107.171424,37.332196],[-107.170055,37.334004],[-107.166287,37.337643],[-107.166482,37.338469],[-107.170623,37.335636],[-107.173185,37.335019],[-107.17603,37.334869],[-107.177887,37.336849],[-107.178745,37.337085],[-107.181029,37.335819],[-107.185053,37.334638],[-107.187021,37.334803],[-107.190748,37.33662],[-107.193756,37.3361],[-107.191157,37.33511],[-107.189577,37.33413],[-107.190168,37.332549],[-107.194098,37.330831],[-107.196322,37.329237],[-107.19931,37.328587],[-107.201049,37.327893],[-107.204901,37.327535],[-107.203708,37.325268],[-107.201821,37.325137],[-107.201585,37.323882],[-107.201317,37.322679],[-107.202933,37.320676],[-107.203884,37.320586],[-107.207159,37.321455],[-107.20874,37.321388],[-107.21122,37.324286],[-107.212653,37.324725],[-107.213586,37.32427],[-107.215479,37.326204],[-107.216357,37.328908],[-107.218067,37.330294],[-107.219453,37.332674],[-107.219476,37.334246],[-107.220972,37.337229],[-107.220828,37.33843],[-107.221536,37.339037],[-107.221486,37.340264],[-107.22166,37.342304],[-107.221422,37.34845],[-107.222324,37.349998],[-107.221761,37.351589],[-107.221957,37.353782],[-107.222566,37.375017],[-107.224037,37.376284],[-107.22725,37.377323],[-107.23123,37.377394],[-107.232029,37.378319],[-107.232213,37.38068],[-107.232748,37.382092],[-107.23307,37.385035],[-107.232755,37.38562],[-107.229957,37.385574],[-107.227125,37.38594],[-107.227996,37.387673],[-107.228979,37.387926],[-107.230918,37.390145],[-107.231122,37.391073],[-107.22909,37.393817],[-107.228684,37.39518],[-107.227432,37.396607],[-107.225499,37.401213],[-107.225197,37.402228],[-107.223486,37.402559],[-107.21973,37.404742],[-107.218576,37.405142],[-107.220221,37.407181],[-107.22094,37.413045],[-107.221404,37.415212],[-107.221138,37.417482],[-107.219326,37.420995],[-107.217866,37.422982],[-107.211573,37.422961],[-107.202829,37.422954],[-107.192145,37.422953],[-107.16644,37.422948],[-107.165608,37.422948],[-107.12868,37.422942],[-107.128682,37.421783],[-107.128703,37.410594],[-107.128714,37.403949],[-107.128737,37.392409],[-107.1256,37.392486],[-107.11072,37.392449],[-107.089199,37.392455],[-107.067408,37.392359],[-107.049368,37.392304],[-107.045415,37.392304],[-107.022622,37.392703],[-107.000597,37.393136],[-106.97564,37.393313],[-106.960961,37.393438],[-106.907081,37.393806],[-106.898367,37.393863],[-106.875595,37.394023],[-106.871183,37.393665],[-106.837165,37.394279],[-106.836909,37.394287],[-106.801196,37.394975],[-106.790424,37.395208],[-106.750451,37.395975],[-106.729369,37.396046],[-106.710767,37.396238],[-106.710775,37.404228],[-106.710789,37.415616],[-106.71079,37.416168],[-106.710825,37.448235],[-106.710867,37.481611],[-106.710875,37.488015],[-106.710881,37.500008],[-106.71076,37.508377],[-106.710779,37.522012],[-106.710914,37.551073],[-106.710986,37.559853],[-106.710995,37.560963],[-106.711123,37.591524],[-106.7112,37.600567],[-106.7111,37.608739],[-106.711088,37.609858],[-106.71115,37.611748],[-106.711835,37.632291],[-106.711801,37.641417],[-106.711624,37.664273],[-106.695638,37.664271],[-106.695775,37.690849],[-106.69565,37.710293],[-106.695641,37.711171],[-106.695674,37.713218],[-106.695652,37.715364],[-106.695251,37.750002],[-106.694692,37.751318],[-106.69443,37.770006],[-106.69443,37.776309],[-106.694309,37.78452],[-106.694149,37.807195],[-106.694069,37.817704],[-106.693845,37.835244],[-106.693751,37.848327],[-106.693703,37.855374],[-106.693687,37.871679],[-106.693523,37.873519],[-106.697161,37.876111],[-106.699326,37.876434],[-106.70154,37.876354],[-106.704484,37.875844],[-106.706457,37.874999],[-106.707247,37.873911],[-106.710286,37.872568],[-106.712441,37.871994],[-106.714678,37.871901],[-106.718664,37.872849],[-106.722903,37.874999],[-106.736666,37.887881],[-106.750597,37.881491],[-106.755823,37.880624],[-106.773066,37.885575],[-106.778537,37.894862],[-106.783437,37.899532],[-106.795425,37.909621],[-106.801026,37.913699],[-106.80685,37.914822],[-106.807937,37.915381],[-106.818427,37.914039],[-106.82452,37.91873],[-106.82994,37.917894],[-106.833984,37.918914],[-106.841503,37.918891],[-106.84727,37.91917],[-106.852897,37.923884],[-106.859248,37.928578],[-106.864198,37.933245],[-106.866253,37.934091],[-106.868681,37.937937],[-106.86976,37.941454],[-106.871403,37.941894],[-106.874352,37.942685],[-106.875599,37.945823],[-106.877136,37.948582],[-106.87988,37.949861],[-106.879147,37.956401],[-106.878341,37.9585],[-106.879342,37.959937],[-106.879167,37.96111],[-106.880392,37.961207],[-106.881367,37.96224],[-106.882751,37.961534],[-106.889603,37.961871],[-106.89456,37.967104],[-106.897834,37.967891],[-106.899489,37.966788],[-106.902247,37.965645],[-106.905199,37.963901],[-106.908668,37.964053],[-106.911579,37.966478],[-106.913578,37.966292],[-106.91675,37.966436],[-106.920312,37.967431],[-106.920734,37.966433],[-106.924187,37.964869],[-106.927264,37.964204],[-106.930141,37.963298],[-106.933798,37.960866],[-106.935258,37.960363],[-106.935406,37.958786],[-106.937356,37.956647],[-106.941519,37.954259],[-106.944464,37.953725],[-106.946317,37.954005],[-106.949091,37.956695],[-106.950614,37.956732],[-106.952365,37.957447],[-106.952444,37.961853],[-106.953042,37.962809],[-106.955369,37.965017],[-106.961355,37.967952],[-106.962545,37.967846],[-106.961909,37.968941],[-106.962453,37.972317],[-106.964013,37.972522],[-106.967981,37.975039],[-106.969921,37.973135],[-106.972595,37.971988],[-106.977922,37.969088],[-106.985848,37.969042],[-106.987368,37.969179],[-106.987625,37.963737],[-106.988326,37.962073],[-106.989807,37.961032],[-106.994436,37.960772],[-106.995985,37.960169],[-106.996866,37.960392],[-106.997749,37.957319],[-106.999328,37.957021],[-107.000602,37.956041],[-107.001514,37.999996],[-107.001663,38.03683],[-107.001774,38.064117],[-107.001834,38.078692],[-107.001889,38.092906],[-107.001314,38.124995],[-107.001203,38.137512],[-107.001119,38.147072],[-107.001149,38.154659],[-107.001129,38.205777],[-107.00097,38.233959],[-107.00079,38.249994],[-107.000742,38.273957],[-107.00073,38.279768],[-107.000602,38.332014],[-107.000602,38.345629],[-107.000602,38.346634],[-107.000601,38.383997],[-107.000602,38.384114],[-107.000602,38.384373],[-107.000601,38.411894],[-107.001923,38.4124],[-107.00378,38.412705],[-107.004714,38.414056],[-107.005706,38.413919],[-107.007443,38.414612],[-107.008244,38.4171],[-107.010268,38.418271],[-107.010671,38.420726],[-107.011521,38.422094],[-107.013614,38.424325],[-107.014074,38.425313],[-107.015561,38.425248],[-107.016573,38.425836],[-107.020533,38.426801],[-107.021097,38.42704],[-107.021257,38.427288],[-107.022028,38.427644],[-107.022998,38.427635],[-107.024358,38.428371],[-107.025478,38.428648],[-107.027539,38.429746],[-107.028793,38.430043],[-107.029544,38.429965],[-107.03004,38.4301],[-107.031163,38.430047],[-107.03191,38.430124],[-107.03348,38.430614],[-107.034018,38.431157],[-107.034387,38.431767],[-107.035713,38.433085],[-107.03623,38.433755],[-107.03676,38.434118],[-107.038059,38.434678],[-107.038771,38.435129],[-107.039636,38.435909],[-107.040488,38.436414],[-107.040404,38.436931],[-107.040572,38.437309],[-107.040627,38.43748],[-107.04069,38.437557],[-107.04075,38.437623],[-107.040774,38.43765],[-107.0409,38.437776],[-107.041074,38.437969],[-107.041284,38.438282],[-107.04145,38.438476],[-107.041514,38.438551],[-107.041591,38.438628],[-107.041718,38.438728],[-107.041821,38.438809],[-107.041919,38.43888],[-107.041982,38.438952],[-107.042024,38.439012],[-107.042065,38.4391],[-107.042093,38.439188],[-107.042107,38.439298],[-107.042142,38.439496],[-107.042177,38.439605],[-107.042261,38.439699],[-107.042519,38.439951],[-107.042784,38.440155],[-107.042952,38.440264],[-107.043126,38.440369],[-107.043238,38.440424],[-107.043392,38.440484],[-107.043524,38.440517],[-107.043776,38.4406],[-107.04386,38.440638],[-107.043936,38.440698],[-107.044048,38.440797],[-107.044181,38.440935],[-107.044259,38.441025],[-107.044376,38.44116],[-107.044425,38.441226],[-107.044488,38.441341],[-107.04453,38.441445],[-107.044564,38.441583],[-107.04462,38.441907],[-107.044648,38.442121],[-107.044669,38.442187],[-107.044711,38.442236],[-107.044941,38.442423],[-107.045039,38.442483],[-107.045165,38.442549],[-107.045318,38.442615],[-107.04543,38.442654],[-107.045996,38.442786],[-107.04624,38.442824],[-107.046589,38.442923],[-107.047015,38.443154],[-107.04719,38.443264],[-107.047553,38.443461],[-107.047699,38.443549],[-107.048153,38.44378],[-107.048412,38.443879],[-107.048782,38.444],[-107.048928,38.444055],[-107.049271,38.444126],[-107.04948,38.444164],[-107.049676,38.444208],[-107.049794,38.444241],[-107.049969,38.444296],[-107.050346,38.444439],[-107.050534,38.444527],[-107.050681,38.444587],[-107.050967,38.444686],[-107.051365,38.444763],[-107.051756,38.444829],[-107.052071,38.4449],[-107.052559,38.445104],[-107.052741,38.445175],[-107.052874,38.445241],[-107.053467,38.44562],[-107.053621,38.445708],[-107.05376,38.445779],[-107.053963,38.445862],[-107.054577,38.446005],[-107.054717,38.446048],[-107.054843,38.446092],[-107.055332,38.446048],[-107.055457,38.446043],[-107.055541,38.446054],[-107.055639,38.446092],[-107.055918,38.446252],[-107.056086,38.446373],[-107.056232,38.446466],[-107.056365,38.446565],[-107.05647,38.446658],[-107.056755,38.446831],[-107.056789,38.446852],[-107.056556,38.446867],[-107.056787,38.449178],[-107.05754,38.451832],[-107.058797,38.4526],[-107.060682,38.454472],[-107.060408,38.455619],[-107.06192,38.459174],[-107.06197,38.461913],[-107.061544,38.46316],[-107.060472,38.464106],[-107.061099,38.466628],[-107.060943,38.467911],[-107.060926,38.468807],[-107.061935,38.469837],[-107.063344,38.472173],[-107.063443,38.473032],[-107.065847,38.475342],[-107.06409,38.476752],[-107.063545,38.477266],[-107.062938,38.478006],[-107.062508,38.478842],[-107.062295,38.479517],[-107.062004,38.481298],[-107.06159,38.483332],[-107.061233,38.484286],[-107.060467,38.485373],[-107.059477,38.486286],[-107.059208,38.486787],[-107.059098,38.487453],[-107.059096,38.487821],[-107.05895,38.488579],[-107.058934,38.488746],[-107.058846,38.489472],[-107.058799,38.489754],[-107.057177,38.489887],[-107.056224,38.489849],[-107.054814,38.48944],[-107.053675,38.488422],[-107.053084,38.487367],[-107.052343,38.486674],[-107.051338,38.486316],[-107.05018,38.48639],[-107.047884,38.487146],[-107.047334,38.487252],[-107.045922,38.486956],[-107.044514,38.486365],[-107.043561,38.486351],[-107.042865,38.486476],[-107.042398,38.486718],[-107.04133,38.488495],[-107.04089,38.488874],[-107.039987,38.489269],[-107.039406,38.489418],[-107.038771,38.489339],[-107.038083,38.489032],[-107.037246,38.488974],[-107.036287,38.489276],[-107.035615,38.489719],[-107.03511,38.490506],[-107.034685,38.491794],[-107.034328,38.492312],[-107.033246,38.49318],[-107.030734,38.494692],[-107.029862,38.495203],[-107.028794,38.495841],[-107.028242,38.496187],[-107.027827,38.496512],[-107.027147,38.497178],[-107.026867,38.497539],[-107.026473,38.498199],[-107.026312,38.498616],[-107.026183,38.499017],[-107.026095,38.499475],[-107.026044,38.500008],[-107.026064,38.500477],[-107.026156,38.501041],[-107.02689,38.504356],[-107.027064,38.505239],[-107.027086,38.505732],[-107.027076,38.505984],[-107.027011,38.506377],[-107.026805,38.506988],[-107.026598,38.50739],[-107.026436,38.507658],[-107.025207,38.509611],[-107.024844,38.510199],[-107.024444,38.510795],[-107.023892,38.511489],[-107.022822,38.512628],[-107.020303,38.515274],[-107.020145,38.515428],[-107.019787,38.515717],[-107.019508,38.515897],[-107.019207,38.51605],[-107.018843,38.516198],[-107.018475,38.516315],[-107.01408,38.517136],[-107.003752,38.520086],[-106.995602,38.521677],[-106.989627,38.522704],[-106.97992,38.522493],[-106.977325,38.522543],[-106.977316,38.522685],[-106.97729,38.522761],[-106.977224,38.522823],[-106.977123,38.522851],[-106.976842,38.522873],[-106.976558,38.522902],[-106.976282,38.52295],[-106.976052,38.523017],[-106.975579,38.523209],[-106.975407,38.52328],[-106.974841,38.523504],[-106.973103,38.524222],[-106.970792,38.525142],[-106.96997,38.525471],[-106.969756,38.525558],[-106.969126,38.525811],[-106.968103,38.52623],[-106.967458,38.526495],[-106.967201,38.526598],[-106.964489,38.52769],[-106.963586,38.528055],[-106.962729,38.528402],[-106.960999,38.529113],[-106.959543,38.529705],[-106.958435,38.530162],[-106.957631,38.530493],[-106.955204,38.531511],[-106.953438,38.532212],[-106.952285,38.532673],[-106.950921,38.533225],[-106.950514,38.53339],[-106.949102,38.533947],[-106.948986,38.536753],[-106.94981,38.538756],[-106.949634,38.540675],[-106.949215,38.543047],[-106.951317,38.545863],[-106.950838,38.546718],[-106.950797,38.546821],[-106.948608,38.549395],[-106.948085,38.551325],[-106.948575,38.55349],[-106.949865,38.554879],[-106.950967,38.555533],[-106.953682,38.55791],[-106.953961,38.558663],[-106.957103,38.560705],[-106.95765,38.562938],[-106.95865,38.566125],[-106.960196,38.567504],[-106.960673,38.569926],[-106.961639,38.571738],[-106.961899,38.575022],[-106.962375,38.575351],[-106.962082,38.577174],[-106.962606,38.577761],[-106.963797,38.579228],[-106.966014,38.578508],[-106.967442,38.579084],[-106.971415,38.57899],[-106.97362,38.579676],[-106.979531,38.579382],[-106.980595,38.579854],[-106.982533,38.57976],[-106.983912,38.580243],[-106.984842,38.57977],[-106.989355,38.580251],[-106.994204,38.581842],[-106.996766,38.583329],[-107.000148,38.586117],[-107.002623,38.588725],[-107.004978,38.589613],[-107.007278,38.591385],[-107.011475,38.592025],[-107.015565,38.592946],[-107.017715,38.594278],[-107.021977,38.597638],[-107.027274,38.601061],[-107.031119,38.603012],[-107.033199,38.604715],[-107.033761,38.606715],[-107.035179,38.609358],[-107.037772,38.611682],[-107.039898,38.615817],[-107.040494,38.617384],[-107.04302,38.620584],[-107.043499,38.622098],[-107.044962,38.623461],[-107.046096,38.623729],[-107.047195,38.627269],[-107.055266,38.626561],[-107.059533,38.626929],[-107.066125,38.62718],[-107.077566,38.626494],[-107.084704,38.624616],[-107.085513,38.626782],[-107.086374,38.627154],[-107.08719,38.628752],[-107.086478,38.629973],[-107.085839,38.632471],[-107.086838,38.635643],[-107.088563,38.638883],[-107.089072,38.640983],[-107.090774,38.642592],[-107.091604,38.643893],[-107.093751,38.645422],[-107.09501,38.646833],[-107.098662,38.64911],[-107.101744,38.650397],[-107.104069,38.654446],[-107.105004,38.654979],[-107.106989,38.65725],[-107.107787,38.658993],[-107.107685,38.659833],[-107.10891,38.660838],[-107.108733,38.661869],[-107.109535,38.662557],[-107.110412,38.665425],[-107.110038,38.665999],[-107.110808,38.667949],[-107.110047,38.669432],[-107.112147,38.672818],[-107.112481,38.675587],[-107.113776,38.678601],[-107.114858,38.680185],[-107.116258,38.681304],[-107.120001,38.68621],[-107.123079,38.688056],[-107.12545,38.688923],[-107.130596,38.68991],[-107.133886,38.689589],[-107.140202,38.688005],[-107.144991,38.687269],[-107.146392,38.686459],[-107.146749,38.702112],[-107.147373,38.734234],[-107.148341,38.784097],[-107.148291,38.789078],[-107.144608,38.789086],[-107.14335,38.789361],[-107.138798,38.791526],[-107.138917,38.792416],[-107.141184,38.793564],[-107.144481,38.794089],[-107.147462,38.795178],[-107.149532,38.796258],[-107.151727,38.799578],[-107.152355,38.802411],[-107.152657,38.803309],[-107.151103,38.805248],[-107.150023,38.807232],[-107.147357,38.809174],[-107.145802,38.809771],[-107.144714,38.811523],[-107.144316,38.81303],[-107.144601,38.814515],[-107.143557,38.81433],[-107.136245,38.817477],[-107.13589,38.821025],[-107.136377,38.823422],[-107.135224,38.825713],[-107.133089,38.826329],[-107.131298,38.82847],[-107.128072,38.833106],[-107.127562,38.83453],[-107.128037,38.836179],[-107.126359,38.837868],[-107.12581,38.839166],[-107.125604,38.843563],[-107.128815,38.846446],[-107.130383,38.848391],[-107.130918,38.850498],[-107.129866,38.851941],[-107.131138,38.854765],[-107.13476,38.855681],[-107.13409,38.856018],[-107.134084,38.857108],[-107.136147,38.860071],[-107.13614,38.860594],[-107.133183,38.863846],[-107.13319,38.865234],[-107.134011,38.866489],[-107.134715,38.86999],[-107.133784,38.871215],[-107.134358,38.873457],[-107.13409,38.8753],[-107.131909,38.877142],[-107.13267,38.879831],[-107.133298,38.880349],[-107.131132,38.886397],[-107.130264,38.890017],[-107.130075,38.892653],[-107.129496,38.895685],[-107.127461,38.897397],[-107.127362,38.898864],[-107.128823,38.902585],[-107.124756,38.908856],[-107.124043,38.910883],[-107.119803,38.913009],[-107.119864,38.915024],[-107.119,38.917783],[-107.11887,38.921191],[-107.120453,38.924537],[-107.11937,38.926537],[-107.11731,38.928201],[-107.116554,38.930485],[-107.117243,38.933535],[-107.116815,38.934983],[-107.115129,38.937374],[-107.115145,38.938753],[-107.116073,38.9417],[-107.115944,38.943125],[-107.114585,38.946752],[-107.11478,38.947809],[-107.11374,38.950526],[-107.112003,38.951813],[-107.111313,38.954629],[-107.108905,38.95592],[-107.107411,38.9577],[-107.105913,38.962607],[-107.107125,38.964096],[-107.107829,38.966736],[-107.106936,38.970058],[-107.105832,38.97201],[-107.107683,38.97547],[-107.10722,38.977241],[-107.104121,38.981348],[-107.103233,38.985057],[-107.103137,38.990077],[-107.10347,38.991748],[-107.106873,38.993001],[-107.1136,38.993333],[-107.117411,38.994073],[-107.118248,38.993973],[-107.121677,38.991762],[-107.125349,38.99105],[-107.129079,38.994217],[-107.132405,38.992663],[-107.133899,38.992338],[-107.137923,38.99383],[-107.140254,38.994083],[-107.143786,38.99639],[-107.147615,38.994117],[-107.153604,38.993936],[-107.156638,38.995074],[-107.159831,38.997711],[-107.160473,38.99999],[-107.165182,39.003613],[-107.166089,39.005239],[-107.166036,39.00678],[-107.168912,39.009535],[-107.170285,39.01287],[-107.171221,39.01402],[-107.172382,39.016629],[-107.171724,39.020624],[-107.172353,39.022122],[-107.17426,39.024882],[-107.176704,39.027801],[-107.178114,39.030329],[-107.179659,39.029694],[-107.181288,39.030841],[-107.184091,39.031509],[-107.187416,39.031222],[-107.189964,39.032479],[-107.193533,39.03328],[-107.198954,39.031251],[-107.204828,39.030681],[-107.208248,39.030853],[-107.21355,39.031421],[-107.214988,39.030181],[-107.216154,39.029999],[-107.222783,39.027957],[-107.22423,39.025007],[-107.226024,39.022999],[-107.227176,39.022277],[-107.232788,39.019834],[-107.235166,39.020155],[-107.237007,39.021882],[-107.240594,39.02248],[-107.243421,39.023541],[-107.250605,39.028733],[-107.252021,39.02781],[-107.255705,39.026741],[-107.257927,39.026538],[-107.259711,39.027205],[-107.261417,39.027017],[-107.263799,39.027912],[-107.265486,39.02954],[-107.269432,39.029673],[-107.272816,39.03083],[-107.2754,39.03026],[-107.276756,39.030106],[-107.277987,39.031958],[-107.280562,39.033604],[-107.281709,39.035956],[-107.27966,39.03863],[-107.277334,39.041004],[-107.277816,39.043895],[-107.279431,39.045538],[-107.280476,39.04764],[-107.280457,39.049528],[-107.278696,39.052437],[-107.27846,39.054373],[-107.280307,39.057123],[-107.282616,39.058566],[-107.285328,39.059874],[-107.287011,39.062486],[-107.28683,39.063736],[-107.285046,39.06721],[-107.285463,39.068655],[-107.286645,39.070103],[-107.282271,39.074852],[-107.281752,39.079596],[-107.282512,39.08068],[-107.280297,39.08345],[-107.279627,39.085078],[-107.277458,39.086823],[-107.276765,39.088992],[-107.277424,39.090691],[-107.281487,39.094777],[-107.281217,39.09649],[-107.279166,39.097809],[-107.281349,39.099075],[-107.282344,39.100426],[-107.282545,39.102331],[-107.283819,39.104607],[-107.283881,39.10865],[-107.284157,39.109465],[-107.282829,39.11022],[-107.282394,39.112689],[-107.283797,39.113524],[-107.286971,39.11388],[-107.287792,39.11515],[-107.286135,39.11575],[-107.28249,39.118718],[-107.281535,39.11932],[-107.281869,39.120879],[-107.283039,39.122876],[-107.282734,39.124054],[-107.28383,39.124572],[-107.285372,39.124986],[-107.284822,39.126393],[-107.28373,39.126962],[-107.2838,39.128614],[-107.284244,39.129075],[-107.285509,39.130946],[-107.2863,39.1337],[-107.285914,39.134813],[-107.286556,39.136923],[-107.287689,39.137895],[-107.288195,39.139764],[-107.290708,39.141673],[-107.292126,39.143909],[-107.293836,39.144709],[-107.294409,39.147261],[-107.295363,39.149435],[-107.295769,39.151634],[-107.295687,39.15365],[-107.296281,39.154333],[-107.299933,39.156468],[-107.300398,39.156582],[-107.300605,39.156541],[-107.300873,39.156427],[-107.301502,39.156215],[-107.302265,39.15597],[-107.302285,39.155964],[-107.304611,39.155711],[-107.305174,39.156652],[-107.307638,39.157134],[-107.311323,39.15949],[-107.311939,39.160431],[-107.314161,39.161978],[-107.315785,39.163842],[-107.318741,39.165313],[-107.321773,39.165768],[-107.324844,39.165796],[-107.328263,39.165339],[-107.334142,39.166443],[-107.336135,39.167668],[-107.337075,39.169067],[-107.34036,39.168568],[-107.34283,39.168453],[-107.348239,39.170308],[-107.353657,39.173324],[-107.35412,39.176087],[-107.355503,39.177193],[-107.357327,39.179394],[-107.358707,39.181565],[-107.35965,39.184834],[-107.361203,39.185109],[-107.363528,39.186324],[-107.365113,39.188244],[-107.366898,39.192041],[-107.370116,39.19376],[-107.373033,39.196713],[-107.375608,39.197931],[-107.376779,39.199024],[-107.377655,39.200822],[-107.377094,39.204134],[-107.378451,39.206266],[-107.378397,39.208146],[-107.379354,39.208467],[-107.380623,39.210229],[-107.379875,39.212068],[-107.378002,39.21486],[-107.376843,39.220364],[-107.377169,39.221425],[-107.376837,39.22338],[-107.377831,39.224113],[-107.378598,39.227549],[-107.377974,39.228757],[-107.379315,39.231091],[-107.377816,39.234016],[-107.375728,39.237004],[-107.371385,39.238924],[-107.371898,39.239816],[-107.373829,39.240581],[-107.375838,39.242891],[-107.375971,39.245518],[-107.37801,39.246805],[-107.379695,39.247289],[-107.384387,39.24792],[-107.386394,39.250303],[-107.389286,39.250248],[-107.390422,39.250591],[-107.391771,39.252311],[-107.392194,39.255009],[-107.394486,39.256299],[-107.394498,39.257348],[-107.393699,39.259026],[-107.391425,39.260591],[-107.391465,39.263881],[-107.387123,39.265815],[-107.383518,39.267773],[-107.380943,39.268203],[-107.379175,39.269101],[-107.377479,39.272208],[-107.378376,39.274804],[-107.379835,39.27574],[-107.381536,39.275126],[-107.383285,39.275502],[-107.387157,39.277881],[-107.391361,39.279096],[-107.394073,39.279388],[-107.394099,39.281682],[-107.395652,39.282307],[-107.396961,39.28356],[-107.396339,39.286373],[-107.396148,39.289513],[-107.396511,39.290663],[-107.397684,39.29182],[-107.396654,39.293912],[-107.398513,39.29511],[-107.403835,39.292786],[-107.404826,39.292727],[-107.406776,39.293037],[-107.408559,39.294098],[-107.412606,39.291877],[-107.414987,39.293786],[-107.418576,39.294835],[-107.421167,39.296856],[-107.42518,39.297812],[-107.431169,39.299005],[-107.434731,39.298594],[-107.435252,39.29925],[-107.437479,39.299564],[-107.43788,39.301004],[-107.439055,39.301695],[-107.439734,39.302491],[-107.438538,39.304292],[-107.437665,39.306676],[-107.4388,39.309019],[-107.440454,39.308409],[-107.445278,39.30852],[-107.447208,39.305788],[-107.448555,39.305676],[-107.449655,39.304559],[-107.451667,39.304528],[-107.454498,39.306545],[-107.456456,39.306927],[-107.456937,39.309236],[-107.459229,39.309686],[-107.461019,39.312618],[-107.462692,39.313793],[-107.465057,39.314242],[-107.465056,39.314742],[-107.463239,39.316852],[-107.464127,39.318745],[-107.464117,39.320343],[-107.465957,39.32212],[-107.463414,39.32427],[-107.462488,39.325733],[-107.462698,39.326964],[-107.46189,39.32757],[-107.455458,39.329393],[-107.453475,39.328843],[-107.450819,39.330034],[-107.449998,39.332664],[-107.445511,39.335263],[-107.444091,39.337005],[-107.443413,39.338505],[-107.44157,39.339913],[-107.438539,39.341019],[-107.438271,39.34224],[-107.438873,39.343282],[-107.436762,39.346386],[-107.435589,39.34694],[-107.434018,39.346804],[-107.432271,39.34721],[-107.430514,39.348222],[-107.430292,39.349096],[-107.430318,39.354281],[-107.429134,39.355383],[-107.428778,39.357436],[-107.429105,39.359884],[-107.428458,39.36248],[-107.429817,39.364006],[-107.430949,39.366178],[-107.426746,39.366168],[-107.409371,39.366173],[-107.401498,39.366158],[-107.403965,39.367628],[-107.404399,39.368675],[-107.402053,39.369122],[-107.397714,39.369333],[-107.393654,39.371231],[-107.393137,39.372803],[-107.391741,39.374388],[-107.390428,39.375247],[-107.389616,39.376661],[-107.38863,39.379987],[-107.388766,39.38109],[-107.387904,39.384124],[-107.388804,39.386305],[-107.388914,39.388779],[-107.38991,39.390099],[-107.390612,39.392118],[-107.39028,39.392962],[-107.388793,39.394023],[-107.386665,39.393181],[-107.384651,39.392825],[-107.383038,39.393079],[-107.381943,39.393889],[-107.381339,39.395584],[-107.380712,39.3972],[-107.378898,39.399084],[-107.378325,39.40032],[-107.375878,39.401066],[-107.372756,39.400106],[-107.369709,39.401255],[-107.367865,39.401106],[-107.365746,39.40228],[-107.362793,39.402629],[-107.361814,39.403102],[-107.359924,39.402749],[-107.360961,39.403934],[-107.359515,39.4044],[-107.362435,39.404405],[-107.364972,39.405084],[-107.368739,39.404392],[-107.369744,39.404581],[-107.367792,39.405431],[-107.366227,39.406863],[-107.369709,39.406472],[-107.374115,39.409518],[-107.374585,39.410425],[-107.37205,39.410283],[-107.371364,39.414313],[-107.372061,39.414251],[-107.373077,39.415588],[-107.374865,39.417066],[-107.372491,39.417383],[-107.374059,39.418513],[-107.372187,39.418787],[-107.373647,39.419526],[-107.372767,39.420087],[-107.374309,39.42023],[-107.373233,39.420778],[-107.375014,39.42245],[-107.375886,39.422733],[-107.37898,39.425325],[-107.380417,39.42615],[-107.381836,39.427657],[-107.381131,39.431507],[-107.381187,39.43366],[-107.381136,39.438019],[-107.381882,39.452577],[-107.3844,39.454911],[-107.385206,39.459019],[-107.385542,39.462117],[-107.386756,39.465703],[-107.388527,39.469227],[-107.390334,39.472025],[-107.392413,39.477131],[-107.394426,39.480156],[-107.394583,39.483656],[-107.393709,39.484676],[-107.389543,39.487117],[-107.387818,39.490132],[-107.385116,39.493203],[-107.410911,39.499193],[-107.437047,39.505007],[-107.438055,39.505239],[-107.438787,39.506067],[-107.438398,39.509125],[-107.439765,39.510075],[-107.439999,39.511101],[-107.441091,39.512078],[-107.440963,39.513874],[-107.441793,39.518551],[-107.442686,39.520846],[-107.442156,39.522484],[-107.440023,39.523818],[-107.436836,39.524263],[-107.436836,39.524433],[-107.433706,39.525441],[-107.432732,39.526562],[-107.43344,39.529364],[-107.435779,39.531731],[-107.436151,39.534086],[-107.432092,39.538298],[-107.432027,39.539154],[-107.436704,39.539747],[-107.441709,39.540637],[-107.443116,39.542735],[-107.450347,39.54531],[-107.451926,39.546262],[-107.456928,39.547417],[-107.456243,39.549382],[-107.456007,39.551604],[-107.45639,39.552856],[-107.456377,39.556441],[-107.456612,39.558478],[-107.458187,39.561541],[-107.459273,39.562265],[-107.459238,39.563638],[-107.459888,39.564519],[-107.460948,39.567167],[-107.463211,39.567765],[-107.461822,39.570582],[-107.460403,39.569799],[-107.458719,39.569538],[-107.45392,39.570454],[-107.451354,39.572064],[-107.447614,39.573717],[-107.447621,39.574065],[-107.447842,39.574749],[-107.448659,39.57485],[-107.45181,39.574167],[-107.452172,39.574623],[-107.45076,39.574969],[-107.449947,39.578088],[-107.450242,39.579382],[-107.449384,39.580429],[-107.449874,39.58465],[-107.449976,39.586532],[-107.448561,39.590009],[-107.448442,39.592985],[-107.448713,39.594702],[-107.44966,39.59569],[-107.450103,39.597758],[-107.448967,39.599871],[-107.45141,39.600773],[-107.452489,39.602112],[-107.454441,39.602765],[-107.455953,39.603874],[-107.457366,39.605493],[-107.460516,39.611372],[-107.461499,39.612311],[-107.462728,39.612426],[-107.464838,39.615197],[-107.464967,39.616384],[-107.463515,39.620889],[-107.463893,39.622415],[-107.46589,39.623361],[-107.465889,39.624624],[-107.467685,39.627144],[-107.468531,39.629139],[-107.466808,39.631149],[-107.467272,39.637635],[-107.466182,39.641712],[-107.466792,39.644789],[-107.466568,39.645361],[-107.467634,39.649771],[-107.469579,39.652027],[-107.469457,39.652867],[-107.47112,39.656452],[-107.473272,39.657957],[-107.473538,39.658775],[-107.475247,39.660394],[-107.479959,39.661309],[-107.48047,39.661845],[-107.47877,39.665337],[-107.477051,39.668152],[-107.478231,39.671488],[-107.478191,39.672204],[-107.478234,39.674424],[-107.47739,39.675505],[-107.474131,39.677517],[-107.471193,39.678164],[-107.466724,39.678843],[-107.46374,39.680438],[-107.461118,39.683202],[-107.459839,39.686565],[-107.457407,39.690671],[-107.456381,39.692045],[-107.45496,39.692787],[-107.452244,39.692211],[-107.449117,39.689605],[-107.447633,39.689605],[-107.44648,39.690237],[-107.448612,39.691934],[-107.451051,39.694871],[-107.454244,39.697838],[-107.456152,39.700272],[-107.457629,39.701014],[-107.460226,39.701559],[-107.4634,39.70152],[-107.468043,39.701014],[-107.470996,39.700462],[-107.473949,39.699483],[-107.477368,39.698977],[-107.481592,39.697856],[-107.483755,39.696916],[-107.488248,39.695961],[-107.488313,39.693068],[-107.489817,39.692551],[-107.490196,39.715893],[-107.490499,39.732195],[-107.49064,39.739333],[-107.490917,39.753396],[-107.491103,39.759367],[-107.491113,39.762128],[-107.491647,39.788346],[-107.491976,39.805215],[-107.492396,39.828294],[-107.476532,39.828267],[-107.447518,39.828311],[-107.43177,39.828377],[-107.431748,39.854651],[-107.431601,39.87498],[-107.431619,39.886084],[-107.431665,39.917725],[-107.38904,39.916699],[-107.328962,39.915249],[-107.318751,39.914968],[-107.318861,39.938687],[-107.319306,39.999981],[-107.319247,40.003765],[-107.317095,40.003762],[-107.317034,40.054026],[-107.317032,40.05536],[-107.317016,40.070403],[-107.317015,40.071535],[-107.317003,40.081998],[-107.316993,40.090765],[-107.308097,40.090776],[-107.25061,40.090858],[-107.218779,40.090846],[-107.125607,40.09109],[-107.101836,40.091463],[-107.07505,40.091483],[-107.074211,40.091522],[-107.037363,40.091538],[-107.037416,40.111016],[-107.037633,40.125038],[-107.037677,40.164253],[-107.037686,40.165617],[-107.038401,40.165645],[-107.038227,40.175747],[-107.037991,40.202844],[-107.037806,40.20979],[-107.037923,40.224766],[-107.037928,40.225372],[-107.040388,40.225457],[-107.047149,40.225219],[-107.056035,40.225174],[-107.057965,40.225278],[-107.076552,40.225347],[-107.088674,40.225791],[-107.096088,40.226062],[-107.09631,40.225136],[-107.100109,40.225139],[-107.115952,40.225156],[-107.119907,40.225159],[-107.120049,40.253229],[-107.120055,40.254691],[-107.115724,40.254641],[-107.112348,40.254669],[-107.095841,40.254705],[-107.095612,40.268795],[-107.097519,40.268806],[-107.101125,40.268706],[-107.101177,40.274831],[-107.101492,40.311336],[-107.120128,40.311776],[-107.120202,40.32623],[-107.116207,40.326151],[-107.101712,40.325864],[-107.101708,40.326994],[-107.101712,40.338337],[-107.097276,40.338412],[-107.087222,40.338581],[-107.08736,40.339177],[-107.087707,40.352713],[-107.088084,40.378955],[-107.088304,40.391096],[-107.088405,40.397751],[-107.088367,40.398602],[-107.096645,40.398659],[-107.097449,40.398678],[-107.137119,40.398611],[-107.140545,40.398615],[-107.143612,40.398559],[-107.143762,40.41566],[-107.14403,40.44592],[-107.144122,40.456248],[-107.128172,40.455873],[-107.125411,40.455808],[-107.125375,40.453448],[-107.125065,40.43296],[-107.124971,40.426752],[-107.122671,40.426742],[-107.08965,40.426611],[-107.085005,40.426592],[-107.073847,40.426538],[-107.069794,40.426532],[-107.069762,40.430843],[-107.069576,40.455254],[-107.053772,40.455978],[-107.038949,40.455974],[-107.038202,40.455971],[-107.002909,40.455946],[-107.002671,40.463626],[-107.002567,40.466957],[-107.002555,40.467355],[-107.002446,40.470848],[-107.002428,40.471426],[-107.002195,40.4789],[-107.001844,40.480439],[-107.001792,40.485324],[-107.001792,40.48617],[-107.001798,40.515131],[-107.030036,40.514783],[-107.030383,40.517158],[-107.030227,40.54272],[-107.032104,40.543378],[-107.050457,40.543307],[-107.054955,40.54334],[-107.067459,40.54332],[-107.087511,40.543286],[-107.087637,40.569911],[-107.087681,40.579331],[-107.087789,40.608392],[-107.087847,40.609272],[-107.08424,40.610729],[-107.083222,40.612135],[-107.081018,40.612813],[-107.078234,40.614988],[-107.076677,40.61498],[-107.07401,40.61563],[-107.070778,40.614721],[-107.066457,40.614809],[-107.063369,40.616092],[-107.060023,40.616866],[-107.057023,40.618227],[-107.052835,40.619069],[-107.050223,40.619041],[-107.048596,40.61772],[-107.051351,40.615463],[-107.048726,40.616329],[-107.045913,40.615614],[-107.044348,40.613816],[-107.043112,40.613462],[-107.041672,40.611995],[-107.040149,40.609639],[-107.040442,40.606281],[-107.043437,40.60447],[-107.040525,40.604269],[-107.038805,40.603502],[-107.038225,40.601386],[-107.036832,40.600515],[-107.035897,40.598734],[-107.036611,40.596848],[-107.036653,40.594008],[-107.034842,40.595244],[-107.032531,40.593467],[-107.031969,40.59397],[-107.031363,40.5965],[-107.03138,40.598268],[-107.030256,40.60101],[-107.030145,40.603328],[-107.028313,40.604491],[-107.027865,40.606342],[-107.023389,40.606151],[-107.021276,40.605598],[-107.019828,40.604691],[-107.016603,40.605036],[-107.012653,40.606938],[-107.010426,40.606968],[-107.00897,40.607651],[-107.005708,40.607888],[-107.004004,40.607674],[-107.001364,40.608931],[-106.998243,40.609319],[-106.996633,40.610022],[-106.991734,40.611017],[-106.989755,40.611654],[-106.987354,40.610813],[-106.984279,40.610831],[-106.983377,40.608693],[-106.981565,40.607128],[-106.978694,40.606021],[-106.976086,40.605517],[-106.973264,40.604584],[-106.971628,40.604561],[-106.961878,40.601457],[-106.958729,40.598831],[-106.955895,40.595158],[-106.955917,40.5917],[-106.951546,40.591533],[-106.950242,40.590915],[-106.948317,40.591144],[-106.946291,40.591969],[-106.943386,40.591562],[-106.9379,40.591431],[-106.935686,40.592851],[-106.932844,40.590782],[-106.932158,40.590776],[-106.927402,40.591034],[-106.927264,40.594981],[-106.927004,40.59521],[-106.918467,40.595185],[-106.910444,40.595315],[-106.914317,40.598361],[-106.911631,40.597587],[-106.91141,40.598277],[-106.908045,40.596843],[-106.906992,40.596934],[-106.906182,40.595686],[-106.904051,40.595355],[-106.904679,40.596671],[-106.903714,40.59759],[-106.905068,40.599857],[-106.905068,40.601299],[-106.906767,40.602838],[-106.906767,40.604825],[-106.904684,40.60646],[-106.905805,40.607934],[-106.902696,40.607902],[-106.902408,40.6113],[-106.902953,40.612293],[-106.901799,40.613447],[-106.900773,40.613575],[-106.900389,40.614809],[-106.900901,40.615579],[-106.899491,40.615579],[-106.900068,40.617374],[-106.899171,40.618271],[-106.899876,40.619617],[-106.901414,40.620771],[-106.901414,40.621412],[-106.899042,40.623079],[-106.89579,40.623123],[-106.891766,40.624269],[-106.892111,40.623054],[-106.889454,40.623991],[-106.885807,40.62387],[-106.885756,40.625377],[-106.884586,40.623986],[-106.884586,40.625851],[-106.883859,40.626357],[-106.882913,40.624109],[-106.878828,40.62326],[-106.877555,40.624433],[-106.874953,40.625043],[-106.87151,40.625369],[-106.870263,40.624755],[-106.868439,40.624802],[-106.86727,40.624168],[-106.862008,40.623375],[-106.858161,40.626198],[-106.851238,40.629381],[-106.849191,40.629765],[-106.845187,40.629478],[-106.842122,40.629806],[-106.838551,40.629376],[-106.834731,40.62977],[-106.818165,40.633221],[-106.818169,40.63423],[-106.820442,40.637392],[-106.817812,40.641127],[-106.81389,40.643882],[-106.812744,40.643936],[-106.810729,40.645094],[-106.80907,40.644084],[-106.807263,40.644599],[-106.804189,40.642854],[-106.801874,40.643431],[-106.79987,40.645002],[-106.799543,40.64735],[-106.797391,40.648257],[-106.79641,40.648254],[-106.794324,40.649413],[-106.792205,40.649806],[-106.790189,40.648729],[-106.788324,40.648389],[-106.786657,40.649306],[-106.786234,40.650754],[-106.78142,40.64764],[-106.77942,40.64713],[-106.776011,40.645678],[-106.77296,40.644788],[-106.770155,40.646048],[-106.7674,40.646081],[-106.765295,40.645176],[-106.764042,40.642502],[-106.764178,40.64095],[-106.757792,40.640021],[-106.757335,40.640631],[-106.756271,40.639756],[-106.755478,40.640191],[-106.754245,40.638715],[-106.752673,40.639621],[-106.751344,40.63947],[-106.748942,40.638475],[-106.740956,40.638366],[-106.737249,40.640422],[-106.734837,40.640873],[-106.734222,40.639522],[-106.733288,40.639067],[-106.728656,40.639659],[-106.728373,40.641528],[-106.727557,40.642459],[-106.725168,40.643369],[-106.723327,40.641198],[-106.72091,40.641496],[-106.718767,40.642329],[-106.717455,40.643268],[-106.715545,40.643963],[-106.712566,40.644457],[-106.688998,40.635058],[-106.691166,40.634446],[-106.694209,40.632902],[-106.697162,40.629932],[-106.696958,40.629206],[-106.698264,40.627483],[-106.700435,40.627782],[-106.703622,40.627771],[-106.701011,40.625957],[-106.703957,40.621838],[-106.70379,40.62013],[-106.706149,40.616597],[-106.706,40.614399],[-106.703741,40.610553],[-106.703658,40.60862],[-106.704348,40.607386],[-106.702345,40.605996],[-106.701862,40.604402],[-106.698723,40.602039],[-106.698276,40.601339],[-106.698267,40.59939],[-106.695261,40.598195],[-106.694148,40.595241],[-106.694035,40.593557],[-106.694766,40.592009],[-106.698003,40.588764],[-106.6997,40.586022],[-106.698642,40.583494],[-106.699922,40.581961],[-106.700146,40.580269],[-106.702341,40.578025],[-106.699975,40.57575],[-106.698896,40.575148],[-106.697131,40.572662],[-106.696867,40.570544],[-106.694178,40.566915],[-106.692188,40.563537],[-106.691807,40.561169],[-106.69286,40.558581],[-106.692851,40.556639],[-106.68771,40.552105],[-106.686218,40.551327],[-106.68474,40.548921],[-106.683378,40.544532],[-106.680761,40.544593],[-106.678236,40.544049],[-106.677363,40.542465],[-106.67733,40.539734],[-106.676689,40.538035],[-106.674689,40.536935],[-106.671688,40.535844],[-106.669845,40.534446],[-106.669701,40.532027],[-106.671356,40.530157],[-106.673282,40.526931],[-106.6737,40.523685],[-106.672064,40.521214],[-106.669475,40.520139],[-106.667101,40.520143],[-106.665621,40.519445],[-106.664677,40.518319],[-106.661777,40.515963],[-106.65961,40.515],[-106.658974,40.514276],[-106.660793,40.512959],[-106.661105,40.511944],[-106.659285,40.510577],[-106.656581,40.509744],[-106.655808,40.509141],[-106.655452,40.507103],[-106.655583,40.503413],[-106.656315,40.501768],[-106.656042,40.499978],[-106.654818,40.499029],[-106.65461,40.496443],[-106.653113,40.494732],[-106.653925,40.492439],[-106.656375,40.491382],[-106.657619,40.491209],[-106.65931,40.490198],[-106.657883,40.489139],[-106.657294,40.487028],[-106.656185,40.485608],[-106.656233,40.484408],[-106.657163,40.483435],[-106.660631,40.481448],[-106.663281,40.480272],[-106.663871,40.478163],[-106.664772,40.477118],[-106.667063,40.476061],[-106.667281,40.472647],[-106.666361,40.471211],[-106.665301,40.470524],[-106.663489,40.470583],[-106.659607,40.471749],[-106.657881,40.471559],[-106.658447,40.466594],[-106.65746,40.46243],[-106.658892,40.460219],[-106.658957,40.459376],[-106.656495,40.456043],[-106.656412,40.451495],[-106.655806,40.450191],[-106.653855,40.449511],[-106.651755,40.449778],[-106.651623,40.448282],[-106.652112,40.445231],[-106.651856,40.442145],[-106.650342,40.439781],[-106.648612,40.438544],[-106.643351,40.436041],[-106.639126,40.43292],[-106.638601,40.432244],[-106.636136,40.432009],[-106.632508,40.432565],[-106.628146,40.431108],[-106.624636,40.431164],[-106.623491,40.431729],[-106.622167,40.429763],[-106.623665,40.429583],[-106.626518,40.426955],[-106.62884,40.422178],[-106.629153,40.418925],[-106.628392,40.417626],[-106.627089,40.417316],[-106.625196,40.415007],[-106.624712,40.41356],[-106.62392,40.410903],[-106.62099,40.408018],[-106.619525,40.405245],[-106.618219,40.399754],[-106.61803,40.396637],[-106.618282,40.395282],[-106.617645,40.393198],[-106.615195,40.391009],[-106.613126,40.388716],[-106.611981,40.386831],[-106.61184,40.384085],[-106.611797,40.381009],[-106.612321,40.379383],[-106.60943,40.378288],[-106.60819,40.379732],[-106.603734,40.378334],[-106.602812,40.377684],[-106.602505,40.376082],[-106.601046,40.375804],[-106.596525,40.378853],[-106.596666,40.380992],[-106.594535,40.381427],[-106.594616,40.383178],[-106.592545,40.38112],[-106.590929,40.380736],[-106.589432,40.381801],[-106.587697,40.38143],[-106.585425,40.38226],[-106.583612,40.381026],[-106.58154,40.38067],[-106.579338,40.3794],[-106.576553,40.378558],[-106.56942,40.378567],[-106.56517,40.377863],[-106.564709,40.377538],[-106.562501,40.378392],[-106.559301,40.378079],[-106.556685,40.377276],[-106.556191,40.37558],[-106.555353,40.374233],[-106.555727,40.373428],[-106.555292,40.37204],[-106.553458,40.369869],[-106.550665,40.370435],[-106.547672,40.37017],[-106.545605,40.370766],[-106.543716,40.372064],[-106.539899,40.371342],[-106.53833,40.369873],[-106.538335,40.368641],[-106.534921,40.36508],[-106.534165,40.365839],[-106.531328,40.366622],[-106.52972,40.369113],[-106.529539,40.371784],[-106.528694,40.373766],[-106.527691,40.374982],[-106.526819,40.377212],[-106.527491,40.377481],[-106.526465,40.380553],[-106.527143,40.381182],[-106.526741,40.384085],[-106.525279,40.385807],[-106.523507,40.387074],[-106.521839,40.387469],[-106.520408,40.388455],[-106.520228,40.389713],[-106.518899,40.391022],[-106.515783,40.388384],[-106.514688,40.38833],[-106.5123,40.386753],[-106.510296,40.389277],[-106.51048,40.393386],[-106.509029,40.394121],[-106.506359,40.396949],[-106.503629,40.399292],[-106.502595,40.399343],[-106.50248,40.4004],[-106.500984,40.402596],[-106.498827,40.403594],[-106.495781,40.403585],[-106.494902,40.406879],[-106.492747,40.407976],[-106.491852,40.410045],[-106.489842,40.411578],[-106.488294,40.411267],[-106.4854,40.410122],[-106.48252,40.408429],[-106.478248,40.404805],[-106.477305,40.403747],[-106.477142,40.40253],[-106.477897,40.401041],[-106.477082,40.399717],[-106.478083,40.397552],[-106.479982,40.394802],[-106.479493,40.393592],[-106.47968,40.391949],[-106.481283,40.389431],[-106.477817,40.389251],[-106.474494,40.387984],[-106.473477,40.386836],[-106.472738,40.385152],[-106.471218,40.383436],[-106.471108,40.382276],[-106.473058,40.379961],[-106.473082,40.379389],[-106.470586,40.379034],[-106.467118,40.379193],[-106.464395,40.375912],[-106.464131,40.37187],[-106.463001,40.368697],[-106.463178,40.366993],[-106.461316,40.36657],[-106.458338,40.366528],[-106.456146,40.363337],[-106.456304,40.360641],[-106.455549,40.357984],[-106.457826,40.356118],[-106.457018,40.35451],[-106.454283,40.354294],[-106.452191,40.352969],[-106.450062,40.350955],[-106.44821,40.350311],[-106.445864,40.348112],[-106.444334,40.347682],[-106.44342,40.346533],[-106.439525,40.348792],[-106.439085,40.350151],[-106.436119,40.350356],[-106.433037,40.34956],[-106.431925,40.350748],[-106.429228,40.351382],[-106.427454,40.350814],[-106.426127,40.35128],[-106.423622,40.352525],[-106.421793,40.352793],[-106.420045,40.352214],[-106.419652,40.350862],[-106.41854,40.35013],[-106.417097,40.35008],[-106.414032,40.350945],[-106.413313,40.350841],[-106.410328,40.350156],[-106.40953,40.349313],[-106.407689,40.34642],[-106.405602,40.345966],[-106.404016,40.344952],[-106.400105,40.345654],[-106.397053,40.346874],[-106.395828,40.347012],[-106.3943,40.346025],[-106.390872,40.34565],[-106.389059,40.346111],[-106.388157,40.348327],[-106.386463,40.349588],[-106.385729,40.350862],[-106.385711,40.35216],[-106.383091,40.352894],[-106.381227,40.352797],[-106.379808,40.354061],[-106.378039,40.354927],[-106.37493,40.355395],[-106.372462,40.357031],[-106.370005,40.357474],[-106.368255,40.356397],[-106.366308,40.355922],[-106.364239,40.35646],[-106.36365,40.357546],[-106.360098,40.35835],[-106.353758,40.357536],[-106.353594,40.357001],[-106.351456,40.355837],[-106.350374,40.353111],[-106.345203,40.350051],[-106.344594,40.349202],[-106.34389,40.346531],[-106.341465,40.345499],[-106.337416,40.342659],[-106.337124,40.33973],[-106.334562,40.338943],[-106.32948,40.339148],[-106.322787,40.337835],[-106.321221,40.337325],[-106.319734,40.335188],[-106.316221,40.333565],[-106.312241,40.330184],[-106.308054,40.329315],[-106.305782,40.328463],[-106.305106,40.329644],[-106.305335,40.330829],[-106.302834,40.330266],[-106.299548,40.330291],[-106.298339,40.332406],[-106.29597,40.333091],[-106.296476,40.335284],[-106.295524,40.336501],[-106.29387,40.337625],[-106.294167,40.338251],[-106.296453,40.338992],[-106.298055,40.340389],[-106.298869,40.342853],[-106.298696,40.344833],[-106.297182,40.346927],[-106.298621,40.349958],[-106.297077,40.350537],[-106.295514,40.352138],[-106.295516,40.354242],[-106.290455,40.358371],[-106.28841,40.358038],[-106.286627,40.358853],[-106.284229,40.35579],[-106.281965,40.355025],[-106.280577,40.354953],[-106.279155,40.353848],[-106.277947,40.353723],[-106.276764,40.354936],[-106.274219,40.355835],[-106.271216,40.357282],[-106.269596,40.357562],[-106.269208,40.359295],[-106.265662,40.36095],[-106.261435,40.358104],[-106.260347,40.35819],[-106.257686,40.355177],[-106.256789,40.352397],[-106.255557,40.350924],[-106.253573,40.350325],[-106.253314,40.348419],[-106.253567,40.346626],[-106.25266,40.345965],[-106.252603,40.344682],[-106.251653,40.343666],[-106.250908,40.341783],[-106.251223,40.340765],[-106.247318,40.339188],[-106.246661,40.33823],[-106.244771,40.337322],[-106.243435,40.335694],[-106.242651,40.333685],[-106.241215,40.331684],[-106.2389,40.329816],[-106.238984,40.327956],[-106.23622,40.325746],[-106.230746,40.324486],[-106.230074,40.323382],[-106.225668,40.325169],[-106.221719,40.325791],[-106.220996,40.327579],[-106.218696,40.328797],[-106.217064,40.32908],[-106.214351,40.327991],[-106.211492,40.327663],[-106.206211,40.32789],[-106.203316,40.327158],[-106.201734,40.326451],[-106.198866,40.327107],[-106.196927,40.325617],[-106.194767,40.326467],[-106.19273,40.325853],[-106.189178,40.326532],[-106.189005,40.32768],[-106.18103,40.333424],[-106.179829,40.333991],[-106.180137,40.336014],[-106.179194,40.338264],[-106.177407,40.340565],[-106.175748,40.341508],[-106.174734,40.343183],[-106.172292,40.343413],[-106.17049,40.344006],[-106.168856,40.343546],[-106.164297,40.343329],[-106.162011,40.342612],[-106.160686,40.3405],[-106.159656,40.340483],[-106.157612,40.338981],[-106.156396,40.337049],[-106.152245,40.335359],[-106.151174,40.333744],[-106.149384,40.331967],[-106.147527,40.33209],[-106.146756,40.331394],[-106.142627,40.33018],[-106.140284,40.330103],[-106.136372,40.33029],[-106.136033,40.331378],[-106.134699,40.335439],[-106.133171,40.336513],[-106.131388,40.336638],[-106.127899,40.338042],[-106.127243,40.338896],[-106.125578,40.339507],[-106.121211,40.342524],[-106.120471,40.34379],[-106.116738,40.345852],[-106.114826,40.346305],[-106.105057,40.350171],[-106.101621,40.35384],[-106.09939,40.354473],[-106.097771,40.352849],[-106.094978,40.351142],[-106.091528,40.350091],[-106.08984,40.350062],[-106.087444,40.350379],[-106.085681,40.347183],[-106.081453,40.348365],[-106.077655,40.349785],[-106.076532,40.349952],[-106.071713,40.352329],[-106.069952,40.352693],[-106.065769,40.354357],[-106.064396,40.356601],[-106.063243,40.357243],[-106.061115,40.357418],[-106.057909,40.357029],[-106.056037,40.357673],[-106.054568,40.357636],[-106.051821,40.359296],[-106.050539,40.359454],[-106.046986,40.361864],[-106.043384,40.362896],[-106.041683,40.364589],[-106.040855,40.364775],[-106.039711,40.36665],[-106.036028,40.369099],[-106.033653,40.368876],[-106.03118,40.368267],[-106.029834,40.368432],[-106.02739,40.370867],[-106.026037,40.370855],[-106.024561,40.371777],[-106.018622,40.373295],[-106.016548,40.372833],[-106.014581,40.372864],[-106.013484,40.372129],[-106.013904,40.370586],[-106.011605,40.370276],[-106.011742,40.369488],[-106.013075,40.367977],[-106.01254,40.365483],[-106.01113,40.363956],[-106.010851,40.3619],[-106.007774,40.362476],[-106.005993,40.362162],[-106.004897,40.362539],[-105.998341,40.362493],[-105.996671,40.363803],[-105.994395,40.364568],[-105.992204,40.364189],[-105.986654,40.364582],[-105.983853,40.363134],[-105.981263,40.359631],[-105.978345,40.358023],[-105.975949,40.358225],[-105.973149,40.35469],[-105.97231,40.351561],[-105.969368,40.34955],[-105.96615,40.349523],[-105.962403,40.34805],[-105.959659,40.348149],[-105.959723,40.349381],[-105.95762,40.351692],[-105.95741,40.353007],[-105.955439,40.35481],[-105.954343,40.360297],[-105.951179,40.361753],[-105.949812,40.362947],[-105.945147,40.363947],[-105.942557,40.36434],[-105.940214,40.365814],[-105.938701,40.366058],[-105.938724,40.368684],[-105.937312,40.371941],[-105.940104,40.373583],[-105.941623,40.374129],[-105.946712,40.377248],[-105.947223,40.378069],[-105.945919,40.381449],[-105.946607,40.385047],[-105.943896,40.384542],[-105.94254,40.384927],[-105.940462,40.384524],[-105.936322,40.386196],[-105.93513,40.387678],[-105.933861,40.388506],[-105.93179,40.389088],[-105.930817,40.390238],[-105.927536,40.391026],[-105.92441,40.393162],[-105.923473,40.396484],[-105.922071,40.39812],[-105.920557,40.4018],[-105.919194,40.401329],[-105.916616,40.401863],[-105.9136,40.401617],[-105.910843,40.400513],[-105.907797,40.400468],[-105.904875,40.398969],[-105.90332,40.400751],[-105.903193,40.402657],[-105.901658,40.40649],[-105.902313,40.410258],[-105.902098,40.412907],[-105.899013,40.415211],[-105.897669,40.417727],[-105.898098,40.418985],[-105.89771,40.420948],[-105.897831,40.42358],[-105.8985,40.424296],[-105.898578,40.426806],[-105.900431,40.428075],[-105.902679,40.430342],[-105.903265,40.432762],[-105.901833,40.434778],[-105.902176,40.435656],[-105.90142,40.437879],[-105.899814,40.440769],[-105.899748,40.442108],[-105.898772,40.446206],[-105.897069,40.448788],[-105.898891,40.450258],[-105.899085,40.452517],[-105.899824,40.4545],[-105.898334,40.457397],[-105.898351,40.463509],[-105.899345,40.465645],[-105.897225,40.469205],[-105.894305,40.469547],[-105.892213,40.474148],[-105.892431,40.475342],[-105.891754,40.476661],[-105.888693,40.476413],[-105.886019,40.477343],[-105.881548,40.475866],[-105.87915,40.477094],[-105.874101,40.478441],[-105.872265,40.478296],[-105.871136,40.480065],[-105.869152,40.480986],[-105.865585,40.481373],[-105.862474,40.480226],[-105.860595,40.482035],[-105.857175,40.483271],[-105.854926,40.486252],[-105.847308,40.483931],[-105.846967,40.482791],[-105.843064,40.482994],[-105.841082,40.483618],[-105.839416,40.483008],[-105.837823,40.483033],[-105.834605,40.479869],[-105.832962,40.479989],[-105.830608,40.479568],[-105.827956,40.478289],[-105.82323,40.477101],[-105.822463,40.476829],[-105.820114,40.475972],[-105.81542,40.475339],[-105.812793,40.475855],[-105.811053,40.475773],[-105.807341,40.474527],[-105.80671,40.473081],[-105.808865,40.471078],[-105.810669,40.471087],[-105.810837,40.470531],[-105.80818,40.468868],[-105.805691,40.4665],[-105.804479,40.464224],[-105.804449,40.462965],[-105.805136,40.459233],[-105.805929,40.457876],[-105.805762,40.45689],[-105.807614,40.452262],[-105.807226,40.450662],[-105.80569,40.447882],[-105.806557,40.446202],[-105.810399,40.443231],[-105.811728,40.442853],[-105.813019,40.439161],[-105.815784,40.437434],[-105.816366,40.435519],[-105.814337,40.431334],[-105.814696,40.430712],[-105.814456,40.428522],[-105.817231,40.426488],[-105.817266,40.424323],[-105.816423,40.423991],[-105.81534,40.421486],[-105.812094,40.419907],[-105.809873,40.422957],[-105.808698,40.42386],[-105.806096,40.424987],[-105.803014,40.426627],[-105.802059,40.428084],[-105.799981,40.428136],[-105.798571,40.428713],[-105.796796,40.431029],[-105.794192,40.432486],[-105.791153,40.433724],[-105.789138,40.433943],[-105.787862,40.435839],[-105.786457,40.436667],[-105.779486,40.438117],[-105.776363,40.439012],[-105.773455,40.438918],[-105.771882,40.439504],[-105.766173,40.439788],[-105.761785,40.440996],[-105.759268,40.442423],[-105.75843,40.443908],[-105.754969,40.446381],[-105.756405,40.443595],[-105.755547,40.440972],[-105.748393,40.442704],[-105.746784,40.442606],[-105.744443,40.443984],[-105.743288,40.442691],[-105.745482,40.442169],[-105.746796,40.440918],[-105.746829,40.44021],[-105.744721,40.440584],[-105.742893,40.440487],[-105.73923,40.439594],[-105.738421,40.439023],[-105.732132,40.436653],[-105.731811,40.435078],[-105.730387,40.434918],[-105.730662,40.433268],[-105.729273,40.432971],[-105.729099,40.432079],[-105.731768,40.432634],[-105.730349,40.431208],[-105.733225,40.432413],[-105.731898,40.430629],[-105.729271,40.429885],[-105.727759,40.42898],[-105.726046,40.428814],[-105.722608,40.427548],[-105.718665,40.425726],[-105.716764,40.425404],[-105.707962,40.425722],[-105.706017,40.424915],[-105.704433,40.42527],[-105.70294,40.424608],[-105.704652,40.424703],[-105.705503,40.424206],[-105.700456,40.423443],[-105.698649,40.422838],[-105.695275,40.423019],[-105.694667,40.422024],[-105.693876,40.422546],[-105.692223,40.422425],[-105.690473,40.421461],[-105.688232,40.421412],[-105.682997,40.420411],[-105.680566,40.419077],[-105.676565,40.417452],[-105.674793,40.417741],[-105.671273,40.416981],[-105.66868,40.415881],[-105.670521,40.416197],[-105.667434,40.414974],[-105.660864,40.414859],[-105.655513,40.414266],[-105.649802,40.412769],[-105.648814,40.413005],[-105.647007,40.412531],[-105.642872,40.410752],[-105.640315,40.410159],[-105.637734,40.410351],[-105.634994,40.410114],[-105.631609,40.409748],[-105.629683,40.40891],[-105.626085,40.406427],[-105.624968,40.405341],[-105.623753,40.406174],[-105.621859,40.406119],[-105.619713,40.405005],[-105.612221,40.403114],[-105.610961,40.402916],[-105.606446,40.401904],[-105.603534,40.401881],[-105.601022,40.402399],[-105.598353,40.403913],[-105.599766,40.405501],[-105.599363,40.406067],[-105.595846,40.405724],[-105.593248,40.404776],[-105.589009,40.403176],[-105.588877,40.403131],[-105.58299,40.401532],[-105.581569,40.40126],[-105.577391,40.40061],[-105.576054,40.400065],[-105.573743,40.399356],[-105.570231,40.399001],[-105.568373,40.398231],[-105.568371,40.398013],[-105.568371,40.397871],[-105.567909,40.397876],[-105.567736,40.397876],[-105.564953,40.396228],[-105.56404,40.394539],[-105.562772,40.393361],[-105.562546,40.391847],[-105.56122,40.389864],[-105.5598,40.388748],[-105.557382,40.387867],[-105.556581,40.387076],[-105.556366,40.385997],[-105.556628,40.384624],[-105.556545,40.384371],[-105.554556,40.382628],[-105.554515,40.382606],[-105.554407,40.382554],[-105.554296,40.382507],[-105.554181,40.382467],[-105.554061,40.382433],[-105.553911,40.382408],[-105.551955,40.382727],[-105.547854,40.384118],[-105.543752,40.383793],[-105.540357,40.383129],[-105.535204,40.381415],[-105.532634,40.380637],[-105.529999,40.380296],[-105.528244,40.380174],[-105.526826,40.380152],[-105.525838,40.380171],[-105.525508,40.380184],[-105.522384,40.38044],[-105.518542,40.380713],[-105.517546,40.380155],[-105.516913,40.377983],[-105.512324,40.380439],[-105.509829,40.381687],[-105.50823,40.382453],[-105.507875,40.382624],[-105.506098,40.383399],[-105.503559,40.383824],[-105.502189,40.383744],[-105.498176,40.382709],[-105.495705,40.38164],[-105.49485,40.381248],[-105.490505,40.379307],[-105.490587,40.380334],[-105.490331,40.381347],[-105.488761,40.386508],[-105.488749,40.387224],[-105.488668,40.388944],[-105.488676,40.388981],[-105.488284,40.390745],[-105.487112,40.392982],[-105.486364,40.394303],[-105.484771,40.398605],[-105.484019,40.400025],[-105.478961,40.405342],[-105.477253,40.407081],[-105.473864,40.411032],[-105.472741,40.41315],[-105.472839,40.417376],[-105.470111,40.418074],[-105.469434,40.418532],[-105.467412,40.421321],[-105.465773,40.422039],[-105.462615,40.422013],[-105.461151,40.423337],[-105.459824,40.42324],[-105.45806,40.424249],[-105.457885,40.424443],[-105.457733,40.424559],[-105.45759,40.424656],[-105.457472,40.424721],[-105.457346,40.42476],[-105.457093,40.424767],[-105.456844,40.424861],[-105.456604,40.424965],[-105.454957,40.425822],[-105.456589,40.426588],[-105.457781,40.427697],[-105.457572,40.432083],[-105.457216,40.432947],[-105.452077,40.435739],[-105.450269,40.437682],[-105.45892,40.438064],[-105.461814,40.438179],[-105.464872,40.438263],[-105.474207,40.437735],[-105.482331,40.437494],[-105.493223,40.437177],[-105.504234,40.437286],[-105.512016,40.437455],[-105.512732,40.44846],[-105.513457,40.459619],[-105.514193,40.473663],[-105.515055,40.488524],[-105.515267,40.492072],[-105.508484,40.492261],[-105.497402,40.492573],[-105.460043,40.492549],[-105.459836,40.491613],[-105.45857,40.491032],[-105.458325,40.489691],[-105.455895,40.488088],[-105.454882,40.48838],[-105.453001,40.487622],[-105.452236,40.48622],[-105.453234,40.485504],[-105.452567,40.484498],[-105.447973,40.482074],[-105.447057,40.482852],[-105.447518,40.484176],[-105.444769,40.483245],[-105.444374,40.480842],[-105.442891,40.480553],[-105.442165,40.479488],[-105.439748,40.477902],[-105.439357,40.476641],[-105.43677,40.475841],[-105.434878,40.473687],[-105.433254,40.473586],[-105.431727,40.472601],[-105.432974,40.471874],[-105.432141,40.471663],[-105.430284,40.46992],[-105.428207,40.469306],[-105.427044,40.470321],[-105.427348,40.471357],[-105.426132,40.471349],[-105.426118,40.472302],[-105.425118,40.470998],[-105.421837,40.472426],[-105.421061,40.473143],[-105.4218,40.474407],[-105.419943,40.474856],[-105.416629,40.477609],[-105.416726,40.486032],[-105.416534,40.48734],[-105.414859,40.48872],[-105.414065,40.487498],[-105.410466,40.486446],[-105.405033,40.485831],[-105.404033,40.484734],[-105.401838,40.485189],[-105.400551,40.483798],[-105.398163,40.483795],[-105.39591,40.484384],[-105.395023,40.483963],[-105.39184,40.483962],[-105.392122,40.486124],[-105.390863,40.488408],[-105.389413,40.48797],[-105.387803,40.485849],[-105.379374,40.483905],[-105.377399,40.481064],[-105.376333,40.478286],[-105.374722,40.477897],[-105.372157,40.477846],[-105.371208,40.477068],[-105.369823,40.4778],[-105.367486,40.477404],[-105.367204,40.476456],[-105.365606,40.475776],[-105.363047,40.476412],[-105.362948,40.477693],[-105.35982,40.480201],[-105.359322,40.482158],[-105.355234,40.481945],[-105.353261,40.481429],[-105.351905,40.481622],[-105.348541,40.483533],[-105.344932,40.48385],[-105.341125,40.484636],[-105.339544,40.484587],[-105.337661,40.485593],[-105.331946,40.484753],[-105.328633,40.485339],[-105.32554,40.484979],[-105.324166,40.483982],[-105.323759,40.482632],[-105.3224,40.48224],[-105.320588,40.483182],[-105.319655,40.483184],[-105.316416,40.484382],[-105.314186,40.481686],[-105.3124,40.480826],[-105.310348,40.480993],[-105.308216,40.481702],[-105.304989,40.480575],[-105.303505,40.480975],[-105.302977,40.479184],[-105.301453,40.47862],[-105.301165,40.477432],[-105.29816,40.475593],[-105.297906,40.474215],[-105.296594,40.473687],[-105.295198,40.471046],[-105.294335,40.469603],[-105.292359,40.468113],[-105.290042,40.469129],[-105.289763,40.470404],[-105.288214,40.47118],[-105.288303,40.473139],[-105.287944,40.492915],[-105.287904,40.50049],[-105.287875,40.51402],[-105.287467,40.518003],[-105.287225,40.522351],[-105.287133,40.529408],[-105.287135,40.531171],[-105.287187,40.536644],[-105.27824,40.53662],[-105.274002,40.536703],[-105.273042,40.536722],[-105.266611,40.536849],[-105.267018,40.550429],[-105.267053,40.55154],[-105.257664,40.551595],[-105.257719,40.555241],[-105.248207,40.555414],[-105.248179,40.58068],[-105.248189,40.581717],[-105.248177,40.582666],[-105.248268,40.595114],[-105.247167,40.611094],[-105.247129,40.614844],[-105.247187,40.617269],[-105.247203,40.622263],[-105.243971,40.622235],[-105.246491,40.624143],[-105.24652,40.629397],[-105.247074,40.630532],[-105.247025,40.6305],[-105.246976,40.650695],[-105.247037,40.651573],[-105.246976,40.665595],[-105.247761,40.699095],[-105.247911,40.699285],[-105.24431,40.700118],[-105.241596,40.701069],[-105.241265,40.700796],[-105.239987,40.702618],[-105.237217,40.703426],[-105.234661,40.703215],[-105.233914,40.702456],[-105.23299,40.701633],[-105.231594,40.702626],[-105.231586,40.70423],[-105.23264,40.704642],[-105.235516,40.704627],[-105.235546,40.705456],[-105.234585,40.706183],[-105.231358,40.706793],[-105.230205,40.706629],[-105.230755,40.709169],[-105.230228,40.711183],[-105.230434,40.713989],[-105.231739,40.715184],[-105.234097,40.715445],[-105.235058,40.714232],[-105.237042,40.713331],[-105.238156,40.7155],[-105.239201,40.715872],[-105.242375,40.718757],[-105.242428,40.719969],[-105.237316,40.718664],[-105.23615,40.719597],[-105.235243,40.719801],[-105.233312,40.721542],[-105.230608,40.725641],[-105.228505,40.727595],[-105.227572,40.727907],[-105.224189,40.727281],[-105.219832,40.728025],[-105.216984,40.729236],[-105.215213,40.729602],[-105.214297,40.729655],[-105.210177,40.72836],[-105.20975,40.729699],[-105.208323,40.731147],[-105.20798,40.73258],[-105.206217,40.735237],[-105.206149,40.736439],[-105.210484,40.740374],[-105.212627,40.741235],[-105.213357,40.740958],[-105.215202,40.741821],[-105.213211,40.74372],[-105.211593,40.744479],[-105.211413,40.74364],[-105.209452,40.744198],[-105.209303,40.745374],[-105.20747,40.744633],[-105.206328,40.745956],[-105.204482,40.7471],[-105.202704,40.747346],[-105.201791,40.748144],[-105.201668,40.749206],[-105.202638,40.751431],[-105.201556,40.752121],[-105.198514,40.751639],[-105.195463,40.752114],[-105.192362,40.752912],[-105.190045,40.752285],[-105.186544,40.75189],[-105.185142,40.752035],[-105.181817,40.751444],[-105.179764,40.751448],[-105.172751,40.752582],[-105.170682,40.752434],[-105.170521,40.745635],[-105.170774,40.740809],[-105.167648,40.740794],[-105.158298,40.740771],[-105.134904,40.740713],[-105.134857,40.740594],[-105.134772,40.740712],[-105.127088,40.740694],[-105.114382,40.740661],[-105.114382,40.740494],[-105.095217,40.740341],[-105.085766,40.74028],[-105.076052,40.740315],[-105.060528,40.740314],[-105.057176,40.740494],[-105.045841,40.740469],[-105.044046,40.740465],[-105.037881,40.740453],[-105.037884,40.740114],[-105.018839,40.740137],[-105.013685,40.740401],[-105.00883,40.740342],[-105.00372,40.740538],[-105.000187,40.74061],[-104.993247,40.740608],[-104.992778,40.740609],[-104.99255,40.740609],[-104.991781,40.740576],[-104.98933,40.740349],[-104.982897,40.740333],[-104.962095,40.740282],[-104.943369,40.740221],[-104.943412,40.726077],[-104.943476,40.711295],[-104.943543,40.696509],[-104.94311,40.696495],[-104.943244,40.682254],[-104.939301,40.682369],[-104.937744,40.682918],[-104.93511,40.682277],[-104.924275,40.682528],[-104.924183,40.682508],[-104.910429,40.683099],[-104.905558,40.683303],[-104.88646,40.683416],[-104.867389,40.683459],[-104.848305,40.683603],[-104.828053,40.683139],[-104.810796,40.68285],[-104.791814,40.682678],[-104.777606,40.682598],[-104.772662,40.68256],[-104.770815,40.682562],[-104.770392,40.682458],[-104.753862,40.682541],[-104.753863,40.682298],[-104.734607,40.682301],[-104.734599,40.682625],[-104.715499,40.682559],[-104.696294,40.682423],[-104.677202,40.682322],[-104.667692,40.682317],[-104.658386,40.682424],[-104.658311,40.66807],[-104.658221,40.653394],[-104.658113,40.639329],[-104.65788,40.639029],[-104.63915,40.638652],[-104.634959,40.638815],[-104.632149,40.63854],[-104.619734,40.638343],[-104.601374,40.638131],[-104.601588,40.62358],[-104.601405,40.609362],[-104.601007,40.594424],[-104.601141,40.583853],[-104.601082,40.580026],[-104.596797,40.580128],[-104.592584,40.581348],[-104.590575,40.582682],[-104.582772,40.589688],[-104.560793,40.609302],[-104.544235,40.624045],[-104.531649,40.635272],[-104.528941,40.637305],[-104.525289,40.638539],[-104.522776,40.638728],[-104.507406,40.639127],[-104.500922,40.639046],[-104.4988,40.638055],[-104.498288,40.635081],[-104.496305,40.633458],[-104.495314,40.633779],[-104.493812,40.632201],[-104.494051,40.62973],[-104.491799,40.629594],[-104.489248,40.630236],[-104.488015,40.629275],[-104.489245,40.626781],[-104.486853,40.625872],[-104.48597,40.624969],[-104.48619,40.624172],[-104.48684,40.622249],[-104.487007,40.621591],[-104.487018,40.621548],[-104.487077,40.62077],[-104.486807,40.620564],[-104.485875,40.620061],[-104.485784,40.618825],[-104.484763,40.617407],[-104.480947,40.615623],[-104.480135,40.613221],[-104.478033,40.613313],[-104.478062,40.610705],[-104.478632,40.609896],[-104.478481,40.609469],[-104.474967,40.606656],[-104.474846,40.604299],[-104.472083,40.602812],[-104.471152,40.601691],[-104.46872,40.600548],[-104.468209,40.599083],[-104.467308,40.59826],[-104.466017,40.598077],[-104.463856,40.599039],[-104.463255,40.598398],[-104.462624,40.595507],[-104.460522,40.594966],[-104.45923,40.590596],[-104.46001,40.589131],[-104.458509,40.588125],[-104.458509,40.586935],[-104.459769,40.585104],[-104.459529,40.584349],[-104.457968,40.583114],[-104.457307,40.580528],[-104.458326,40.578148],[-104.455715,40.577119],[-104.455686,40.578972],[-104.454335,40.578606],[-104.452893,40.575792],[-104.452773,40.574373],[-104.454093,40.574007],[-104.454123,40.573046],[-104.451302,40.57252],[-104.449652,40.572772],[-104.448541,40.571628],[-104.448031,40.569088],[-104.4459,40.567509],[-104.445539,40.566654],[-104.432194,40.566644],[-104.424944,40.566505],[-104.4223,40.566607],[-104.412947,40.566626],[-104.412844,40.552086],[-104.412886,40.537273],[-104.412974,40.524243],[-104.414563,40.52296],[-104.414136,40.522945],[-104.424157,40.515511],[-104.432197,40.509551],[-104.440169,40.50375],[-104.44577,40.499451],[-104.451873,40.494934],[-104.455104,40.493302],[-104.473471,40.487931],[-104.479797,40.486082],[-104.488793,40.483447],[-104.49259,40.482248],[-104.499877,40.479199],[-104.501024,40.478949],[-104.507839,40.478868],[-104.52675,40.478788],[-104.545661,40.478696],[-104.545684,40.478696],[-104.564587,40.478741],[-104.583733,40.478729],[-104.593829,40.478665],[-104.601865,40.478705],[-104.602032,40.478705],[-104.601871,40.464106],[-104.602099,40.464101],[-104.602013,40.456881],[-104.601824,40.449679],[-104.601825,40.449632],[-104.601757,40.442325],[-104.601686,40.435113],[-104.602021,40.427992],[-104.589468,40.428117],[-104.583398,40.428144],[-104.583281,40.427346],[-104.583015,40.422129],[-104.578434,40.421641],[-104.576587,40.421111],[-104.57348,40.419116],[-104.56981,40.418754],[-104.568282,40.418299],[-104.563297,40.412316],[-104.563366,40.411973],[-104.561954,40.410076],[-104.559762,40.409324],[-104.556338,40.40926],[-104.552961,40.407884],[-104.549969,40.405468],[-104.548673,40.403756],[-104.545489,40.402588],[-104.543681,40.401148],[-104.541009,40.399804],[-104.539841,40.400028],[-104.538513,40.401772],[-104.534888,40.403741],[-104.53308,40.404013],[-104.531303,40.402493],[-104.529111,40.401773],[-104.526615,40.401549],[-104.524887,40.401005],[-104.523223,40.399949],[-104.522823,40.398733],[-104.519543,40.396461],[-104.519383,40.394701],[-104.518359,40.393565],[-104.515031,40.392093],[-104.512263,40.392237],[-104.509991,40.391469],[-104.507943,40.389325],[-104.504278,40.388525],[-104.50231,40.387741],[-104.500511,40.387858],[-104.496903,40.386979],[-104.492712,40.384853],[-104.491454,40.383481],[-104.491182,40.379934],[-104.488786,40.378634],[-104.488689,40.375658],[-104.488686,40.375596],[-104.488462,40.363457],[-104.488543,40.36312],[-104.489018,40.3626],[-104.516838,40.377559],[-104.517232,40.377562],[-104.518131,40.377571],[-104.526363,40.377644],[-104.535757,40.377555],[-104.545258,40.377439],[-104.556748,40.377499],[-104.56418,40.377538],[-104.564291,40.377538],[-104.57194,40.377437],[-104.5833,40.377364],[-104.583603,40.377298],[-104.598707,40.377378],[-104.601767,40.377394],[-104.601804,40.377392],[-104.601924,40.377394],[-104.602017,40.377394],[-104.60253,40.377399],[-104.604392,40.377414],[-104.606311,40.377254],[-104.610507,40.377425],[-104.610496,40.375458],[-104.610402,40.362945],[-104.610372,40.356153],[-104.610327,40.348369],[-104.602048,40.3484],[-104.602022,40.333902],[-104.602051,40.319439],[-104.602121,40.315787],[-104.602098,40.30494],[-104.602253,40.290437],[-104.602356,40.275998],[-104.602427,40.261475],[-104.602518,40.246988],[-104.602623,40.239674],[-104.602684,40.232742],[-104.602687,40.232371],[-104.602737,40.217691],[-104.602738,40.203429],[-104.602828,40.188793],[-104.602838,40.17072],[-104.602868,40.15982],[-104.602949,40.145422],[-104.602939,40.138279],[-104.602933,40.133886],[-104.602933,40.133859],[-104.602861,40.1239],[-104.602824,40.120093],[-104.602792,40.116692],[-104.602792,40.116663],[-104.60263,40.102158],[-104.599636,40.103577],[-104.5936,40.105465],[-104.574887,40.110177],[-104.570115,40.110813],[-104.565538,40.110646],[-104.565535,40.110287],[-104.565532,40.110008],[-104.565529,40.109646],[-104.565527,40.109401],[-104.565466,40.102284],[-104.584207,40.102327],[-104.584447,40.087728],[-104.58421,40.075841],[-104.585371,40.074586],[-104.585203,40.073191],[-104.596003,40.073158],[-104.597501,40.073153],[-104.596944,40.071946],[-104.598909,40.069565],[-104.598312,40.067414],[-104.595808,40.064486],[-104.596225,40.063868],[-104.595063,40.062518],[-104.592799,40.061924],[-104.592352,40.061055],[-104.59361,40.058627],[-104.594912,40.058308],[-104.594941,40.056889],[-104.593125,40.056981],[-104.59238,40.055654],[-104.590801,40.055197],[-104.591337,40.054281],[-104.592885,40.053548],[-104.592735,40.051946],[-104.593211,40.050985],[-104.592586,40.05007],[-104.590262,40.048354],[-104.588833,40.046638],[-104.587859,40.044093],[-104.58624,40.041123],[-104.585346,40.037691],[-104.584095,40.035952],[-104.583916,40.034625],[-104.584569,40.032656],[-104.585729,40.030871],[-104.585401,40.029727],[-104.58409,40.028766],[-104.584951,40.026706],[-104.584652,40.024074],[-104.583491,40.022908],[-104.58215,40.022679],[-104.582358,40.02126],[-104.580333,40.018651],[-104.581105,40.017118],[-104.582057,40.016546],[-104.581843,40.014841],[-104.581759,40.013685],[-104.580362,40.01309],[-104.579472,40.010573],[-104.579533,40.007781],[-104.575695,40.007988],[-104.574459,40.008766],[-104.573772,40.007965],[-104.574131,40.004875],[-104.572976,40.001372],[-104.572253,40.000593],[-104.565341,40.000595],[-104.546796,40.000602],[-104.527896,40.000627],[-104.508724,40.000599],[-104.494299,40.000617],[-104.489757,40.000613],[-104.490203,39.999891],[-104.490195,39.997818],[-104.490084,39.98467],[-104.489767,39.97015],[-104.489639,39.955685],[-104.485718,39.955674],[-104.470854,39.95563],[-104.45205,39.955654],[-104.433159,39.955741],[-104.414337,39.955638],[-104.4142,39.941099],[-104.414088,39.926648],[-104.413974,39.912197],[-104.413963,39.897599],[-104.413978,39.883138],[-104.413992,39.868655],[-104.414023,39.85416],[-104.414046,39.839674],[-104.414208,39.825186],[-104.414423,39.796288],[-104.414396,39.767166],[-104.41442,39.759928],[-104.415322,39.75808],[-104.414426,39.758355],[-104.414486,39.754921],[-104.409104,39.752715],[-104.406622,39.751766],[-104.403595,39.751165],[-104.393561,39.750968],[-104.391147,39.750363],[-104.389324,39.749511],[-104.38701,39.747648],[-104.38579,39.745715],[-104.383802,39.739845],[-104.382874,39.738103],[-104.380113,39.738108],[-104.37736,39.73812],[-104.377229,39.738121],[-104.377068,39.734099],[-104.376966,39.733038],[-104.376975,39.732777],[-104.377328,39.732817],[-104.377244,39.723833],[-104.377598,39.714153],[-104.37791,39.69223],[-104.378053,39.680298],[-104.382856,39.680319],[-104.396936,39.680318],[-104.396786,39.671959],[-104.39743,39.636626],[-104.397638,39.636626],[-104.397948,39.622055],[-104.397931,39.618081],[-104.398447,39.595719],[-104.398374,39.592935],[-104.398715,39.565816],[-104.398707,39.56395],[-104.388857,39.564037],[-104.381131,39.564097],[-104.37598,39.563949],[-104.365745,39.56422],[-104.366393,39.550551],[-104.366164,39.548135],[-104.366547,39.535672],[-104.366447,39.534813],[-104.365691,39.531214],[-104.366444,39.528719],[-104.367031,39.505966],[-104.367413,39.491492],[-104.406039,39.491631],[-104.406729,39.491599],[-104.422612,39.491545],[-104.441312,39.491457],[-104.457795,39.491458],[-104.469873,39.491454],[-104.512038,39.491592],[-104.529438,39.491637],[-104.532672,39.491662],[-104.53267,39.49179],[-104.5326,39.497518],[-104.532478,39.506047],[-104.532391,39.513383],[-104.532247,39.523578],[-104.532033,39.539352],[-104.529821,39.54218],[-104.527441,39.549335],[-104.52722,39.551174],[-104.527139,39.556952],[-104.527547,39.557266],[-104.531826,39.557489],[-104.531676,39.564678],[-104.538774,39.564797],[-104.544661,39.564882],[-104.552296,39.564975],[-104.569154,39.565283],[-104.575061,39.565394],[-104.582365,39.565523],[-104.58766,39.565618],[-104.587669,39.564423],[-104.587676,39.563582],[-104.587794,39.556233],[-104.587953,39.548125],[-104.588102,39.53966],[-104.588159,39.535683],[-104.588422,39.521139],[-104.58879,39.50158],[-104.588881,39.492013],[-104.589023,39.477371],[-104.589149,39.462974],[-104.591886,39.462963],[-104.600137,39.462959],[-104.606159,39.462979],[-104.619785,39.463128],[-104.62787,39.463222],[-104.650292,39.463345],[-104.662306,39.463516],[-104.662398,39.456014],[-104.662806,39.449001],[-104.662666,39.434398],[-104.662729,39.427492],[-104.662644,39.419999],[-104.66269,39.409985],[-104.662703,39.408666],[-104.662839,39.395483],[-104.662897,39.390957],[-104.663198,39.362054],[-104.663258,39.350639],[-104.663195,39.343262],[-104.663192,39.333039],[-104.663211,39.303961],[-104.663202,39.289376],[-104.663184,39.255674],[-104.66303,39.249414],[-104.662891,39.245822],[-104.662915,39.234903],[-104.662916,39.234355],[-104.662956,39.216714],[-104.66301,39.192822],[-104.662948,39.173157],[-104.662874,39.173156],[-104.662846,39.158627],[-104.662937,39.135484],[-104.662896,39.129527],[-104.65987,39.12952],[-104.657268,39.129516],[-104.645089,39.129526],[-104.644172,39.129528],[-104.644009,39.103702],[-104.644206,39.089185],[-104.644349,39.078225],[-104.644398,39.077582],[-104.644476,39.071265],[-104.644566,39.064017],[-104.640681,39.06402],[-104.62585,39.064089],[-104.607348,39.064136],[-104.607348,39.063448],[-104.607355,39.062647],[-104.607377,39.057013],[-104.607389,39.054225],[-104.607418,39.048428],[-104.607463,39.042751],[-104.617012,39.042367],[-104.626009,39.042258],[-104.625964,39.020461],[-104.619096,39.020414],[-104.607534,39.020549],[-104.607474,39.027833],[-104.599079,39.0277],[-104.599041,39.029433],[-104.594834,39.029298],[-104.594433,39.032375],[-104.592907,39.033011],[-104.589809,39.032948],[-104.589819,39.030962],[-104.58856,39.030928],[-104.575643,39.030905],[-104.57581,39.02748],[-104.571393,39.027467],[-104.571352,39.023745],[-104.566497,39.023665],[-104.565331,39.016162],[-104.563966,39.012848],[-104.56168,39.007243],[-104.561473,39.005903],[-104.562688,39.001474],[-104.562483,38.998162],[-104.562754,38.996924],[-104.565367,38.991368],[-104.568754,38.986994],[-104.569315,38.98522],[-104.568881,38.981833],[-104.569104,38.980492],[-104.553563,38.980461],[-104.55329,38.973739],[-104.559168,38.96937],[-104.559976,38.968777],[-104.561789,38.967436],[-104.572181,38.959725],[-104.578243,38.955068],[-104.570495,38.95502],[-104.559978,38.954959],[-104.552675,38.954902],[-104.552696,38.947509],[-104.552733,38.937521],[-104.552924,38.925309],[-104.553033,38.919629],[-104.553125,38.910849],[-104.553467,38.896386],[-104.553587,38.890889],[-104.553763,38.877458],[-104.553904,38.872852],[-104.554042,38.867547],[-104.553871,38.853356]],[[-107.596862,37.23104],[-107.596853,37.231462],[-107.596476,37.23159],[-107.59647,37.230802],[-107.596869,37.230762],[-107.596862,37.23104]]],[[[-107.601647,37.222649],[-107.601459,37.221588],[-107.600509,37.221399],[-107.600541,37.223255],[-107.601647,37.222649]]],[[[-107.600781,37.246947],[-107.60157,37.243376],[-107.601577,37.243336],[-107.601604,37.24321],[-107.601689,37.242834],[-107.601695,37.242806],[-107.601718,37.242709],[-107.601745,37.242591],[-107.60177,37.242469],[-107.601781,37.242415],[-107.601589,37.242416],[-107.601027,37.242422],[-107.600944,37.243319],[-107.598602,37.243261],[-107.59603,37.243619],[-107.595795,37.245696],[-107.597776,37.246905],[-107.600781,37.246947]]],[[[-107.602343,37.239019],[-107.60143,37.239023],[-107.601422,37.237484],[-107.600291,37.237452],[-107.600396,37.239881],[-107.602214,37.240443],[-107.602343,37.239019]]]]}},{"type":"Feature","properties":{"id":2,"NAME":"2","text-color":"#000000","text-size":16,"labelx":-106.083615,"labely":37.609497,"TotalPop":524973,"PopDevPct":0.00017129,"DemPct":0.53570594,"RepPct":0.42151485,"WhitePct":0.75431593,"MinorityPct":0.24568407,"BlackPct":0.02031776,"HispanicPct":0.15695828,"PacificPct":0.00274623,"AsianPct":0.02985742,"NativePct":0.04001991,"TotalVAP":415843,"Margin":0.03570594,"color":"#2020ff","opacity":"0.5"},"geometry":{"type":"MultiPolygon","coordinates":[[[[-105.473204,37.89597],[-105.473307,37.896649],[-105.476056,37.899389],[-105.477083,37.899298],[-105.478875,37.900505],[-105.479,37.902629],[-105.478351,37.903349],[-105.482604,37.905004],[-105.488145,37.909845],[-105.4884,37.910604],[-105.491145,37.915225],[-105.494109,37.9171],[-105.497197,37.920339],[-105.502273,37.92295],[-105.503116,37.923725],[-105.504893,37.927213],[-105.505687,37.927891],[-105.507042,37.93102],[-105.507251,37.932523],[-105.508364,37.936094],[-105.50957,37.937122],[-105.511086,37.939131],[-105.514591,37.93993],[-105.515729,37.942015],[-105.523572,37.948037],[-105.525534,37.94837],[-105.527147,37.949531],[-105.530378,37.953363],[-105.533315,37.955182],[-105.537703,37.955036],[-105.541949,37.956043],[-105.542737,37.95651],[-105.546191,37.956048],[-105.550101,37.953871],[-105.551826,37.950584],[-105.556357,37.95098],[-105.560311,37.951886],[-105.562351,37.953744],[-105.567192,37.957145],[-105.570692,37.958266],[-105.573281,37.961582],[-105.573982,37.961758],[-105.57562,37.963984],[-105.577676,37.965536],[-105.581286,37.96618],[-105.582616,37.965934],[-105.584462,37.967855],[-105.584158,37.969087],[-105.585054,37.970451],[-105.583964,37.973009],[-105.581522,37.975225],[-105.581855,37.977972],[-105.583191,37.979978],[-105.58591,37.979687],[-105.58716,37.984509],[-105.588156,37.986689],[-105.589899,37.987431],[-105.59043,37.988586],[-105.592071,37.992148],[-105.593663,37.992775],[-105.595739,37.995069],[-105.595892,37.99637],[-105.598413,37.997021],[-105.600244,37.999999],[-105.600596,38.002274],[-105.603907,38.003739],[-105.604636,38.005014],[-105.604392,38.006157],[-105.604868,38.007388],[-105.604355,38.008745],[-105.598876,38.011247],[-105.597273,38.012664],[-105.597112,38.013638],[-105.598325,38.016338],[-105.597952,38.020019],[-105.598698,38.022649],[-105.600805,38.023746],[-105.601233,38.024792],[-105.603114,38.027144],[-105.603527,38.031263],[-105.606513,38.031604],[-105.60938,38.032338],[-105.608561,38.033708],[-105.608854,38.034953],[-105.613246,38.038085],[-105.614003,38.039537],[-105.614957,38.043662],[-105.617206,38.045929],[-105.617996,38.047261],[-105.617564,38.049773],[-105.617807,38.05326],[-105.619878,38.053598],[-105.621199,38.054282],[-105.625563,38.055693],[-105.628206,38.057421],[-105.626749,38.059149],[-105.625962,38.061161],[-105.626263,38.063533],[-105.626928,38.064592],[-105.627206,38.06731],[-105.631397,38.068115],[-105.634159,38.06944],[-105.637276,38.072797],[-105.636484,38.075584],[-105.639369,38.078481],[-105.641241,38.078883],[-105.64248,38.07993],[-105.645284,38.082404],[-105.646449,38.085037],[-105.650105,38.086953],[-105.652007,38.088822],[-105.651965,38.089397],[-105.653649,38.09088],[-105.648398,38.09265],[-105.647216,38.093403],[-105.64248,38.091365],[-105.638365,38.090311],[-105.637541,38.090465],[-105.632725,38.088623],[-105.632249,38.089035],[-105.630444,38.08877],[-105.629226,38.091247],[-105.625964,38.093498],[-105.622612,38.094932],[-105.61862,38.097621],[-105.615962,38.098413],[-105.612944,38.098365],[-105.612499,38.09725],[-105.611358,38.096822],[-105.609231,38.097894],[-105.608273,38.098983],[-105.605437,38.10089],[-105.604305,38.103286],[-105.603374,38.104154],[-105.60343,38.105138],[-105.60115,38.106133],[-105.601679,38.107495],[-105.60077,38.110622],[-105.600639,38.112721],[-105.599632,38.115413],[-105.598082,38.117095],[-105.596651,38.120103],[-105.594054,38.122194],[-105.591421,38.122114],[-105.591121,38.122733],[-105.589257,38.122785],[-105.587519,38.124033],[-105.58467,38.125524],[-105.583142,38.126837],[-105.57877,38.129382],[-105.577036,38.130849],[-105.577639,38.132662],[-105.574817,38.133254],[-105.569502,38.133218],[-105.562498,38.132984],[-105.548506,38.132758],[-105.537242,38.132616],[-105.514206,38.132073],[-105.511631,38.13203],[-105.501581,38.13181],[-105.489118,38.131528],[-105.486368,38.131465],[-105.481834,38.131345],[-105.473032,38.131116],[-105.469367,38.131027],[-105.468778,38.131015],[-105.468142,38.131001],[-105.467527,38.130993],[-105.466308,38.130973],[-105.46569,38.130955],[-105.465106,38.130932],[-105.463836,38.130924],[-105.463835,38.132388],[-105.463797,38.133581],[-105.463789,38.134755],[-105.463735,38.135441],[-105.463719,38.135923],[-105.46493,38.135959],[-105.46615,38.135972],[-105.467367,38.135996],[-105.467331,38.136489],[-105.467335,38.137149],[-105.467583,38.138044],[-105.469052,38.139544],[-105.468331,38.141901],[-105.4678,38.14412],[-105.467442,38.145554],[-105.466637,38.14886],[-105.466218,38.15171],[-105.465843,38.156857],[-105.465395,38.157134],[-105.464542,38.158617],[-105.461902,38.160737],[-105.460549,38.162605],[-105.456002,38.164171],[-105.45392,38.164417],[-105.449664,38.16474],[-105.446892,38.164516],[-105.443461,38.164978],[-105.441377,38.164549],[-105.437855,38.164348],[-105.435709,38.161064],[-105.435348,38.160104],[-105.434599,38.146415],[-105.434412,38.145912],[-105.434921,38.144866],[-105.434932,38.144846],[-105.438203,38.138885],[-105.439615,38.13716],[-105.43982,38.136983],[-105.440537,38.136453],[-105.440822,38.136198],[-105.440615,38.136193],[-105.439647,38.136169],[-105.427234,38.135874],[-105.42142,38.135142],[-105.417003,38.134989],[-105.412047,38.135411],[-105.388599,38.137491],[-105.38431,38.138433],[-105.378453,38.140932],[-105.375189,38.142505],[-105.37187,38.144133],[-105.367206,38.146475],[-105.362789,38.148826],[-105.360269,38.151065],[-105.358992,38.151832],[-105.356951,38.152028],[-105.353283,38.151626],[-105.351056,38.150389],[-105.350817,38.149383],[-105.351425,38.145031],[-105.350544,38.144028],[-105.34656,38.141649],[-105.343452,38.140924],[-105.343069,38.140938],[-105.342049,38.141381],[-105.339868,38.143205],[-105.338473,38.144279],[-105.337156,38.144704],[-105.334936,38.143749],[-105.333102,38.143571],[-105.331167,38.144062],[-105.328831,38.143917],[-105.324616,38.145183],[-105.319291,38.148225],[-105.315194,38.152459],[-105.308043,38.15661],[-105.303297,38.158122],[-105.289485,38.163756],[-105.287571,38.164445],[-105.29203,38.170833],[-105.296614,38.172732],[-105.300142,38.175217],[-105.300413,38.176158],[-105.299682,38.177957],[-105.298505,38.17903],[-105.296072,38.17999],[-105.293816,38.180866],[-105.288844,38.182168],[-105.284156,38.182442],[-105.279963,38.183511],[-105.276839,38.185274],[-105.275355,38.186427],[-105.275473,38.187772],[-105.273947,38.189876],[-105.273641,38.191005],[-105.269682,38.193112],[-105.266279,38.1938],[-105.265361,38.194037],[-105.263693,38.19407],[-105.260196,38.196182],[-105.256486,38.196353],[-105.254214,38.196698],[-105.251798,38.198855],[-105.248465,38.200336],[-105.246109,38.200791],[-105.245177,38.20122],[-105.244317,38.203053],[-105.243163,38.203635],[-105.242438,38.205205],[-105.243356,38.206843],[-105.243695,38.208392],[-105.243081,38.209668],[-105.243068,38.211991],[-105.244794,38.213727],[-105.244636,38.214449],[-105.246355,38.216706],[-105.249402,38.220029],[-105.25144,38.221027],[-105.252224,38.22199],[-105.255248,38.223161],[-105.257302,38.224011],[-105.258246,38.224851],[-105.262187,38.226859],[-105.264621,38.228085],[-105.265692,38.230322],[-105.267878,38.230904],[-105.269659,38.232519],[-105.269773,38.233484],[-105.272355,38.2348],[-105.273123,38.235724],[-105.27414,38.235805],[-105.274417,38.236323],[-105.272791,38.23889],[-105.272533,38.2409],[-105.273208,38.243137],[-105.274803,38.245163],[-105.276252,38.245424],[-105.276381,38.246175],[-105.275496,38.24791],[-105.275654,38.249298],[-105.275726,38.251574],[-105.277233,38.252743],[-105.278794,38.252778],[-105.279824,38.254254],[-105.281198,38.254829],[-105.281667,38.256671],[-105.282538,38.257357],[-105.284481,38.257818],[-105.285282,38.258516],[-105.290284,38.258399],[-105.290321,38.258405],[-105.29183,38.258352],[-105.295973,38.258298],[-105.2998,38.25828],[-105.303958,38.258229],[-105.304045,38.258225],[-105.328931,38.258926],[-105.340858,38.25897],[-105.368889,38.259399],[-105.391854,38.259755],[-105.413653,38.260491],[-105.420482,38.260757],[-105.427307,38.26102],[-105.435583,38.261212],[-105.449994,38.261522],[-105.464267,38.261844],[-105.467197,38.262002],[-105.469586,38.262008],[-105.478209,38.262137],[-105.492927,38.262461],[-105.499633,38.262457],[-105.50112,38.262778],[-105.51048,38.262871],[-105.517438,38.262997],[-105.521556,38.263072],[-105.522789,38.263095],[-105.53585,38.263334],[-105.539492,38.263584],[-105.546805,38.2642],[-105.549218,38.264243],[-105.556334,38.264035],[-105.569017,38.264377],[-105.582565,38.264688],[-105.584354,38.26473],[-105.587417,38.2648],[-105.58758,38.264804],[-105.589891,38.264857],[-105.594249,38.264896],[-105.60192,38.264872],[-105.602889,38.264874],[-105.612555,38.264871],[-105.625017,38.26486],[-105.639168,38.265162],[-105.652032,38.26498],[-105.656089,38.265079],[-105.660301,38.264896],[-105.665773,38.264823],[-105.6823,38.264832],[-105.684308,38.265003],[-105.687418,38.264967],[-105.721303,38.265034],[-105.737431,38.264825],[-105.750562,38.265013],[-105.76295,38.264892],[-105.765552,38.265008],[-105.783414,38.265003],[-105.796897,38.265047],[-105.796855,38.266326],[-105.797671,38.266757],[-105.800013,38.269922],[-105.803272,38.270452],[-105.804015,38.270891],[-105.806642,38.270917],[-105.808435,38.271837],[-105.810874,38.2725],[-105.814604,38.272668],[-105.817868,38.273916],[-105.818973,38.273597],[-105.820215,38.274474],[-105.821474,38.276117],[-105.824185,38.277475],[-105.827123,38.278568],[-105.828244,38.28113],[-105.830769,38.285062],[-105.832825,38.286741],[-105.836366,38.287892],[-105.837202,38.288411],[-105.84083,38.29246],[-105.84278,38.293226],[-105.843387,38.292413],[-105.845479,38.291154],[-105.846169,38.290204],[-105.848269,38.29135],[-105.849631,38.29312],[-105.850176,38.294456],[-105.853233,38.296412],[-105.858315,38.298359],[-105.860738,38.302499],[-105.861623,38.303422],[-105.864981,38.304653],[-105.866817,38.3057],[-105.868474,38.307796],[-105.868612,38.308725],[-105.870112,38.309392],[-105.872008,38.310835],[-105.871944,38.311302],[-105.87391,38.315142],[-105.876376,38.315951],[-105.876881,38.31714],[-105.876718,38.318802],[-105.877626,38.319064],[-105.879292,38.320628],[-105.87998,38.321841],[-105.880044,38.323222],[-105.881404,38.324881],[-105.882247,38.327492],[-105.883532,38.328167],[-105.885142,38.32889],[-105.885858,38.330604],[-105.887058,38.331706],[-105.88692,38.332545],[-105.88876,38.33436],[-105.888866,38.337315],[-105.888291,38.337886],[-105.888766,38.340811],[-105.890765,38.341374],[-105.892574,38.343342],[-105.893478,38.346292],[-105.894365,38.346618],[-105.895423,38.347412],[-105.897647,38.350051],[-105.899831,38.350721],[-105.902602,38.352385],[-105.906307,38.353268],[-105.908447,38.354478],[-105.910236,38.356413],[-105.910804,38.359241],[-105.912489,38.361539],[-105.916969,38.362941],[-105.918406,38.363874],[-105.919851,38.367156],[-105.92407,38.367936],[-105.924638,38.368737],[-105.92701,38.36872],[-105.93136,38.369791],[-105.932624,38.370432],[-105.93577,38.373219],[-105.938536,38.374074],[-105.940433,38.376973],[-105.943614,38.377999],[-105.944637,38.378638],[-105.945432,38.38274],[-105.947067,38.385495],[-105.947606,38.390526],[-105.949969,38.392336],[-105.950654,38.393733],[-105.955668,38.394437],[-105.957172,38.39518],[-105.959495,38.397095],[-105.959945,38.398023],[-105.95982,38.401278],[-105.960669,38.403095],[-105.963391,38.40475],[-105.964721,38.40626],[-105.967933,38.408772],[-105.970226,38.41004],[-105.973389,38.409459],[-105.974647,38.411115],[-105.976919,38.41298],[-105.979222,38.414127],[-105.98001,38.415484],[-105.980409,38.417277],[-105.9835,38.419392],[-105.98395,38.41999],[-105.987308,38.418802],[-105.992008,38.419569],[-105.993932,38.419375],[-105.996768,38.420303],[-105.997751,38.422031],[-105.999788,38.423622],[-106.000814,38.425809],[-106.000303,38.42702],[-106.001038,38.429923],[-106.00193,38.431466],[-106.006477,38.432518],[-106.007934,38.433715],[-106.008662,38.435459],[-106.011016,38.437231],[-106.012307,38.438945],[-106.012789,38.440777],[-106.012483,38.442462],[-106.0127,38.444124],[-106.012304,38.445357],[-106.010751,38.446566],[-106.015977,38.447624],[-106.01768,38.448693],[-106.016917,38.451796],[-106.018054,38.453687],[-106.019043,38.454423],[-106.021489,38.454469],[-106.02354,38.453917],[-106.030665,38.453538],[-106.033554,38.454479],[-106.03601,38.455115],[-106.041598,38.457256],[-106.042771,38.458267],[-106.043234,38.457671],[-106.049091,38.455272],[-106.050866,38.454364],[-106.052074,38.454221],[-106.055684,38.45489],[-106.058571,38.456945],[-106.06031,38.454964],[-106.060043,38.452737],[-106.062244,38.45033],[-106.060378,38.448818],[-106.059111,38.448364],[-106.057982,38.444691],[-106.058838,38.443209],[-106.062089,38.439384],[-106.062602,38.4392],[-106.064046,38.436654],[-106.065144,38.435874],[-106.066402,38.433796],[-106.068832,38.432937],[-106.070226,38.432005],[-106.069237,38.431237],[-106.069773,38.429875],[-106.071212,38.429159],[-106.07213,38.427387],[-106.074282,38.426503],[-106.074555,38.424979],[-106.076535,38.423652],[-106.080137,38.423538],[-106.084078,38.422876],[-106.086068,38.424113],[-106.087615,38.42253],[-106.08813,38.42228],[-106.100438,38.422207],[-106.125571,38.422092],[-106.128687,38.422114],[-106.128984,38.422105],[-106.129399,38.422106],[-106.130646,38.42211],[-106.131062,38.422112],[-106.172975,38.422394],[-106.176197,38.422386],[-106.224616,38.422693],[-106.24694,38.422768],[-106.24791,38.423959],[-106.248618,38.426043],[-106.248384,38.428156],[-106.249484,38.433244],[-106.248141,38.436029],[-106.245363,38.439171],[-106.250103,38.439556],[-106.253087,38.441003],[-106.261333,38.442355],[-106.266071,38.441735],[-106.268555,38.443543],[-106.270484,38.44552],[-106.272152,38.446389],[-106.274119,38.446886],[-106.272247,38.448776],[-106.27179,38.452442],[-106.272655,38.455196],[-106.277246,38.454282],[-106.280609,38.454337],[-106.283807,38.456794],[-106.288532,38.461373],[-106.289281,38.462756],[-106.289138,38.464328],[-106.290026,38.466857],[-106.289396,38.470465],[-106.290494,38.471802],[-106.290332,38.473253],[-106.292991,38.474802],[-106.295598,38.475586],[-106.29982,38.475718],[-106.303015,38.476957],[-106.304547,38.478708],[-106.304121,38.480052],[-106.306484,38.482341],[-106.306809,38.484141],[-106.30825,38.485868],[-106.309297,38.487963],[-106.309428,38.489147],[-106.309422,38.489463],[-106.309633,38.490561],[-106.310535,38.491228],[-106.311756,38.494961],[-106.315546,38.494477],[-106.31832,38.495155],[-106.319883,38.496883],[-106.320109,38.497691],[-106.323024,38.496944],[-106.326289,38.497206],[-106.327844,38.497329],[-106.330169,38.49369],[-106.332465,38.49453],[-106.336308,38.49665],[-106.337741,38.497862],[-106.338879,38.49926],[-106.338962,38.50081],[-106.341359,38.502412],[-106.342824,38.50288],[-106.34423,38.50459],[-106.345425,38.507134],[-106.345455,38.50823],[-106.3466,38.509661],[-106.347269,38.511484],[-106.348108,38.512499],[-106.345813,38.51496],[-106.345044,38.516671],[-106.343703,38.51746],[-106.342597,38.521537],[-106.344063,38.522585],[-106.345032,38.524494],[-106.346408,38.526253],[-106.347131,38.528761],[-106.350423,38.53145],[-106.354185,38.533384],[-106.354543,38.536146],[-106.353706,38.53922],[-106.354964,38.542868],[-106.353584,38.547133],[-106.353533,38.549973],[-106.352034,38.551691],[-106.350543,38.552667],[-106.35083,38.553777],[-106.350144,38.555583],[-106.346641,38.558864],[-106.347451,38.561041],[-106.346681,38.562783],[-106.346867,38.565104],[-106.344619,38.568564],[-106.347383,38.572598],[-106.349877,38.574764],[-106.350905,38.576462],[-106.351673,38.576905],[-106.351975,38.578837],[-106.35342,38.581467],[-106.3513,38.58349],[-106.353139,38.58518],[-106.355449,38.587936],[-106.355951,38.5901],[-106.357242,38.591037],[-106.358188,38.592713],[-106.361024,38.594487],[-106.361235,38.59588],[-106.359317,38.599393],[-106.359822,38.600605],[-106.362052,38.602346],[-106.362608,38.603493],[-106.364697,38.605889],[-106.363646,38.610224],[-106.363843,38.613625],[-106.365251,38.615899],[-106.369126,38.618678],[-106.374393,38.620791],[-106.37558,38.621224],[-106.379149,38.620118],[-106.382125,38.621719],[-106.382641,38.623416],[-106.384208,38.623869],[-106.385368,38.624995],[-106.385925,38.626719],[-106.386269,38.627783],[-106.385174,38.632362],[-106.384177,38.633827],[-106.381919,38.635415],[-106.380362,38.637057],[-106.379899,38.638483],[-106.383164,38.638922],[-106.385788,38.638627],[-106.386632,38.639656],[-106.38899,38.640897],[-106.390164,38.641034],[-106.392825,38.640085],[-106.397267,38.640297],[-106.398468,38.639748],[-106.401189,38.639702],[-106.402238,38.642163],[-106.401507,38.643076],[-106.401719,38.645783],[-106.404184,38.646732],[-106.407174,38.647159],[-106.407944,38.647679],[-106.411752,38.647029],[-106.414676,38.645407],[-106.417223,38.644919],[-106.418164,38.645188],[-106.420179,38.6467],[-106.421804,38.646789],[-106.424037,38.648846],[-106.427139,38.650673],[-106.429545,38.651235],[-106.430159,38.653468],[-106.429088,38.65762],[-106.431317,38.663289],[-106.43114,38.665066],[-106.432209,38.667921],[-106.43409,38.668878],[-106.435907,38.67115],[-106.436179,38.673735],[-106.438072,38.676635],[-106.437055,38.678069],[-106.437032,38.679375],[-106.437861,38.6825],[-106.440176,38.68687],[-106.445959,38.688988],[-106.446183,38.689832],[-106.448358,38.692945],[-106.451054,38.695365],[-106.451867,38.698343],[-106.452126,38.698777],[-106.450135,38.70266],[-106.449421,38.702945],[-106.448313,38.704928],[-106.44553,38.705533],[-106.444553,38.706926],[-106.44468,38.708037],[-106.443493,38.709231],[-106.438142,38.708631],[-106.434437,38.709211],[-106.431656,38.708708],[-106.429468,38.709811],[-106.425275,38.710307],[-106.424709,38.712693],[-106.423222,38.716166],[-106.422786,38.718857],[-106.423467,38.720847],[-106.419185,38.723989],[-106.417431,38.725675],[-106.416665,38.727814],[-106.416752,38.733756],[-106.418493,38.735304],[-106.42005,38.738805],[-106.418658,38.739632],[-106.418011,38.742028],[-106.418401,38.74915],[-106.419637,38.749995],[-106.419953,38.751529],[-106.41728,38.755426],[-106.415099,38.757095],[-106.416149,38.759237],[-106.416265,38.761728],[-106.417143,38.764435],[-106.419259,38.766],[-106.418058,38.76827],[-106.417452,38.770474],[-106.416426,38.770946],[-106.415498,38.772441],[-106.415498,38.774417],[-106.413816,38.779093],[-106.414737,38.780186],[-106.416033,38.784101],[-106.416635,38.785196],[-106.416586,38.787623],[-106.414518,38.789445],[-106.413091,38.789999],[-106.41287,38.790911],[-106.414363,38.795203],[-106.415055,38.799636],[-106.417911,38.800691],[-106.418581,38.802954],[-106.420666,38.804149],[-106.422711,38.807633],[-106.422432,38.809296],[-106.421018,38.810414],[-106.420551,38.811609],[-106.416025,38.813787],[-106.415045,38.815282],[-106.415334,38.819442],[-106.416263,38.82385],[-106.411888,38.825736],[-106.409307,38.827888],[-106.406987,38.829334],[-106.405284,38.828398],[-106.403505,38.826597],[-106.399021,38.825298],[-106.397529,38.823134],[-106.395024,38.822393],[-106.391269,38.82276],[-106.387848,38.823804],[-106.383632,38.824705],[-106.383589,38.828504],[-106.382822,38.831579],[-106.37902,38.835132],[-106.378819,38.836125],[-106.37601,38.836416],[-106.374579,38.837386],[-106.371525,38.838075],[-106.370204,38.838719],[-106.370126,38.840485],[-106.368357,38.842087],[-106.366442,38.844681],[-106.364458,38.846185],[-106.365371,38.847606],[-106.365378,38.851719],[-106.3643,38.853419],[-106.362372,38.853376],[-106.360566,38.8538],[-106.356891,38.855318],[-106.352693,38.855634],[-106.349303,38.854887],[-106.348906,38.856338],[-106.349106,38.858209],[-106.34898,38.86191],[-106.34925,38.864386],[-106.346982,38.867213],[-106.34478,38.868605],[-106.342674,38.869351],[-106.340854,38.870783],[-106.338819,38.871723],[-106.336188,38.87188],[-106.335846,38.87229],[-106.336779,38.874994],[-106.336068,38.876313],[-106.335245,38.87927],[-106.334344,38.880057],[-106.334065,38.881309],[-106.332483,38.880696],[-106.330522,38.881772],[-106.327505,38.882297],[-106.326446,38.884101],[-106.326697,38.887318],[-106.326039,38.888927],[-106.32471,38.890515],[-106.323019,38.891807],[-106.321313,38.892599],[-106.320555,38.894708],[-106.320863,38.89586],[-106.322889,38.898019],[-106.32472,38.902929],[-106.324115,38.904796],[-106.325118,38.908009],[-106.324894,38.908317],[-106.326099,38.911004],[-106.327884,38.911051],[-106.331056,38.911695],[-106.334984,38.911666],[-106.338128,38.90872],[-106.344049,38.907606],[-106.345241,38.907067],[-106.34673,38.9076],[-106.347334,38.908467],[-106.351501,38.909888],[-106.353035,38.910936],[-106.357073,38.912945],[-106.361544,38.912339],[-106.365773,38.909871],[-106.367482,38.906917],[-106.372211,38.906397],[-106.37344,38.906608],[-106.376222,38.909539],[-106.375745,38.913039],[-106.376699,38.915723],[-106.376495,38.916772],[-106.377168,38.917981],[-106.376982,38.922674],[-106.38036,38.924871],[-106.380836,38.925685],[-106.382999,38.923932],[-106.383451,38.922964],[-106.386257,38.922969],[-106.386913,38.921121],[-106.388994,38.919981],[-106.392344,38.918775],[-106.392991,38.917718],[-106.393386,38.914427],[-106.393075,38.913702],[-106.393959,38.912249],[-106.399497,38.911943],[-106.402124,38.910617],[-106.403208,38.910865],[-106.404977,38.912669],[-106.406071,38.912982],[-106.407602,38.914762],[-106.412091,38.915665],[-106.413166,38.916268],[-106.414274,38.918129],[-106.415627,38.91853],[-106.41718,38.920898],[-106.418244,38.925396],[-106.418227,38.92663],[-106.419354,38.927677],[-106.421831,38.928068],[-106.424952,38.926095],[-106.427448,38.925922],[-106.430262,38.924909],[-106.432062,38.923043],[-106.434333,38.919999],[-106.434864,38.918184],[-106.436953,38.916317],[-106.437175,38.914906],[-106.439333,38.915458],[-106.44215,38.915574],[-106.443705,38.914652],[-106.446065,38.913866],[-106.448005,38.914362],[-106.449951,38.913012],[-106.453808,38.912755],[-106.457811,38.910078],[-106.45873,38.910108],[-106.461941,38.911303],[-106.465032,38.910354],[-106.467483,38.91226],[-106.46901,38.912394],[-106.470044,38.913053],[-106.472209,38.915927],[-106.474912,38.916123],[-106.480905,38.918643],[-106.48212,38.92093],[-106.485652,38.922108],[-106.487359,38.923507],[-106.489938,38.926316],[-106.490714,38.929685],[-106.493856,38.931089],[-106.496258,38.93347],[-106.49876,38.93469],[-106.500583,38.934748],[-106.501793,38.935293],[-106.502695,38.936445],[-106.504371,38.936849],[-106.505584,38.939457],[-106.505839,38.94292],[-106.505313,38.9444],[-106.507162,38.946092],[-106.508077,38.94589],[-106.513195,38.947487],[-106.515738,38.948664],[-106.5167,38.950347],[-106.518284,38.951517],[-106.519877,38.953969],[-106.52201,38.953875],[-106.523122,38.954445],[-106.526286,38.955052],[-106.528511,38.959883],[-106.525845,38.963124],[-106.524056,38.964205],[-106.523147,38.965535],[-106.521861,38.968666],[-106.524423,38.971093],[-106.524626,38.972316],[-106.526287,38.976588],[-106.528389,38.980727],[-106.53202,38.981386],[-106.534179,38.982292],[-106.536053,38.983491],[-106.54215,38.988277],[-106.544267,38.989144],[-106.546762,38.991078],[-106.550163,38.991545],[-106.551234,38.992075],[-106.552183,38.993476],[-106.554211,38.998711],[-106.556184,38.99812],[-106.559101,38.998624],[-106.560427,38.998232],[-106.561554,38.997004],[-106.562855,38.996403],[-106.566129,38.993792],[-106.568522,38.994478],[-106.574721,38.992821],[-106.577161,38.990444],[-106.579523,38.991702],[-106.58094,38.99197],[-106.582769,38.991476],[-106.585595,38.992697],[-106.586802,38.992694],[-106.590433,38.991271],[-106.594153,38.990936],[-106.595509,38.991277],[-106.599214,38.997994],[-106.601114,38.997999],[-106.603098,38.996818],[-106.607697,38.995941],[-106.608473,38.996087],[-106.6116,38.995434],[-106.613502,38.996318],[-106.613955,38.998892],[-106.614664,38.999992],[-106.615718,38.999992],[-106.617552,39.001741],[-106.619311,39.002593],[-106.623015,39.003157],[-106.624174,39.003635],[-106.62475,39.006053],[-106.627633,39.007902],[-106.629713,39.010506],[-106.630041,39.01221],[-106.63324,39.012105],[-106.637887,39.014704],[-106.638334,39.019223],[-106.641157,39.020188],[-106.64411,39.020742],[-106.644494,39.021293],[-106.648392,39.022152],[-106.64896,39.024455],[-106.65005,39.026333],[-106.649882,39.027356],[-106.647097,39.029811],[-106.646527,39.030847],[-106.646846,39.033285],[-106.648234,39.036045],[-106.650274,39.037036],[-106.65222,39.038913],[-106.651927,39.040838],[-106.652667,39.041899],[-106.655492,39.04442],[-106.658948,39.04359],[-106.662859,39.041901],[-106.665437,39.04196],[-106.666936,39.042552],[-106.668077,39.043689],[-106.67086,39.043838],[-106.673182,39.04466],[-106.674054,39.045811],[-106.6765,39.045764],[-106.679096,39.045186],[-106.681465,39.045533],[-106.683099,39.045158],[-106.685314,39.045383],[-106.68615,39.047897],[-106.687963,39.049796],[-106.690843,39.051349],[-106.691544,39.053103],[-106.692996,39.055065],[-106.694969,39.055667],[-106.69755,39.055532],[-106.698651,39.055806],[-106.702091,39.055467],[-106.703045,39.055917],[-106.705679,39.05479],[-106.707851,39.053458],[-106.709394,39.050397],[-106.709589,39.048753],[-106.710315,39.047573],[-106.713325,39.048601],[-106.717218,39.048297],[-106.721297,39.046228],[-106.722661,39.045157],[-106.724578,39.045323],[-106.729496,39.046477],[-106.732086,39.046365],[-106.73461,39.044915],[-106.737136,39.045036],[-106.73898,39.046105],[-106.740695,39.045906],[-106.74214,39.043997],[-106.744642,39.043521],[-106.746622,39.042663],[-106.749357,39.042528],[-106.747988,39.041358],[-106.747183,39.04002],[-106.746611,39.035535],[-106.745846,39.032015],[-106.744966,39.029646],[-106.745287,39.026818],[-106.747018,39.026967],[-106.751343,39.025794],[-106.754547,39.022593],[-106.755083,39.021143],[-106.756411,39.020293],[-106.757367,39.01971],[-106.761903,39.019301],[-106.761603,39.016184],[-106.762419,39.014897],[-106.765266,39.01207],[-106.768175,39.010231],[-106.768594,39.008169],[-106.769727,39.007428],[-106.773551,39.006813],[-106.775011,39.006125],[-106.778119,39.001278],[-106.779955,39.000361],[-106.780132,38.99978],[-106.782514,38.99927],[-106.782082,38.99888],[-106.783192,38.99742],[-106.78372,38.995814],[-106.783592,38.993951],[-106.782575,38.992424],[-106.782214,38.990743],[-106.783989,38.986916],[-106.78765,38.984329],[-106.790689,38.984131],[-106.794606,38.984825],[-106.796591,38.984166],[-106.797427,38.983331],[-106.800246,38.982176],[-106.799689,38.97965],[-106.801874,38.978303],[-106.804243,38.978139],[-106.804665,38.978536],[-106.808277,38.978992],[-106.810684,38.978682],[-106.812442,38.979706],[-106.815275,38.98035],[-106.81693,38.981383],[-106.819363,38.980064],[-106.82363,38.979476],[-106.824338,38.978975],[-106.827248,38.97772],[-106.829602,38.978605],[-106.831384,38.979732],[-106.83207,38.980772],[-106.834269,38.980844],[-106.835413,38.982045],[-106.835917,38.983579],[-106.839678,38.984613],[-106.840848,38.985612],[-106.843863,38.985705],[-106.846898,38.987007],[-106.848979,38.989333],[-106.849693,38.991469],[-106.851039,38.993724],[-106.852882,38.995601],[-106.854835,38.996912],[-106.856945,38.999991],[-106.856821,39.001131],[-106.858333,39.002942],[-106.858308,39.003677],[-106.859547,39.005729],[-106.859128,39.006482],[-106.859823,39.008294],[-106.861687,39.009439],[-106.865156,39.008371],[-106.867752,39.006859],[-106.868968,39.007268],[-106.870522,39.00655],[-106.874704,39.006988],[-106.87649,39.00694],[-106.87809,39.005909],[-106.878749,39.004002],[-106.878672,39.002862],[-106.876634,38.999991],[-106.876815,38.997314],[-106.877615,38.996458],[-106.878041,38.994275],[-106.882053,38.992429],[-106.883699,38.991365],[-106.884353,38.990406],[-106.886893,38.991031],[-106.891198,38.991022],[-106.893133,38.989525],[-106.895899,38.990106],[-106.900328,38.992491],[-106.902726,38.992053],[-106.906422,38.992091],[-106.908196,38.992579],[-106.907631,38.995085],[-106.908439,38.99635],[-106.910073,38.999991],[-106.91108,39.000646],[-106.911581,38.999991],[-106.915372,38.999504],[-106.917875,38.999184],[-106.921533,39.00123],[-106.923326,39.001925],[-106.928392,39.004559],[-106.932847,39.005298],[-106.935065,39.006078],[-106.935762,39.007418],[-106.937815,39.008255],[-106.940707,39.011116],[-106.944638,39.014427],[-106.946077,39.014803],[-106.948336,39.01472],[-106.95098,39.0166],[-106.95519,39.016631],[-106.958107,39.015512],[-106.960781,39.016425],[-106.962932,39.01681],[-106.964695,39.017545],[-106.965022,39.018928],[-106.96413,39.021061],[-106.965231,39.023324],[-106.963943,39.028513],[-106.964307,39.029581],[-106.967337,39.030853],[-106.968068,39.029921],[-106.971144,39.028986],[-106.973785,39.028884],[-106.977627,39.029932],[-106.979526,39.030762],[-106.981988,39.030347],[-106.98801,39.030797],[-106.991441,39.032709],[-106.996145,39.034175],[-106.996898,39.035667],[-106.999386,39.038876],[-107.001622,39.042273],[-106.999674,39.042772],[-106.997726,39.046235],[-106.997811,39.048055],[-106.996836,39.049343],[-106.993248,39.051322],[-106.989756,39.05198],[-106.989326,39.055479],[-106.991058,39.058525],[-106.99085,39.060041],[-106.990047,39.061014],[-106.989086,39.060998],[-106.9864,39.06247],[-106.986278,39.064275],[-106.986821,39.067162],[-106.988506,39.069579],[-106.989119,39.070678],[-106.994246,39.069645],[-106.996958,39.069348],[-107.000601,39.071904],[-107.001468,39.07313],[-107.003056,39.074253],[-107.004254,39.074497],[-107.00555,39.076249],[-107.005705,39.076754],[-107.009282,39.080483],[-107.010939,39.083048],[-107.012486,39.08438],[-107.015253,39.085681],[-107.017967,39.087619],[-107.019565,39.08937],[-107.026229,39.09091],[-107.029266,39.091913],[-107.030079,39.093429],[-107.031733,39.093472],[-107.034171,39.094474],[-107.03633,39.094928],[-107.037806,39.096107],[-107.040725,39.099084],[-107.044754,39.100845],[-107.048593,39.104283],[-107.049788,39.106154],[-107.050769,39.106783],[-107.051747,39.109089],[-107.053233,39.110573],[-107.055394,39.110809],[-107.06019,39.111958],[-107.062924,39.115401],[-107.06317,39.116425],[-107.06632,39.118805],[-107.06696,39.119475],[-107.066377,39.121553],[-107.068683,39.124472],[-107.069693,39.124987],[-107.073314,39.130399],[-107.075863,39.131067],[-107.081339,39.138368],[-107.093508,39.148225],[-107.096915,39.161002],[-107.102269,39.167209],[-107.113587,39.167087],[-107.11675,39.169642],[-107.11837,39.178353],[-107.11943,39.180139],[-107.120613,39.189568],[-107.121275,39.193673],[-107.120841,39.195251],[-107.119862,39.196472],[-107.126242,39.200065],[-107.126152,39.202436],[-107.127146,39.207015],[-107.13058,39.213152],[-107.133854,39.216128],[-107.134747,39.217319],[-107.135119,39.218956],[-107.138616,39.226248],[-107.140477,39.226546],[-107.144421,39.229597],[-107.142241,39.231012],[-107.143727,39.231806],[-107.14575,39.233471],[-107.147717,39.237443],[-107.147444,39.240129],[-107.145736,39.24423],[-107.145266,39.246779],[-107.14747,39.249984],[-107.155233,39.256906],[-107.152507,39.260631],[-107.149726,39.263683],[-107.146974,39.265022],[-107.145955,39.265842],[-107.146703,39.267153],[-107.145467,39.268059],[-107.145556,39.268688],[-107.144023,39.269643],[-107.143608,39.27314],[-107.142625,39.27331],[-107.141717,39.274705],[-107.13918,39.276184],[-107.136307,39.277507],[-107.135247,39.278473],[-107.137138,39.283493],[-107.138171,39.284654],[-107.140076,39.285916],[-107.142054,39.286538],[-107.142626,39.287816],[-107.141034,39.289205],[-107.141808,39.291768],[-107.143558,39.293258],[-107.143902,39.295063],[-107.145828,39.297361],[-107.148192,39.29884],[-107.148299,39.300451],[-107.149496,39.302033],[-107.150839,39.302719],[-107.151205,39.304073],[-107.150138,39.305967],[-107.149117,39.306635],[-107.137248,39.306654],[-107.137267,39.30846],[-107.137354,39.317834],[-107.137355,39.319274],[-107.137312,39.319304],[-107.137363,39.319776],[-107.13738,39.320536],[-107.137424,39.322163],[-107.137451,39.328],[-107.144356,39.327928],[-107.144779,39.327941],[-107.159967,39.327747],[-107.160321,39.340427],[-107.160827,39.356031],[-107.165507,39.356043],[-107.165672,39.359497],[-107.160916,39.359573],[-107.16104,39.366036],[-107.192563,39.365979],[-107.202431,39.365964],[-107.203223,39.365987],[-107.202837,39.377809],[-107.202981,39.380625],[-107.203094,39.381328],[-107.203432,39.382617],[-107.204078,39.3842],[-107.204991,39.385784],[-107.205513,39.386589],[-107.206179,39.387577],[-107.206981,39.388825],[-107.20762,39.388166],[-107.207648,39.388083],[-107.207655,39.388055],[-107.207736,39.387781],[-107.207762,39.387725],[-107.207788,39.387672],[-107.207822,39.387626],[-107.208303,39.387335],[-107.208944,39.386646],[-107.211427,39.387859],[-107.213733,39.389629],[-107.213881,39.391485],[-107.212365,39.391846],[-107.211268,39.39203],[-107.209512,39.392523],[-107.21169,39.395574],[-107.21182,39.395678],[-107.213825,39.396562],[-107.215454,39.396891],[-107.216683,39.397495],[-107.217098,39.397811],[-107.218093,39.398834],[-107.21845,39.399274],[-107.218725,39.399631],[-107.219682,39.401104],[-107.217973,39.401147],[-107.215479,39.400828],[-107.214189,39.400522],[-107.212854,39.400527],[-107.212852,39.400932],[-107.212839,39.401684],[-107.211234,39.401724],[-107.211261,39.402416],[-107.215529,39.404154],[-107.215544,39.404727],[-107.215556,39.407137],[-107.215561,39.407248],[-107.215579,39.408323],[-107.215931,39.408887],[-107.217312,39.41146],[-107.217748,39.412109],[-107.21823,39.412583],[-107.218226,39.413427],[-107.219913,39.41449],[-107.219367,39.414332],[-107.215857,39.414703],[-107.213938,39.415243],[-107.209053,39.414806],[-107.207005,39.415302],[-107.205374,39.415166],[-107.203976,39.413156],[-107.202595,39.412901],[-107.201713,39.41085],[-107.200199,39.410267],[-107.197786,39.410368],[-107.196069,39.411383],[-107.194831,39.411219],[-107.19148,39.408195],[-107.187595,39.407988],[-107.185966,39.408185],[-107.181759,39.405384],[-107.177474,39.40482],[-107.173993,39.404896],[-107.173092,39.405235],[-107.169691,39.403344],[-107.168163,39.40331],[-107.165691,39.402234],[-107.162898,39.402265],[-107.160475,39.401011],[-107.155777,39.400264],[-107.154069,39.399658],[-107.151912,39.399234],[-107.148287,39.399561],[-107.145382,39.400793],[-107.142631,39.40079],[-107.140186,39.402259],[-107.136849,39.402895],[-107.132857,39.402237],[-107.13143,39.401429],[-107.126908,39.399773],[-107.125023,39.399307],[-107.122283,39.397827],[-107.119246,39.397249],[-107.117502,39.396106],[-107.113616,39.395962],[-107.113613,39.398236],[-107.113611,39.400261],[-107.113609,39.401589],[-107.113609,39.401808],[-107.11361,39.40402],[-107.113613,39.405799],[-107.113591,39.412026],[-107.113585,39.414053],[-107.113584,39.421304],[-107.113583,39.425219],[-107.113567,39.428106],[-107.113529,39.431953],[-107.113525,39.432336],[-107.11353,39.435943],[-107.11354,39.44118],[-107.113542,39.442401],[-107.113549,39.446401],[-107.113561,39.452899],[-107.113624,39.460034],[-107.113662,39.465331],[-107.113659,39.46728],[-107.113654,39.472001],[-107.113653,39.472369],[-107.113643,39.486866],[-107.113643,39.487268],[-107.113577,39.49008],[-107.113608,39.495476],[-107.113633,39.499831],[-107.113947,39.508613],[-107.11388,39.524607],[-107.113745,39.556471],[-107.113703,39.566381],[-107.113599,39.591336],[-107.113686,39.60214],[-107.113864,39.624201],[-107.113865,39.624463],[-107.1092,39.624899],[-107.10707,39.624636],[-107.105327,39.62428],[-107.103139,39.624983],[-107.101848,39.626026],[-107.100863,39.629832],[-107.099685,39.631397],[-107.099452,39.632649],[-107.095561,39.634413],[-107.094105,39.634468],[-107.092643,39.636346],[-107.089328,39.637456],[-107.086075,39.637276],[-107.082305,39.64039],[-107.081063,39.642092],[-107.078274,39.643952],[-107.07688,39.644503],[-107.073975,39.643784],[-107.070374,39.642406],[-107.068407,39.641138],[-107.06786,39.639914],[-107.065751,39.639677],[-107.061738,39.640726],[-107.060922,39.641429],[-107.059956,39.643872],[-107.058815,39.645061],[-107.056741,39.646119],[-107.056792,39.646218],[-107.055216,39.644571],[-107.054055,39.644574],[-107.053998,39.644461],[-107.053965,39.644397],[-107.053885,39.64424],[-107.053868,39.644206],[-107.053821,39.644114],[-107.05372,39.644154],[-107.053608,39.644194],[-107.053493,39.644228],[-107.053375,39.644256],[-107.053255,39.644277],[-107.053133,39.644292],[-107.05301,39.644301],[-107.052887,39.644304],[-107.049435,39.643055],[-107.049539,39.643285],[-107.048026,39.642888],[-107.046687,39.642346],[-107.045875,39.642107],[-107.04402,39.641771],[-107.042853,39.641904],[-107.042101,39.642217],[-107.041417,39.642905],[-107.039983,39.643409],[-107.038886,39.643467],[-107.038146,39.643234],[-107.037212,39.643104],[-107.036567,39.642832],[-107.03604,39.642171],[-107.035239,39.641657],[-107.034583,39.641614],[-107.033657,39.642022],[-107.033289,39.642688],[-107.032155,39.64329],[-107.031131,39.64321],[-107.030064,39.643354],[-107.028479,39.643262],[-107.028077,39.643258],[-107.025887,39.642697],[-107.025034,39.642669],[-107.024482,39.642847],[-107.02421,39.643304],[-107.022875,39.644395],[-107.02225,39.644488],[-107.020885,39.644424],[-107.020303,39.644282],[-107.019362,39.643901],[-107.016215,39.644135],[-107.015423,39.644258],[-107.015267,39.644718],[-107.01561,39.645382],[-107.015694,39.645969],[-107.015602,39.646445],[-107.015294,39.646766],[-107.014517,39.647078],[-107.014517,39.646914],[-107.014517,39.646481],[-107.00848,39.646482],[-107.006855,39.646479],[-107.005388,39.646478],[-107.004818,39.646479],[-107.004303,39.646478],[-107.002971,39.646476],[-107.001796,39.646473],[-107.001181,39.646473],[-107.000764,39.646473],[-106.995942,39.64647],[-106.995857,39.64647],[-106.995857,39.646615],[-106.995857,39.646663],[-106.995857,39.646711],[-106.995861,39.647143],[-106.995861,39.647219],[-106.99586,39.647302],[-106.99586,39.647442],[-106.995861,39.648086],[-106.995861,39.648261],[-106.995538,39.648485],[-106.99548,39.648498],[-106.995371,39.648524],[-106.995167,39.648572],[-106.994802,39.648655],[-106.994058,39.648834],[-106.993975,39.648894],[-106.9938,39.649021],[-106.992921,39.649672],[-106.991335,39.650307],[-106.990869,39.650353],[-106.988901,39.65114],[-106.988686,39.651225],[-106.988464,39.651314],[-106.988438,39.651271],[-106.988384,39.651194],[-106.988339,39.651124],[-106.988252,39.650996],[-106.988066,39.651071],[-106.987293,39.65138],[-106.987213,39.651413],[-106.986841,39.651559],[-106.985363,39.651494],[-106.98433,39.65124],[-106.98367,39.651446],[-106.983457,39.651846],[-106.983815,39.652737],[-106.983588,39.652984],[-106.982694,39.652881],[-106.982328,39.652985],[-106.981677,39.652906],[-106.981236,39.653171],[-106.980437,39.652823],[-106.979053,39.652543],[-106.97902,39.652402],[-106.978558,39.652556],[-106.978331,39.652984],[-106.978381,39.653539],[-106.978716,39.654313],[-106.97846,39.654664],[-106.978233,39.654604],[-106.976783,39.65327],[-106.976342,39.6531],[-106.975838,39.653177],[-106.97564,39.652292],[-106.96937,39.650303],[-106.966614,39.64777],[-106.964424,39.646403],[-106.962252,39.64624],[-106.955051,39.646994],[-106.951605,39.647028],[-106.952537,39.648758],[-106.953139,39.649248],[-106.953335,39.649416],[-106.953812,39.649784],[-106.954056,39.650014],[-106.954984,39.650831],[-106.955389,39.652081],[-106.955432,39.652312],[-106.955453,39.652433],[-106.954335,39.652443],[-106.953943,39.652489],[-106.953957,39.65302],[-106.950956,39.652844],[-106.950955,39.652525],[-106.950311,39.652572],[-106.941096,39.653568],[-106.93924,39.653621],[-106.933076,39.653415],[-106.93113,39.653408],[-106.929494,39.653458],[-106.924229,39.653724],[-106.922479,39.653768],[-106.920804,39.653755],[-106.91712,39.653648],[-106.916138,39.653643],[-106.914528,39.653832],[-106.912704,39.654228],[-106.911205,39.654427],[-106.910158,39.654389],[-106.908808,39.654132],[-106.898666,39.651597],[-106.897392,39.651391],[-106.896115,39.651371],[-106.894609,39.651573],[-106.891295,39.652262],[-106.889516,39.652502],[-106.888681,39.65251],[-106.886987,39.652328],[-106.883365,39.651706],[-106.882413,39.651608],[-106.881008,39.651584],[-106.879069,39.651798],[-106.8748,39.652658],[-106.875562,39.652883],[-106.876467,39.653976],[-106.879016,39.655295],[-106.880429,39.656553],[-106.880833,39.657646],[-106.882069,39.658245],[-106.882125,39.659382],[-106.883716,39.659877],[-106.883282,39.660574],[-106.884922,39.662024],[-106.884956,39.663606],[-106.885602,39.664287],[-106.884941,39.665264],[-106.885642,39.668197],[-106.886565,39.669345],[-106.885939,39.670459],[-106.886015,39.672403],[-106.887343,39.674446],[-106.886467,39.676796],[-106.884191,39.678887],[-106.883437,39.680249],[-106.881247,39.681626],[-106.879811,39.682059],[-106.878793,39.684634],[-106.878897,39.685653],[-106.879019,39.686133],[-106.877738,39.688713],[-106.877772,39.690547],[-106.874797,39.693981],[-106.874023,39.69419],[-106.873889,39.695794],[-106.87279,39.698205],[-106.872862,39.699995],[-106.871437,39.703702],[-106.868376,39.70774],[-106.868391,39.708377],[-106.866423,39.71041],[-106.865522,39.712118],[-106.865722,39.713227],[-106.867559,39.716224],[-106.867069,39.718666],[-106.866581,39.716281],[-106.864874,39.715749],[-106.863314,39.713163],[-106.862184,39.712961],[-106.861138,39.711775],[-106.857979,39.709767],[-106.855525,39.707033],[-106.853349,39.706079],[-106.852588,39.706298],[-106.85045,39.708485],[-106.849818,39.709973],[-106.848824,39.710907],[-106.849357,39.712538],[-106.847553,39.714471],[-106.844384,39.71993],[-106.843092,39.722561],[-106.841365,39.725175],[-106.840234,39.725412],[-106.840676,39.727806],[-106.842575,39.729156],[-106.84338,39.730611],[-106.844966,39.731143],[-106.845415,39.731895],[-106.851795,39.735436],[-106.852756,39.73619],[-106.852916,39.736073],[-106.852964,39.736102],[-106.853024,39.736136],[-106.853266,39.736185],[-106.853366,39.736267],[-106.853472,39.736366],[-106.853614,39.736377],[-106.853735,39.736399],[-106.853878,39.736503],[-106.854013,39.736564],[-106.854148,39.736591],[-106.854369,39.736624],[-106.854482,39.736679],[-106.85466,39.736882],[-106.854753,39.736915],[-106.854859,39.736964],[-106.854931,39.737046],[-106.855037,39.737074],[-106.855407,39.737118],[-106.855599,39.73726],[-106.855763,39.737436],[-106.855841,39.73748],[-106.855891,39.737529],[-106.855991,39.73759],[-106.85614,39.737628],[-106.856304,39.737655],[-106.856375,39.737661],[-106.85646,39.737688],[-106.856524,39.737732],[-106.85656,39.737809],[-106.856546,39.737924],[-106.856553,39.738029],[-106.856638,39.738111],[-106.856895,39.738248],[-106.857008,39.738358],[-106.857137,39.738512],[-106.857279,39.738577],[-106.857535,39.738566],[-106.857705,39.738588],[-106.857834,39.738671],[-106.85794,39.738835],[-106.858232,39.739159],[-106.85836,39.739329],[-106.858389,39.739703],[-106.858446,39.739854],[-106.858624,39.739972],[-106.858688,39.74001],[-106.858866,39.740087],[-106.858958,39.740169],[-106.859023,39.740284],[-106.85908,39.740345],[-106.859186,39.740422],[-106.859414,39.740504],[-106.859542,39.740641],[-106.859606,39.74074],[-106.859699,39.740938],[-106.859855,39.741185],[-106.859962,39.741311],[-106.860126,39.741437],[-106.860389,39.741536],[-106.860588,39.741552],[-106.860816,39.741645],[-106.861108,39.741804],[-106.861663,39.74198],[-106.861905,39.742084],[-106.862068,39.742243],[-106.862332,39.742397],[-106.862652,39.7426],[-106.862687,39.742655],[-106.862951,39.742858],[-106.863371,39.743165],[-106.863897,39.74356],[-106.864075,39.743769],[-106.864381,39.743972],[-106.864687,39.744153],[-106.864929,39.744405],[-106.865065,39.74462],[-106.865165,39.744943],[-106.8652,39.745013],[-106.867644,39.74619],[-106.868135,39.746959],[-106.871552,39.749324],[-106.872946,39.751366],[-106.873873,39.753952],[-106.875868,39.756119],[-106.876796,39.756338],[-106.877932,39.757714],[-106.878679,39.758536],[-106.878271,39.761556],[-106.879166,39.762797],[-106.879049,39.76377],[-106.880678,39.766015],[-106.883776,39.767037],[-106.8845,39.768331],[-106.886525,39.770531],[-106.887243,39.769981],[-106.887736,39.771423],[-106.889974,39.772549],[-106.890697,39.774204],[-106.890419,39.77556],[-106.892005,39.77721],[-106.894818,39.779299],[-106.894831,39.780614],[-106.893468,39.783294],[-106.893624,39.785174],[-106.894666,39.789509],[-106.89596,39.791984],[-106.895486,39.793874],[-106.894836,39.794416],[-106.890114,39.795998],[-106.887985,39.795033],[-106.888621,39.796941],[-106.886575,39.802398],[-106.883575,39.808456],[-106.876629,39.812533],[-106.87511,39.814483],[-106.862594,39.829774],[-106.851011,39.829786],[-106.82115,39.829818],[-106.818524,39.829822],[-106.811891,39.82983],[-106.808929,39.829823],[-106.808908,39.830235],[-106.795445,39.829818],[-106.795664,39.831564],[-106.796473,39.832776],[-106.796116,39.835099],[-106.797041,39.842435],[-106.796905,39.84378],[-106.79756,39.845719],[-106.797275,39.847954],[-106.797667,39.848986],[-106.79959,39.849497],[-106.803308,39.851227],[-106.804626,39.853313],[-106.804113,39.85484],[-106.802582,39.854192],[-106.800515,39.854345],[-106.799808,39.854902],[-106.800691,39.854899],[-106.79983,39.855958],[-106.798283,39.856507],[-106.794984,39.856699],[-106.794051,39.857407],[-106.789606,39.855556],[-106.787305,39.855177],[-106.784037,39.856399],[-106.782361,39.857835],[-106.780102,39.858911],[-106.77743,39.859207],[-106.775426,39.859056],[-106.773175,39.857881],[-106.771558,39.857666],[-106.765979,39.858833],[-106.764497,39.858586],[-106.761567,39.859265],[-106.760957,39.85944],[-106.759132,39.860271],[-106.75696,39.86028],[-106.754584,39.860838],[-106.752667,39.86209],[-106.749308,39.86327],[-106.743499,39.861022],[-106.742494,39.860347],[-106.740583,39.858207],[-106.737525,39.85722],[-106.736441,39.856051],[-106.732295,39.856118],[-106.730463,39.854801],[-106.727256,39.853671],[-106.725844,39.852326],[-106.723178,39.848368],[-106.718569,39.847502],[-106.717236,39.846064],[-106.716879,39.844779],[-106.71368,39.843033],[-106.710794,39.842809],[-106.708707,39.843172],[-106.70526,39.841854],[-106.702681,39.841481],[-106.698243,39.839812],[-106.695686,39.839049],[-106.694923,39.837611],[-106.693334,39.836167],[-106.692017,39.836645],[-106.68961,39.835404],[-106.689047,39.834382],[-106.687964,39.834146],[-106.685646,39.83241],[-106.684136,39.834417],[-106.678561,39.834036],[-106.677013,39.833336],[-106.675633,39.830501],[-106.67274,39.824556],[-106.671165,39.823202],[-106.671043,39.821644],[-106.670155,39.819042],[-106.672644,39.820077],[-106.674047,39.819555],[-106.674641,39.814487],[-106.675731,39.812779],[-106.675503,39.811972],[-106.673681,39.809923],[-106.674543,39.808847],[-106.677847,39.808178],[-106.677945,39.807307],[-106.67759,39.805827],[-106.678444,39.804312],[-106.677662,39.802456],[-106.679833,39.798486],[-106.679648,39.796487],[-106.679827,39.792747],[-106.677927,39.787794],[-106.678006,39.784565],[-106.679594,39.780766],[-106.681758,39.777575],[-106.683409,39.774681],[-106.683394,39.773731],[-106.682053,39.771145],[-106.679175,39.767076],[-106.677795,39.764687],[-106.677805,39.762939],[-106.677796,39.76249],[-106.677127,39.761546],[-106.673164,39.759447],[-106.671152,39.756421],[-106.67101,39.75389],[-106.671358,39.75305],[-106.673814,39.750678],[-106.67518,39.748114],[-106.67767,39.744243],[-106.678381,39.74187],[-106.679054,39.737231],[-106.679121,39.736824],[-106.679421,39.73566],[-106.678951,39.733299],[-106.67861,39.729059],[-106.677145,39.730036],[-106.676184,39.733771],[-106.673916,39.733984],[-106.672693,39.734589],[-106.668553,39.736812],[-106.664782,39.740205],[-106.663378,39.74107],[-106.663132,39.741325],[-106.663081,39.742154],[-106.660328,39.745432],[-106.659822,39.747606],[-106.656646,39.749752],[-106.65593,39.75046],[-106.653567,39.751294],[-106.64996,39.751249],[-106.647883,39.750815],[-106.644056,39.751505],[-106.640575,39.753414],[-106.637594,39.754555],[-106.636227,39.755516],[-106.635444,39.757317],[-106.633708,39.75731],[-106.631053,39.757951],[-106.629487,39.758994],[-106.629525,39.761153],[-106.630119,39.762655],[-106.629513,39.763966],[-106.628131,39.762717],[-106.626383,39.763328],[-106.623145,39.76375],[-106.621611,39.76508],[-106.621065,39.766208],[-106.621522,39.768053],[-106.619742,39.767463],[-106.618036,39.76582],[-106.616532,39.765381],[-106.615102,39.76695],[-106.615803,39.767512],[-106.613603,39.767707],[-106.612507,39.768754],[-106.61001,39.76908],[-106.607575,39.767988],[-106.604723,39.767242],[-106.606682,39.769131],[-106.606744,39.770283],[-106.605484,39.77085],[-106.603661,39.77029],[-106.602515,39.770684],[-106.600108,39.770618],[-106.597279,39.772495],[-106.596651,39.773594],[-106.593822,39.775462],[-106.592616,39.777884],[-106.59241,39.780031],[-106.591646,39.781898],[-106.588779,39.785153],[-106.58892,39.786629],[-106.587997,39.788732],[-106.586098,39.790974],[-106.585255,39.792887],[-106.582234,39.794604],[-106.581499,39.79465],[-106.58283,39.795623],[-106.584021,39.797192],[-106.585638,39.798368],[-106.587715,39.798835],[-106.590232,39.798594],[-106.591226,39.800635],[-106.593213,39.800679],[-106.596591,39.803354],[-106.599938,39.801578],[-106.601423,39.802621],[-106.601681,39.805221],[-106.602149,39.80626],[-106.604573,39.807514],[-106.607732,39.807228],[-106.612032,39.807294],[-106.614107,39.806607],[-106.615882,39.808574],[-106.615537,39.809795],[-106.616169,39.814859],[-106.618783,39.816173],[-106.622195,39.816216],[-106.622341,39.816971],[-106.624172,39.818324],[-106.624793,39.819901],[-106.624975,39.822159],[-106.623789,39.821906],[-106.623503,39.823658],[-106.62266,39.823927],[-106.622843,39.825424],[-106.626319,39.8288],[-106.629112,39.828779],[-106.628615,39.846617],[-106.627681,39.880292],[-106.627665,39.88069],[-106.62763,39.881524],[-106.627563,39.883352],[-106.626555,39.918671],[-106.626569,39.924785],[-106.625591,39.924672],[-106.618779,39.925225],[-106.615157,39.925292],[-106.607927,39.925085],[-106.57902,39.924954],[-106.578486,39.924953],[-106.562052,39.924807],[-106.553,39.924919],[-106.534298,39.924947],[-106.527859,39.925166],[-106.522119,39.925032],[-106.500619,39.924986],[-106.486254,39.92525],[-106.485398,39.925045],[-106.472907,39.925109],[-106.44378,39.924948],[-106.442574,39.924804],[-106.434508,39.924914],[-106.419898,39.924826],[-106.407648,39.924766],[-106.395257,39.924589],[-106.395433,39.914016],[-106.387411,39.913912],[-106.380867,39.914006],[-106.380781,39.914002],[-106.375585,39.913636],[-106.367623,39.913822],[-106.366043,39.913787],[-106.362355,39.913736],[-106.343518,39.913798],[-106.338535,39.913703],[-106.325952,39.91375],[-106.294624,39.91396],[-106.294769,39.918696],[-106.294777,39.91892],[-106.294645,39.927985],[-106.293824,39.960629],[-106.29408,39.967153],[-106.293915,39.978544],[-106.294605,39.978625],[-106.294604,39.99189],[-106.294685,40.000025],[-106.296801,40.000005],[-106.296726,40.002157],[-106.296141,40.019368],[-106.296025,40.021799],[-106.295135,40.048991],[-106.295084,40.050499],[-106.294747,40.05193],[-106.29491,40.055664],[-106.294924,40.055967],[-106.294581,40.063979],[-106.294275,40.064059],[-106.289529,40.065122],[-106.28725,40.065243],[-106.283437,40.064866],[-106.280824,40.064545],[-106.278231,40.064679],[-106.271648,40.067301],[-106.268065,40.067777],[-106.265847,40.067655],[-106.257645,40.066157],[-106.255011,40.065225],[-106.250628,40.063129],[-106.247357,40.062673],[-106.240499,40.063167],[-106.23863,40.06357],[-106.234357,40.065498],[-106.228157,40.067107],[-106.22378,40.067668],[-106.220858,40.067648],[-106.211481,40.067076],[-106.207057,40.066818],[-106.202561,40.066513],[-106.196685,40.06572],[-106.192092,40.064897],[-106.193505,40.067039],[-106.193527,40.069559],[-106.192011,40.07029],[-106.190432,40.072278],[-106.188781,40.07342],[-106.18853,40.075485],[-106.18452,40.078588],[-106.182997,40.080713],[-106.182304,40.082487],[-106.182954,40.08492],[-106.181953,40.085952],[-106.182282,40.088187],[-106.183526,40.088709],[-106.184309,40.091781],[-106.18457,40.092482],[-106.184693,40.093286],[-106.184407,40.093977],[-106.183959,40.094552],[-106.183816,40.095424],[-106.184078,40.09691],[-106.184731,40.098198],[-106.185455,40.099073],[-106.186785,40.100366],[-106.18728,40.101263],[-106.187287,40.101977],[-106.186923,40.103152],[-106.187316,40.103767],[-106.188031,40.104355],[-106.188803,40.105124],[-106.189082,40.10598],[-106.189345,40.106457],[-106.189433,40.10827],[-106.18934,40.108688],[-106.189533,40.109962],[-106.189963,40.111137],[-106.190506,40.11173],[-106.1911,40.113136],[-106.192924,40.114838],[-106.193768,40.116156],[-106.196809,40.11899],[-106.198097,40.121345],[-106.199714,40.122921],[-106.202438,40.126273],[-106.203406,40.128533],[-106.204044,40.131418],[-106.204962,40.132877],[-106.202284,40.134148],[-106.201503,40.135787],[-106.200304,40.137189],[-106.200762,40.140721],[-106.202393,40.144292],[-106.203551,40.145397],[-106.203928,40.148114],[-106.202038,40.151467],[-106.201276,40.153521],[-106.200919,40.15592],[-106.199436,40.157089],[-106.197498,40.159694],[-106.195605,40.162885],[-106.193206,40.164027],[-106.189544,40.166164],[-106.187118,40.167829],[-106.180886,40.170757],[-106.180451,40.17141],[-106.178885,40.171165],[-106.17698,40.171707],[-106.176186,40.171283],[-106.174968,40.169412],[-106.170058,40.1673],[-106.167407,40.167876],[-106.166242,40.168738],[-106.163147,40.172264],[-106.163297,40.173315],[-106.160559,40.175978],[-106.157708,40.176391],[-106.155307,40.177591],[-106.153197,40.179253],[-106.152865,40.181184],[-106.151446,40.183397],[-106.149995,40.184438],[-106.150594,40.186486],[-106.148889,40.188467],[-106.147951,40.190702],[-106.147686,40.19311],[-106.142414,40.198342],[-106.140713,40.200032],[-106.138815,40.198001],[-106.139086,40.196212],[-106.139742,40.195321],[-106.139461,40.191958],[-106.140101,40.189659],[-106.138684,40.187516],[-106.139813,40.186648],[-106.138384,40.18464],[-106.138268,40.182669],[-106.138817,40.181155],[-106.136383,40.180329],[-106.135698,40.177869],[-106.135995,40.175705],[-106.136682,40.174765],[-106.13921,40.172904],[-106.138503,40.170705],[-106.139586,40.169017],[-106.139354,40.168301],[-106.142627,40.167376],[-106.143464,40.167056],[-106.143288,40.165854],[-106.14427,40.165609],[-106.146601,40.163697],[-106.149238,40.164154],[-106.150345,40.162312],[-106.153153,40.16122],[-106.153725,40.159928],[-106.154343,40.161459],[-106.154437,40.16029],[-106.155619,40.159799],[-106.153614,40.156858],[-106.150726,40.156772],[-106.148106,40.154582],[-106.146455,40.154832],[-106.144471,40.154167],[-106.142612,40.154175],[-106.140217,40.155354],[-106.139281,40.156326],[-106.139703,40.157654],[-106.138501,40.159613],[-106.137227,40.160621],[-106.135099,40.161466],[-106.122986,40.162829],[-106.123491,40.163911],[-106.12057,40.165371],[-106.118875,40.167733],[-106.117541,40.167913],[-106.114584,40.16667],[-106.112854,40.165263],[-106.110943,40.164578],[-106.108941,40.16438],[-106.108346,40.165137],[-106.108949,40.167018],[-106.107632,40.16735],[-106.104159,40.169874],[-106.10168,40.171001],[-106.099112,40.171512],[-106.094842,40.170425],[-106.093812,40.170529],[-106.0926,40.172104],[-106.093267,40.173237],[-106.090433,40.174183],[-106.087549,40.174499],[-106.084707,40.173555],[-106.08347,40.174402],[-106.081915,40.175293],[-106.081753,40.177503],[-106.080133,40.177271],[-106.078957,40.175892],[-106.076974,40.175117],[-106.07462,40.176458],[-106.072762,40.177938],[-106.068147,40.178706],[-106.066165,40.177636],[-106.065774,40.176691],[-106.062238,40.175107],[-106.060332,40.174892],[-106.05848,40.172835],[-106.056892,40.171759],[-106.055316,40.172751],[-106.050713,40.168981],[-106.042982,40.161994],[-106.040294,40.158862],[-106.037487,40.156488],[-106.03325,40.155304],[-106.027183,40.15425],[-106.019916,40.15383],[-106.013676,40.153226],[-106.009233,40.149391],[-106.006519,40.14419],[-106.003802,40.136426],[-106.001711,40.124952],[-106.00048,40.122475],[-105.999342,40.121135],[-105.998776,40.119593],[-105.99861,40.117197],[-105.998938,40.110029],[-105.998866,40.108887],[-105.998788,40.108597],[-105.998598,40.10704],[-105.998264,40.096349],[-105.998441,40.090755],[-105.998417,40.075738],[-106.002418,40.073712],[-106.00664,40.073193],[-106.012862,40.069786],[-106.013825,40.066157],[-106.013382,40.06186],[-106.012529,40.059249],[-106.012584,40.056916],[-106.013909,40.055501],[-106.019761,40.05513],[-106.024724,40.055871],[-106.028057,40.054908],[-106.031215,40.052427],[-106.031523,40.051178],[-106.03058,40.049878],[-106.033402,40.048413],[-106.039208,40.048683],[-106.040112,40.048353],[-106.042359,40.049172],[-106.044737,40.049418],[-106.043067,40.048877],[-106.040755,40.046565],[-106.038933,40.046652],[-106.037162,40.04598],[-106.036214,40.044287],[-106.036361,40.042249],[-106.034442,40.04154],[-106.033898,40.039958],[-106.035271,40.038677],[-106.035145,40.037958],[-106.032845,40.037283],[-106.03195,40.037675],[-106.030492,40.036829],[-106.029326,40.033973],[-106.02911,40.032315],[-106.029623,40.032172],[-106.032376,40.03311],[-106.03408,40.034152],[-106.035484,40.032863],[-106.03693,40.032253],[-106.037293,40.031273],[-106.0365,40.025728],[-106.038183,40.022428],[-106.036852,40.020835],[-106.034845,40.020461],[-106.029113,40.018653],[-106.027735,40.017363],[-106.02716,40.017123],[-106.026456,40.015922],[-106.027277,40.015778],[-106.02859,40.014319],[-106.028978,40.013138],[-106.02562,40.013307],[-106.024609,40.012619],[-106.026694,40.010749],[-106.029421,40.011697],[-106.031285,40.010699],[-106.029722,40.009111],[-106.021321,40.004859],[-106.018574,40.002636],[-106.01747,39.999985],[-106.014335,39.995855],[-106.012922,39.992662],[-106.008885,39.986337],[-106.006489,39.983438],[-106.00508,39.981133],[-106.002992,39.979323],[-106.001123,39.977165],[-106.000572,39.977037],[-105.994437,39.969551],[-105.990653,39.967771],[-105.988794,39.965679],[-105.982789,39.965753],[-105.980643,39.966831],[-105.980099,39.967212],[-105.977623,39.968512],[-105.976528,39.968927],[-105.9759,39.969074],[-105.974368,39.969378],[-105.973772,39.969376],[-105.971594,39.968599],[-105.969082,39.969809],[-105.966912,39.970386],[-105.965286,39.971319],[-105.964546,39.972892],[-105.96351,39.973316],[-105.959486,39.972745],[-105.953212,39.974233],[-105.952115,39.97577],[-105.951606,39.97617],[-105.950505,39.976716],[-105.94851,39.978555],[-105.946745,39.979043],[-105.943468,39.979354],[-105.943169,39.980007],[-105.944625,39.981963],[-105.940603,39.982483],[-105.93997,39.983025],[-105.940116,39.984424],[-105.936544,39.985801],[-105.930616,39.98766],[-105.928103,39.987973],[-105.927136,39.987724],[-105.926274,39.988767],[-105.926701,39.991191],[-105.926602,39.994405],[-105.925956,39.996557],[-105.925937,39.999171],[-105.924832,40.001228],[-105.923893,40.001872],[-105.921188,40.00243],[-105.920302,40.002968],[-105.919603,40.004676],[-105.917472,40.005413],[-105.920091,40.008182],[-105.921022,40.009249],[-105.92109,40.009322],[-105.921944,40.010153],[-105.924272,40.011158],[-105.927272,40.012005],[-105.931486,40.012869],[-105.93398,40.01288],[-105.937409,40.013307],[-105.939247,40.01435],[-105.940683,40.016128],[-105.941558,40.017841],[-105.941917,40.020292],[-105.940893,40.02621],[-105.940322,40.029387],[-105.94001,40.031037],[-105.93951,40.032235],[-105.936283,40.037059],[-105.935814,40.038441],[-105.935552,40.042173],[-105.935503,40.043621],[-105.935353,40.045331],[-105.935176,40.045856],[-105.93405,40.047955],[-105.933195,40.049733],[-105.930012,40.055657],[-105.928773,40.058189],[-105.927886,40.059831],[-105.927489,40.060555],[-105.926119,40.063218],[-105.926033,40.063372],[-105.924645,40.066538],[-105.925396,40.069156],[-105.926078,40.071354],[-105.926263,40.071919],[-105.926419,40.072377],[-105.926574,40.072826],[-105.926756,40.073353],[-105.926947,40.073927],[-105.927249,40.074833],[-105.927363,40.075178],[-105.929431,40.081463],[-105.929616,40.08197],[-105.930145,40.083432],[-105.931276,40.084469],[-105.932355,40.084697],[-105.93402,40.084858],[-105.935737,40.085025],[-105.935642,40.085525],[-105.935551,40.086002],[-105.935398,40.086893],[-105.935226,40.087781],[-105.935218,40.087826],[-105.935193,40.087964],[-105.935191,40.087975],[-105.935057,40.088739],[-105.93533,40.088769],[-105.936016,40.088846],[-105.936151,40.088859],[-105.936215,40.088865],[-105.936587,40.088902],[-105.936685,40.088911],[-105.936718,40.088915],[-105.936781,40.088921],[-105.936947,40.088938],[-105.938383,40.089088],[-105.938879,40.089157],[-105.938842,40.089675],[-105.938839,40.090167],[-105.938799,40.09098],[-105.93878,40.091364],[-105.938755,40.091841],[-105.938729,40.092744],[-105.938698,40.093219],[-105.938697,40.093234],[-105.938646,40.094631],[-105.938356,40.100558],[-105.938268,40.101689],[-105.937,40.103237],[-105.937559,40.105174],[-105.910668,40.116022],[-105.908366,40.117258],[-105.904611,40.120034],[-105.901578,40.12229],[-105.899686,40.123782],[-105.8983,40.125243],[-105.897479,40.127223],[-105.896617,40.136944],[-105.895653,40.13907],[-105.894443,40.140229],[-105.890966,40.142799],[-105.890503,40.144028],[-105.890451,40.146108],[-105.88954,40.148789],[-105.888747,40.150069],[-105.888671,40.152173],[-105.889847,40.155857],[-105.889916,40.156048],[-105.890283,40.156887],[-105.890797,40.157743],[-105.891921,40.158818],[-105.894615,40.16059],[-105.896543,40.162025],[-105.897044,40.162529],[-105.897818,40.163742],[-105.900303,40.170534],[-105.900702,40.172407],[-105.900396,40.174001],[-105.898551,40.176205],[-105.897872,40.176761],[-105.895218,40.178859],[-105.892273,40.181143],[-105.889062,40.18319],[-105.888651,40.183321],[-105.885734,40.18431],[-105.882679,40.188247],[-105.882633,40.188299],[-105.879871,40.192156],[-105.878454,40.19386],[-105.87833,40.193773],[-105.877706,40.19421],[-105.875798,40.192238],[-105.87485,40.193038],[-105.87447,40.192162],[-105.875288,40.191113],[-105.875887,40.19012],[-105.874215,40.188105],[-105.873956,40.186058],[-105.872817,40.184508],[-105.872917,40.183133],[-105.870609,40.180695],[-105.868532,40.181215],[-105.867911,40.182026],[-105.865414,40.182216],[-105.865242,40.183699],[-105.862997,40.183336],[-105.862275,40.182978],[-105.861598,40.183844],[-105.856749,40.183591],[-105.855657,40.180243],[-105.854181,40.178646],[-105.854276,40.177587],[-105.85321,40.176887],[-105.853759,40.175176],[-105.852948,40.173416],[-105.852833,40.171894],[-105.851907,40.171401],[-105.851379,40.173797],[-105.849972,40.174271],[-105.849708,40.175089],[-105.848159,40.174519],[-105.846635,40.174787],[-105.846116,40.173948],[-105.847605,40.172518],[-105.847932,40.171561],[-105.845789,40.168941],[-105.844982,40.168371],[-105.84315,40.168492],[-105.842986,40.167777],[-105.841296,40.16697],[-105.843007,40.166277],[-105.843712,40.165037],[-105.842948,40.164029],[-105.843942,40.1624],[-105.843345,40.161049],[-105.844342,40.160843],[-105.84291,40.160011],[-105.84286,40.159097],[-105.84107,40.158277],[-105.837815,40.159909],[-105.837642,40.158829],[-105.835519,40.157263],[-105.834332,40.157308],[-105.83303,40.158195],[-105.832551,40.160357],[-105.83044,40.161899],[-105.829182,40.164372],[-105.82879,40.16651],[-105.826636,40.167715],[-105.825341,40.16931],[-105.824361,40.169483],[-105.82414,40.171192],[-105.822442,40.172997],[-105.821177,40.175578],[-105.820305,40.175954],[-105.818524,40.177719],[-105.818615,40.178889],[-105.819532,40.180568],[-105.821778,40.182381],[-105.823287,40.184384],[-105.823573,40.186539],[-105.820547,40.18658],[-105.817773,40.187044],[-105.816579,40.186431],[-105.813856,40.186613],[-105.810522,40.187789],[-105.806934,40.189409],[-105.803869,40.189457],[-105.800479,40.189895],[-105.796215,40.188888],[-105.794326,40.188154],[-105.790925,40.187636],[-105.787356,40.18776],[-105.784252,40.1876],[-105.782043,40.186516],[-105.779816,40.18455],[-105.774803,40.183042],[-105.770883,40.183321],[-105.768284,40.182484],[-105.767024,40.182824],[-105.764144,40.182627],[-105.761154,40.180979],[-105.760203,40.180031],[-105.758836,40.179607],[-105.75498,40.181434],[-105.754126,40.183836],[-105.750838,40.185047],[-105.747364,40.185322],[-105.745916,40.182826],[-105.742972,40.179998],[-105.741522,40.179337],[-105.739972,40.177247],[-105.74151,40.175483],[-105.738502,40.176447],[-105.734801,40.177164],[-105.730615,40.17913],[-105.727382,40.179174],[-105.722956,40.177282],[-105.721038,40.175179],[-105.718879,40.173847],[-105.719226,40.172806],[-105.71836,40.169948],[-105.717686,40.168932],[-105.715979,40.168122],[-105.711952,40.168882],[-105.70755,40.167069],[-105.705828,40.165353],[-105.706029,40.163588],[-105.704613,40.16263],[-105.702486,40.162229],[-105.701149,40.162556],[-105.698557,40.161707],[-105.695575,40.162897],[-105.693901,40.165125],[-105.691113,40.166336],[-105.688632,40.166871],[-105.682649,40.168981],[-105.679147,40.168353],[-105.677431,40.167642],[-105.671548,40.166249],[-105.669591,40.167485],[-105.669506,40.168625],[-105.668334,40.169615],[-105.666919,40.169887],[-105.668115,40.170858],[-105.668573,40.17358],[-105.669733,40.174258],[-105.669088,40.176259],[-105.668281,40.176914],[-105.670771,40.178489],[-105.671791,40.180029],[-105.671682,40.182004],[-105.670315,40.183417],[-105.670626,40.185393],[-105.673793,40.185742],[-105.675469,40.186392],[-105.677554,40.188507],[-105.67769,40.190951],[-105.677283,40.19171],[-105.677751,40.192984],[-105.677644,40.197211],[-105.676405,40.199503],[-105.677688,40.201673],[-105.677645,40.202331],[-105.675252,40.203213],[-105.673696,40.204421],[-105.672346,40.206186],[-105.670559,40.207802],[-105.671194,40.209692],[-105.671119,40.212163],[-105.670192,40.213608],[-105.670946,40.214602],[-105.671255,40.217079],[-105.670303,40.219357],[-105.669458,40.220041],[-105.66766,40.22037],[-105.664532,40.219816],[-105.663212,40.220147],[-105.668594,40.223285],[-105.669046,40.224179],[-105.667767,40.226719],[-105.668444,40.22814],[-105.667267,40.229818],[-105.667354,40.230959],[-105.66609,40.231466],[-105.664378,40.233213],[-105.664479,40.235101],[-105.665437,40.23727],[-105.66495,40.238555],[-105.662095,40.242522],[-105.662128,40.243224],[-105.660204,40.245177],[-105.660006,40.248833],[-105.658932,40.249413],[-105.650396,40.249379],[-105.648068,40.249077],[-105.64402,40.249939],[-105.647429,40.251369],[-105.649789,40.252877],[-105.651199,40.254247],[-105.651197,40.257257],[-105.651656,40.258517],[-105.653321,40.260457],[-105.642218,40.260532],[-105.635693,40.260482],[-105.617878,40.260672],[-105.609395,40.260683],[-105.5955,40.260952],[-105.581055,40.261299],[-105.56174,40.261507],[-105.559872,40.261528],[-105.542801,40.26134],[-105.542003,40.261327],[-105.539455,40.261284],[-105.537596,40.261198],[-105.535354,40.261284],[-105.527288,40.260996],[-105.52264,40.260876],[-105.518083,40.260753],[-105.500481,40.260277],[-105.495321,40.259726],[-105.486179,40.259708],[-105.472198,40.259538],[-105.465394,40.259357],[-105.465162,40.259351],[-105.462752,40.259384],[-105.439681,40.258597],[-105.432349,40.258384],[-105.431888,40.258384],[-105.43081,40.258384],[-105.420278,40.258085],[-105.419823,40.258084],[-105.407689,40.257884],[-105.406105,40.257877],[-105.40425,40.257784],[-105.392688,40.257869],[-105.392708,40.270121],[-105.392731,40.270377],[-105.392746,40.288857],[-105.392766,40.303193],[-105.392779,40.307265],[-105.392785,40.309721],[-105.392613,40.309682],[-105.392883,40.320034],[-105.393081,40.329266],[-105.39318,40.331337],[-105.395612,40.349864],[-105.403236,40.349952],[-105.403325,40.364491],[-105.379703,40.363919],[-105.363577,40.363575],[-105.361512,40.363745],[-105.33516,40.36371],[-105.326527,40.363698],[-105.324096,40.363701],[-105.3153,40.363707],[-105.288981,40.363745],[-105.288928,40.366641],[-105.288928,40.367749],[-105.288887,40.37349],[-105.288248,40.373253],[-105.288043,40.374687],[-105.283154,40.374704],[-105.28305,40.385445],[-105.275439,40.385394],[-105.268474,40.385348],[-105.265146,40.385324],[-105.264724,40.385321],[-105.263355,40.385312],[-105.26263,40.38529],[-105.259763,40.385287],[-105.259704,40.383645],[-105.259637,40.381812],[-105.250158,40.381812],[-105.250115,40.384732],[-105.250095,40.385382],[-105.240584,40.385414],[-105.240641,40.381061],[-105.240679,40.378273],[-105.236697,40.378264],[-105.231608,40.378296],[-105.23029,40.375468],[-105.229533,40.375926],[-105.227561,40.37596],[-105.224343,40.37624],[-105.2196,40.377322],[-105.220586,40.37969],[-105.219816,40.380986],[-105.219337,40.383388],[-105.218532,40.385237],[-105.218612,40.386295],[-105.217508,40.387266],[-105.216599,40.38887],[-105.216443,40.394922],[-105.217405,40.396158],[-105.21806,40.398926],[-105.218912,40.40464],[-105.219028,40.407039],[-105.220166,40.410938],[-105.222796,40.414095],[-105.223436,40.415319],[-105.224748,40.416343],[-105.224835,40.417676],[-105.226802,40.417715],[-105.226893,40.421176],[-105.225918,40.421165],[-105.226011,40.421486],[-105.222643,40.42008],[-105.220834,40.418691],[-105.217908,40.414755],[-105.216056,40.412218],[-105.214857,40.411101],[-105.21241,40.410608],[-105.208792,40.41114],[-105.204609,40.411154],[-105.200122,40.412133],[-105.197379,40.413229],[-105.19554,40.415146],[-105.19547,40.415222],[-105.195198,40.415516],[-105.195052,40.415674],[-105.194909,40.415815],[-105.194614,40.416074],[-105.194317,40.41631],[-105.194014,40.416535],[-105.193857,40.416642],[-105.193541,40.416847],[-105.193379,40.416944],[-105.193211,40.417033],[-105.193038,40.417119],[-105.19287,40.417194],[-105.192686,40.417277],[-105.192499,40.417355],[-105.19231,40.417425],[-105.192106,40.417494],[-105.191917,40.417546],[-105.191715,40.417596],[-105.191513,40.417638],[-105.191312,40.417671],[-105.190909,40.417722],[-105.190643,40.417762],[-105.188288,40.418059],[-105.190444,40.42195],[-105.192757,40.425304],[-105.192961,40.428826],[-105.194964,40.432667],[-105.18989,40.43297],[-105.186417,40.434363],[-105.185224,40.434464],[-105.184678,40.434637],[-105.18173,40.43454],[-105.186399,40.446631],[-105.189082,40.453215],[-105.192115,40.462584],[-105.192527,40.464701],[-105.193095,40.46571],[-105.194705,40.468924],[-105.196959,40.475335],[-105.197267,40.477389],[-105.191385,40.47759],[-105.188347,40.47947],[-105.187465,40.48064],[-105.185796,40.480271],[-105.185085,40.479019],[-105.183106,40.478685],[-105.182769,40.477669],[-105.182837,40.476525],[-105.185481,40.476498],[-105.183528,40.472966],[-105.182259,40.473086],[-105.154021,40.472915],[-105.150858,40.472871],[-105.137475,40.472832],[-105.13524,40.472806],[-105.13494,40.47281],[-105.124615,40.472795],[-105.1246,40.480135],[-105.115652,40.480031],[-105.101271,40.480026],[-105.101177,40.487186],[-105.096346,40.487228],[-105.096347,40.486942],[-105.096443,40.479978],[-105.082301,40.480125],[-105.077415,40.480171],[-105.077398,40.484801],[-105.077397,40.485461],[-105.074292,40.484868],[-105.072336,40.48487],[-105.070045,40.484095],[-105.067842,40.484237],[-105.067842,40.483546],[-105.067842,40.480177],[-105.067844,40.480093],[-105.065139,40.480074],[-105.065043,40.480073],[-105.064828,40.480071],[-105.064571,40.480069],[-105.063974,40.480065],[-105.062804,40.480053],[-105.062557,40.480063],[-105.062389,40.480049],[-105.060662,40.480038],[-105.060277,40.480036],[-105.058273,40.480021],[-105.057153,40.480047],[-105.05547,40.480064],[-105.05189,40.480101],[-105.044883,40.480157],[-105.042109,40.480175],[-105.039388,40.4802],[-105.034884,40.480342],[-105.033667,40.480474],[-105.032224,40.481356],[-105.031163,40.482845],[-105.028666,40.483574],[-105.026471,40.482536],[-105.024738,40.481397],[-105.023068,40.48016],[-105.020168,40.480243],[-105.008176,40.479722],[-105.001113,40.479402],[-104.996949,40.479403],[-104.994598,40.479405],[-104.992023,40.479407],[-104.991712,40.479407],[-104.989711,40.479432],[-104.986918,40.47944],[-104.986825,40.479439],[-104.98206,40.479471],[-104.978508,40.479451],[-104.974096,40.479427],[-104.974095,40.47935],[-104.973882,40.479349],[-104.973882,40.479425],[-104.970192,40.479405],[-104.963393,40.479442],[-104.958332,40.479334],[-104.955127,40.479314],[-104.957319,40.479759],[-104.957586,40.480907],[-104.956802,40.482917],[-104.957549,40.485233],[-104.960873,40.485758],[-104.962267,40.486582],[-104.963076,40.486991],[-104.962866,40.498688],[-104.962879,40.499343],[-104.962855,40.501414],[-104.962855,40.501511],[-104.962853,40.501784],[-104.962849,40.502508],[-104.960707,40.502559],[-104.959779,40.502418],[-104.959501,40.503694],[-104.959349,40.504447],[-104.959193,40.506675],[-104.958488,40.506456],[-104.958242,40.50861],[-104.954748,40.508514],[-104.954707,40.509164],[-104.954453,40.50983],[-104.953494,40.510813],[-104.94961,40.508375],[-104.947296,40.508312],[-104.944165,40.508226],[-104.944164,40.508104],[-104.944154,40.504925],[-104.944088,40.493822],[-104.93539,40.493886],[-104.934831,40.49389],[-104.933319,40.493901],[-104.931806,40.493912],[-104.930044,40.492855],[-104.928431,40.492061],[-104.92653,40.492066],[-104.92654,40.493811],[-104.92654,40.493952],[-104.926437,40.493986],[-104.9253,40.494109],[-104.917125,40.494179],[-104.907879,40.49437],[-104.907697,40.494368],[-104.90764,40.489836],[-104.907558,40.484025],[-104.907584,40.482695],[-104.907599,40.482324],[-104.907638,40.481329],[-104.907675,40.47998],[-104.907708,40.478613],[-104.907718,40.47728],[-104.907697,40.475971],[-104.907709,40.474737],[-104.907713,40.473538],[-104.907713,40.471256],[-104.907718,40.469956],[-104.907731,40.467467],[-104.907734,40.466681],[-104.907722,40.465347],[-104.911668,40.465056],[-104.912372,40.465158],[-104.912362,40.463655],[-104.912357,40.461595],[-104.912319,40.460581],[-104.912394,40.459807],[-104.91249,40.458202],[-104.91219,40.458112],[-104.912551,40.4572],[-104.912592,40.455784],[-104.912642,40.45176],[-104.912633,40.450949],[-104.912628,40.450868],[-104.91211,40.448664],[-104.910839,40.444144],[-104.906562,40.441224],[-104.905941,40.439273],[-104.905842,40.439152],[-104.905363,40.436894],[-104.90532,40.436034],[-104.90975,40.436023],[-104.913935,40.435999],[-104.925079,40.435967],[-104.944222,40.435894],[-104.944327,40.421433],[-104.944427,40.414196],[-104.944545,40.408492],[-104.944562,40.407348],[-104.944568,40.406964],[-104.939482,40.406878],[-104.926268,40.406858],[-104.907296,40.406803],[-104.907207,40.406802],[-104.879883,40.406803],[-104.87693,40.407159],[-104.875273,40.407794],[-104.869854,40.410792],[-104.860643,40.415983],[-104.858097,40.417393],[-104.855086,40.419002],[-104.850565,40.420537],[-104.846164,40.421193],[-104.84172,40.421312],[-104.832418,40.421539],[-104.813505,40.42132],[-104.81349,40.421434],[-104.812521,40.429007],[-104.812084,40.432439],[-104.8115,40.437035],[-104.81145,40.44058],[-104.81145,40.44064],[-104.811472,40.445325],[-104.811579,40.451574],[-104.792413,40.451954],[-104.787558,40.452015],[-104.782875,40.452064],[-104.782856,40.452064],[-104.782844,40.452064],[-104.782,40.452074],[-104.781425,40.452086],[-104.773517,40.452196],[-104.773394,40.452195],[-104.768609,40.452177],[-104.758893,40.452161],[-104.751717,40.45216],[-104.751003,40.452259],[-104.750296,40.452751],[-104.749629,40.453612],[-104.749147,40.454712],[-104.748831,40.455018],[-104.74777,40.455495],[-104.745694,40.455861],[-104.74407,40.45564],[-104.73949,40.455481],[-104.738807,40.455408],[-104.737115,40.45507],[-104.734764,40.454481],[-104.734709,40.454469],[-104.734672,40.454461],[-104.73457,40.454437],[-104.734552,40.454433],[-104.734475,40.454418],[-104.733767,40.454281],[-104.733665,40.454261],[-104.733367,40.454205],[-104.733216,40.454176],[-104.733041,40.454143],[-104.732613,40.454063],[-104.73259,40.454059],[-104.731017,40.453765],[-104.730463,40.453653],[-104.730253,40.45361],[-104.730036,40.45356],[-104.72991,40.453532],[-104.729486,40.453423],[-104.729298,40.453375],[-104.728458,40.453149],[-104.727749,40.452959],[-104.727401,40.452881],[-104.727227,40.45285],[-104.727006,40.452817],[-104.726756,40.452786],[-104.726507,40.45276],[-104.725652,40.452684],[-104.72298,40.45252],[-104.722341,40.452481],[-104.721037,40.452395],[-104.718736,40.452239],[-104.718375,40.452214],[-104.718331,40.452211],[-104.717872,40.45218],[-104.716826,40.452113],[-104.716799,40.452111],[-104.716328,40.452089],[-104.716224,40.452084],[-104.710897,40.452034],[-104.710483,40.45203],[-104.706036,40.451997],[-104.696718,40.451952],[-104.694789,40.451833],[-104.694253,40.451807],[-104.694003,40.451783],[-104.693653,40.451776],[-104.693012,40.451737],[-104.69212,40.451676],[-104.687279,40.451344],[-104.679513,40.45067],[-104.677887,40.450529],[-104.677731,40.439689],[-104.677698,40.434652],[-104.672881,40.435546],[-104.668214,40.435468],[-104.658684,40.435331],[-104.656231,40.435292],[-104.656229,40.435412],[-104.646706,40.435283],[-104.642109,40.435138],[-104.641762,40.435134],[-104.641787,40.432613],[-104.6418,40.431403],[-104.641847,40.425464],[-104.639652,40.425448],[-104.639675,40.422691],[-104.640012,40.422699],[-104.640031,40.422342],[-104.640055,40.421317],[-104.640095,40.417821],[-104.640062,40.413844],[-104.638675,40.412263],[-104.638737,40.410342],[-104.640057,40.409024],[-104.639998,40.404195],[-104.639993,40.400619],[-104.640003,40.399309],[-104.64212,40.39926],[-104.639321,40.397174],[-104.639133,40.397033],[-104.637283,40.395644],[-104.635222,40.394071],[-104.635441,40.393093],[-104.637802,40.393913],[-104.639913,40.394182],[-104.639902,40.393931],[-104.639932,40.386231],[-104.63992,40.384816],[-104.639903,40.377496],[-104.644592,40.377503],[-104.648063,40.377514],[-104.649706,40.37697],[-104.65496,40.377186],[-104.656755,40.377042],[-104.658864,40.377513],[-104.658856,40.36628],[-104.65885,40.363074],[-104.658851,40.361712],[-104.65885,40.361391],[-104.658858,40.356132],[-104.658883,40.348493],[-104.677837,40.34848],[-104.685932,40.348479],[-104.694462,40.348471],[-104.694713,40.348472],[-104.694711,40.348361],[-104.69471,40.348017],[-104.694706,40.34715],[-104.694701,40.345784],[-104.694698,40.345511],[-104.694698,40.345421],[-104.694697,40.345146],[-104.694802,40.345147],[-104.696415,40.344817],[-104.696514,40.342281],[-104.696627,40.337972],[-104.696508,40.330084],[-104.696453,40.319599],[-104.696319,40.3051],[-104.696569,40.290606],[-104.696585,40.276059],[-104.696644,40.261682],[-104.696714,40.241834],[-104.696764,40.232645],[-104.696815,40.21812],[-104.696842,40.200147],[-104.696728,40.189252],[-104.696807,40.174609],[-104.697129,40.16049],[-104.697334,40.145929],[-104.715892,40.145904],[-104.715925,40.131155],[-104.715925,40.131138],[-104.715849,40.116587],[-104.715876,40.102154],[-104.716054,40.087426],[-104.716106,40.080357],[-104.716124,40.073236],[-104.716091,40.070656],[-104.716003,40.065911],[-104.715989,40.06496],[-104.715984,40.064367],[-104.715989,40.058602],[-104.716002,40.056073],[-104.716031,40.04409],[-104.716037,40.040963],[-104.716045,40.036765],[-104.716057,40.033762],[-104.716063,40.029626],[-104.718879,40.029625],[-104.725498,40.029624],[-104.728216,40.029623],[-104.735064,40.029532],[-104.728179,40.029516],[-104.716063,40.029578],[-104.716063,40.029548],[-104.697222,40.029645],[-104.697258,40.025134],[-104.697416,40.017945],[-104.697418,40.017658],[-104.697419,40.017366],[-104.697421,40.017055],[-104.697423,40.016755],[-104.697436,40.016182],[-104.697449,40.015686],[-104.697462,40.015083],[-104.697395,40.014573],[-104.697408,40.013035],[-104.697438,40.012403],[-104.697142,40.00051],[-104.686226,40.000519],[-104.682865,40.000522],[-104.673518,40.000528],[-104.648744,40.00056],[-104.64064,40.000575],[-104.635876,40.000552],[-104.63121,40.000532],[-104.631237,39.993973],[-104.633157,39.993959],[-104.63317,39.9916],[-104.640634,39.991666],[-104.640639,39.989657],[-104.640651,39.986684],[-104.640655,39.978726],[-104.640689,39.972087],[-104.645336,39.972144],[-104.670827,39.972336],[-104.678445,39.972355],[-104.6785,39.954792],[-104.678301,39.943208],[-104.678143,39.928646],[-104.65419,39.928537],[-104.64044,39.9284],[-104.640356,39.913834],[-104.640361,39.906711],[-104.630939,39.906645],[-104.630945,39.899291],[-104.620759,39.899328],[-104.607274,39.899124],[-104.599581,39.899038],[-104.599776,39.884585],[-104.59981,39.881307],[-104.605154,39.881346],[-104.605234,39.875307],[-104.605261,39.873114],[-104.608174,39.873136],[-104.619152,39.87322],[-104.619189,39.870327],[-104.619374,39.855786],[-104.619548,39.842652],[-104.619742,39.826635],[-104.619799,39.822417],[-104.621523,39.822419],[-104.625463,39.82249],[-104.625566,39.82249],[-104.625596,39.822479],[-104.640346,39.822553],[-104.65539,39.822605],[-104.655445,39.812999],[-104.659171,39.813025],[-104.665558,39.813071],[-104.666182,39.813075],[-104.666095,39.820137],[-104.666062,39.822791],[-104.673394,39.82284],[-104.679953,39.822869],[-104.694736,39.823003],[-104.716084,39.823207],[-104.722675,39.823178],[-104.745503,39.82333],[-104.745816,39.823334],[-104.753082,39.823381],[-104.762462,39.823443],[-104.762618,39.814743],[-104.762607,39.812852],[-104.762554,39.811147],[-104.762652,39.809221],[-104.762658,39.805574],[-104.762632,39.803678],[-104.762646,39.801589],[-104.762829,39.800233],[-104.762834,39.799878],[-104.762606,39.798433],[-104.758094,39.798459],[-104.753328,39.79846],[-104.741361,39.79846],[-104.734468,39.798443],[-104.734399,39.798442],[-104.734403,39.796801],[-104.734417,39.79462],[-104.734417,39.79109],[-104.734429,39.789128],[-104.734492,39.785355],[-104.734519,39.782949],[-104.734523,39.782587],[-104.734532,39.781862],[-104.734534,39.78173],[-104.73454,39.77965],[-104.734581,39.774838],[-104.734601,39.769181],[-104.734625,39.763157],[-104.734673,39.756745],[-104.73468,39.755748],[-104.734728,39.754791],[-104.734733,39.754679],[-104.734811,39.751397],[-104.734816,39.750731],[-104.734832,39.750328],[-104.734779,39.750323],[-104.734819,39.745855],[-104.734852,39.742472],[-104.734857,39.741941],[-104.734857,39.741596],[-104.734864,39.740654],[-104.734834,39.740321],[-104.733122,39.740671],[-104.729676,39.740685],[-104.725637,39.740267],[-104.718894,39.74027],[-104.718529,39.74027],[-104.715945,39.740271],[-104.715948,39.740153],[-104.715987,39.73799],[-104.716042,39.736714],[-104.716078,39.735891],[-104.715993,39.733403],[-104.716025,39.725557],[-104.715232,39.725556],[-104.71395,39.725556],[-104.711436,39.725555],[-104.705622,39.725565],[-104.69737,39.725556],[-104.697207,39.72283],[-104.697209,39.720907],[-104.697226,39.720337],[-104.697282,39.718431],[-104.69723,39.711098],[-104.697194,39.707403],[-104.697114,39.699048],[-104.697324,39.697061],[-104.699281,39.69652],[-104.697289,39.696493],[-104.697346,39.693938],[-104.697404,39.688285],[-104.697426,39.682078],[-104.69753,39.667542],[-104.697533,39.667322],[-104.703771,39.667389],[-104.708859,39.667444],[-104.716163,39.667524],[-104.722898,39.667526],[-104.723169,39.667527],[-104.719829,39.652996],[-104.719556,39.652997],[-104.719093,39.649669],[-104.718876,39.638645],[-104.718877,39.638548],[-104.718876,39.638451],[-104.71887,39.638401],[-104.718868,39.638387],[-104.718817,39.637926],[-104.716387,39.636564],[-104.716467,39.6283],[-104.716307,39.628295],[-104.716297,39.629392],[-104.712889,39.629383],[-104.712864,39.631522],[-104.712424,39.63152],[-104.710915,39.63119],[-104.706282,39.631175],[-104.698611,39.631154],[-104.697854,39.631152],[-104.697751,39.631157],[-104.697775,39.629884],[-104.697757,39.626488],[-104.697756,39.626201],[-104.697785,39.622885],[-104.699345,39.622891],[-104.69985,39.622891],[-104.701745,39.623252],[-104.703903,39.624375],[-104.706298,39.624427],[-104.706298,39.621962],[-104.70633,39.620368],[-104.70635,39.616691],[-104.707256,39.616655],[-104.713768,39.616663],[-104.716528,39.616668],[-104.716613,39.616668],[-104.716744,39.613984],[-104.716747,39.613678],[-104.71675,39.613418],[-104.716792,39.609546],[-104.716665,39.609421],[-104.716747,39.602441],[-104.71675,39.602226],[-104.716491,39.602108],[-104.714437,39.601177],[-104.714337,39.601131],[-104.714038,39.600995],[-104.711286,39.599931],[-104.707464,39.598056],[-104.706709,39.597722],[-104.705865,39.597349],[-104.704067,39.599517],[-104.703122,39.600962],[-104.702997,39.604582],[-104.703001,39.606924],[-104.703603,39.608041],[-104.700115,39.608441],[-104.699167,39.608806],[-104.698272,39.609508],[-104.697296,39.60952],[-104.69699,39.609519],[-104.694682,39.608439],[-104.692198,39.607793],[-104.689642,39.607151],[-104.687558,39.606539],[-104.68604,39.605323],[-104.687546,39.604543],[-104.688093,39.603628],[-104.687943,39.602117],[-104.687058,39.601122],[-104.686148,39.600663],[-104.684391,39.600321],[-104.682454,39.598843],[-104.683494,39.597419],[-104.683345,39.596872],[-104.684742,39.596618],[-104.686591,39.596188],[-104.688301,39.595882],[-104.689226,39.595729],[-104.693124,39.595058],[-104.694755,39.595103],[-104.696327,39.59567],[-104.697117,39.593896],[-104.693354,39.592839],[-104.692304,39.591283],[-104.690208,39.587883],[-104.688285,39.584688],[-104.686384,39.582429],[-104.686098,39.582089],[-104.68468,39.580404],[-104.695893,39.580335],[-104.695985,39.576734],[-104.698302,39.576732],[-104.700214,39.576731],[-104.699687,39.575641],[-104.698312,39.574934],[-104.694511,39.574954],[-104.69338,39.573119],[-104.687756,39.573096],[-104.687788,39.569726],[-104.686559,39.568853],[-104.686053,39.567773],[-104.686759,39.565988],[-104.681544,39.565988],[-104.679509,39.5659],[-104.679311,39.5659],[-104.674568,39.565928],[-104.672805,39.565923],[-104.664122,39.565913],[-104.660626,39.565909],[-104.642125,39.56589],[-104.634824,39.565899],[-104.623162,39.56592],[-104.615216,39.565912],[-104.608424,39.565922],[-104.604842,39.56591],[-104.597423,39.565787],[-104.58766,39.565618],[-104.582365,39.565523],[-104.575061,39.565394],[-104.569154,39.565283],[-104.552296,39.564975],[-104.544661,39.564882],[-104.538774,39.564797],[-104.531676,39.564678],[-104.531826,39.557489],[-104.527547,39.557266],[-104.527139,39.556952],[-104.52722,39.551174],[-104.527441,39.549335],[-104.529821,39.54218],[-104.532033,39.539352],[-104.532247,39.523578],[-104.532391,39.513383],[-104.532478,39.506047],[-104.5326,39.497518],[-104.53267,39.49179],[-104.532672,39.491662],[-104.529438,39.491637],[-104.512038,39.491592],[-104.469873,39.491454],[-104.457795,39.491458],[-104.441312,39.491457],[-104.422612,39.491545],[-104.406729,39.491599],[-104.406039,39.491631],[-104.367413,39.491492],[-104.367031,39.505966],[-104.366444,39.528719],[-104.365691,39.531214],[-104.366447,39.534813],[-104.366547,39.535672],[-104.366164,39.548135],[-104.366393,39.550551],[-104.365745,39.56422],[-104.37598,39.563949],[-104.381131,39.564097],[-104.388857,39.564037],[-104.398707,39.56395],[-104.398715,39.565816],[-104.398374,39.592935],[-104.398447,39.595719],[-104.397931,39.618081],[-104.397948,39.622055],[-104.397638,39.636626],[-104.39743,39.636626],[-104.396786,39.671959],[-104.396936,39.680318],[-104.382856,39.680319],[-104.378053,39.680298],[-104.37791,39.69223],[-104.377598,39.714153],[-104.377244,39.723833],[-104.377328,39.732817],[-104.376975,39.732777],[-104.376966,39.733038],[-104.377068,39.734099],[-104.377229,39.738121],[-104.37736,39.73812],[-104.380113,39.738108],[-104.382874,39.738103],[-104.383802,39.739845],[-104.38579,39.745715],[-104.38701,39.747648],[-104.389324,39.749511],[-104.391147,39.750363],[-104.393561,39.750968],[-104.403595,39.751165],[-104.406622,39.751766],[-104.409104,39.752715],[-104.414486,39.754921],[-104.414426,39.758355],[-104.415322,39.75808],[-104.41442,39.759928],[-104.414396,39.767166],[-104.414423,39.796288],[-104.414208,39.825186],[-104.414046,39.839674],[-104.414023,39.85416],[-104.413992,39.868655],[-104.413978,39.883138],[-104.413963,39.897599],[-104.413974,39.912197],[-104.414088,39.926648],[-104.4142,39.941099],[-104.414337,39.955638],[-104.433159,39.955741],[-104.45205,39.955654],[-104.470854,39.95563],[-104.485718,39.955674],[-104.489639,39.955685],[-104.489767,39.97015],[-104.490084,39.98467],[-104.490195,39.997818],[-104.490203,39.999891],[-104.489757,40.000613],[-104.494299,40.000617],[-104.508724,40.000599],[-104.527896,40.000627],[-104.546796,40.000602],[-104.565341,40.000595],[-104.572253,40.000593],[-104.572976,40.001372],[-104.574131,40.004875],[-104.573772,40.007965],[-104.574459,40.008766],[-104.575695,40.007988],[-104.579533,40.007781],[-104.579472,40.010573],[-104.580362,40.01309],[-104.581759,40.013685],[-104.581843,40.014841],[-104.582057,40.016546],[-104.581105,40.017118],[-104.580333,40.018651],[-104.582358,40.02126],[-104.58215,40.022679],[-104.583491,40.022908],[-104.584652,40.024074],[-104.584951,40.026706],[-104.58409,40.028766],[-104.585401,40.029727],[-104.585729,40.030871],[-104.584569,40.032656],[-104.583916,40.034625],[-104.584095,40.035952],[-104.585346,40.037691],[-104.58624,40.041123],[-104.587859,40.044093],[-104.588833,40.046638],[-104.590262,40.048354],[-104.592586,40.05007],[-104.593211,40.050985],[-104.592735,40.051946],[-104.592885,40.053548],[-104.591337,40.054281],[-104.590801,40.055197],[-104.59238,40.055654],[-104.593125,40.056981],[-104.594941,40.056889],[-104.594912,40.058308],[-104.59361,40.058627],[-104.592352,40.061055],[-104.592799,40.061924],[-104.595063,40.062518],[-104.596225,40.063868],[-104.595808,40.064486],[-104.598312,40.067414],[-104.598909,40.069565],[-104.596944,40.071946],[-104.597501,40.073153],[-104.596003,40.073158],[-104.585203,40.073191],[-104.585371,40.074586],[-104.58421,40.075841],[-104.584447,40.087728],[-104.584207,40.102327],[-104.565466,40.102284],[-104.565527,40.109401],[-104.565529,40.109646],[-104.565532,40.110008],[-104.565535,40.110287],[-104.565538,40.110646],[-104.570115,40.110813],[-104.574887,40.110177],[-104.5936,40.105465],[-104.599636,40.103577],[-104.60263,40.102158],[-104.602792,40.116663],[-104.602792,40.116692],[-104.602824,40.120093],[-104.602861,40.1239],[-104.602933,40.133859],[-104.602933,40.133886],[-104.602939,40.138279],[-104.602949,40.145422],[-104.602868,40.15982],[-104.602838,40.17072],[-104.602828,40.188793],[-104.602738,40.203429],[-104.602737,40.217691],[-104.602687,40.232371],[-104.602684,40.232742],[-104.602623,40.239674],[-104.602518,40.246988],[-104.602427,40.261475],[-104.602356,40.275998],[-104.602253,40.290437],[-104.602098,40.30494],[-104.602121,40.315787],[-104.602051,40.319439],[-104.602022,40.333902],[-104.602048,40.3484],[-104.610327,40.348369],[-104.610372,40.356153],[-104.610402,40.362945],[-104.610496,40.375458],[-104.610507,40.377425],[-104.606311,40.377254],[-104.604392,40.377414],[-104.60253,40.377399],[-104.602017,40.377394],[-104.601924,40.377394],[-104.601804,40.377392],[-104.601767,40.377394],[-104.598707,40.377378],[-104.583603,40.377298],[-104.5833,40.377364],[-104.57194,40.377437],[-104.564291,40.377538],[-104.56418,40.377538],[-104.556748,40.377499],[-104.545258,40.377439],[-104.535757,40.377555],[-104.526363,40.377644],[-104.518131,40.377571],[-104.517232,40.377562],[-104.516838,40.377559],[-104.489018,40.3626],[-104.488543,40.36312],[-104.488462,40.363457],[-104.488686,40.375596],[-104.488689,40.375658],[-104.488786,40.378634],[-104.491182,40.379934],[-104.491454,40.383481],[-104.492712,40.384853],[-104.496903,40.386979],[-104.500511,40.387858],[-104.50231,40.387741],[-104.504278,40.388525],[-104.507943,40.389325],[-104.509991,40.391469],[-104.512263,40.392237],[-104.515031,40.392093],[-104.518359,40.393565],[-104.519383,40.394701],[-104.519543,40.396461],[-104.522823,40.398733],[-104.523223,40.399949],[-104.524887,40.401005],[-104.526615,40.401549],[-104.529111,40.401773],[-104.531303,40.402493],[-104.53308,40.404013],[-104.534888,40.403741],[-104.538513,40.401772],[-104.539841,40.400028],[-104.541009,40.399804],[-104.543681,40.401148],[-104.545489,40.402588],[-104.548673,40.403756],[-104.549969,40.405468],[-104.552961,40.407884],[-104.556338,40.40926],[-104.559762,40.409324],[-104.561954,40.410076],[-104.563366,40.411973],[-104.563297,40.412316],[-104.568282,40.418299],[-104.56981,40.418754],[-104.57348,40.419116],[-104.576587,40.421111],[-104.578434,40.421641],[-104.583015,40.422129],[-104.583281,40.427346],[-104.583398,40.428144],[-104.589468,40.428117],[-104.602021,40.427992],[-104.601686,40.435113],[-104.601757,40.442325],[-104.601825,40.449632],[-104.601824,40.449679],[-104.602013,40.456881],[-104.602099,40.464101],[-104.601871,40.464106],[-104.602032,40.478705],[-104.601865,40.478705],[-104.593829,40.478665],[-104.583733,40.478729],[-104.564587,40.478741],[-104.545684,40.478696],[-104.545661,40.478696],[-104.52675,40.478788],[-104.507839,40.478868],[-104.501024,40.478949],[-104.499877,40.479199],[-104.49259,40.482248],[-104.488793,40.483447],[-104.479797,40.486082],[-104.473471,40.487931],[-104.455104,40.493302],[-104.451873,40.494934],[-104.44577,40.499451],[-104.440169,40.50375],[-104.432197,40.509551],[-104.424157,40.515511],[-104.414136,40.522945],[-104.414563,40.52296],[-104.412974,40.524243],[-104.412886,40.537273],[-104.412844,40.552086],[-104.412947,40.566626],[-104.4223,40.566607],[-104.424944,40.566505],[-104.432194,40.566644],[-104.445539,40.566654],[-104.4459,40.567509],[-104.448031,40.569088],[-104.448541,40.571628],[-104.449652,40.572772],[-104.451302,40.57252],[-104.454123,40.573046],[-104.454093,40.574007],[-104.452773,40.574373],[-104.452893,40.575792],[-104.454335,40.578606],[-104.455686,40.578972],[-104.455715,40.577119],[-104.458326,40.578148],[-104.457307,40.580528],[-104.457968,40.583114],[-104.459529,40.584349],[-104.459769,40.585104],[-104.458509,40.586935],[-104.458509,40.588125],[-104.46001,40.589131],[-104.45923,40.590596],[-104.460522,40.594966],[-104.462624,40.595507],[-104.463255,40.598398],[-104.463856,40.599039],[-104.466017,40.598077],[-104.467308,40.59826],[-104.468209,40.599083],[-104.46872,40.600548],[-104.471152,40.601691],[-104.472083,40.602812],[-104.474846,40.604299],[-104.474967,40.606656],[-104.478481,40.609469],[-104.478632,40.609896],[-104.478062,40.610705],[-104.478033,40.613313],[-104.480135,40.613221],[-104.480947,40.615623],[-104.484763,40.617407],[-104.485784,40.618825],[-104.485875,40.620061],[-104.486807,40.620564],[-104.487077,40.62077],[-104.487018,40.621548],[-104.487007,40.621591],[-104.48684,40.622249],[-104.48619,40.624172],[-104.48597,40.624969],[-104.486853,40.625872],[-104.489245,40.626781],[-104.488015,40.629275],[-104.489248,40.630236],[-104.491799,40.629594],[-104.494051,40.62973],[-104.493812,40.632201],[-104.495314,40.633779],[-104.496305,40.633458],[-104.498288,40.635081],[-104.4988,40.638055],[-104.500922,40.639046],[-104.507406,40.639127],[-104.522776,40.638728],[-104.525289,40.638539],[-104.528941,40.637305],[-104.531649,40.635272],[-104.544235,40.624045],[-104.560793,40.609302],[-104.582772,40.589688],[-104.590575,40.582682],[-104.592584,40.581348],[-104.596797,40.580128],[-104.601082,40.580026],[-104.601141,40.583853],[-104.601007,40.594424],[-104.601405,40.609362],[-104.601588,40.62358],[-104.601374,40.638131],[-104.619734,40.638343],[-104.632149,40.63854],[-104.634959,40.638815],[-104.63915,40.638652],[-104.65788,40.639029],[-104.658113,40.639329],[-104.658221,40.653394],[-104.658311,40.66807],[-104.658386,40.682424],[-104.667692,40.682317],[-104.677202,40.682322],[-104.696294,40.682423],[-104.715499,40.682559],[-104.734599,40.682625],[-104.734607,40.682301],[-104.753863,40.682298],[-104.753862,40.682541],[-104.770392,40.682458],[-104.770815,40.682562],[-104.772662,40.68256],[-104.777606,40.682598],[-104.791814,40.682678],[-104.810796,40.68285],[-104.828053,40.683139],[-104.848305,40.683603],[-104.867389,40.683459],[-104.88646,40.683416],[-104.905558,40.683303],[-104.910429,40.683099],[-104.924183,40.682508],[-104.924275,40.682528],[-104.93511,40.682277],[-104.937744,40.682918],[-104.939301,40.682369],[-104.943244,40.682254],[-104.94311,40.696495],[-104.943543,40.696509],[-104.943476,40.711295],[-104.943412,40.726077],[-104.943369,40.740221],[-104.962095,40.740282],[-104.982897,40.740333],[-104.98933,40.740349],[-104.991781,40.740576],[-104.99255,40.740609],[-104.992778,40.740609],[-104.993247,40.740608],[-105.000187,40.74061],[-105.00372,40.740538],[-105.00883,40.740342],[-105.013685,40.740401],[-105.018839,40.740137],[-105.037884,40.740114],[-105.037881,40.740453],[-105.044046,40.740465],[-105.045841,40.740469],[-105.057176,40.740494],[-105.060528,40.740314],[-105.076052,40.740315],[-105.085766,40.74028],[-105.095217,40.740341],[-105.114382,40.740494],[-105.114382,40.740661],[-105.127088,40.740694],[-105.134772,40.740712],[-105.134857,40.740594],[-105.134904,40.740713],[-105.158298,40.740771],[-105.167648,40.740794],[-105.170774,40.740809],[-105.170521,40.745635],[-105.170682,40.752434],[-105.172751,40.752582],[-105.179764,40.751448],[-105.181817,40.751444],[-105.185142,40.752035],[-105.186544,40.75189],[-105.190045,40.752285],[-105.192362,40.752912],[-105.195463,40.752114],[-105.198514,40.751639],[-105.201556,40.752121],[-105.202638,40.751431],[-105.201668,40.749206],[-105.201791,40.748144],[-105.202704,40.747346],[-105.204482,40.7471],[-105.206328,40.745956],[-105.20747,40.744633],[-105.209303,40.745374],[-105.209452,40.744198],[-105.211413,40.74364],[-105.211593,40.744479],[-105.213211,40.74372],[-105.215202,40.741821],[-105.213357,40.740958],[-105.212627,40.741235],[-105.210484,40.740374],[-105.206149,40.736439],[-105.206217,40.735237],[-105.20798,40.73258],[-105.208323,40.731147],[-105.20975,40.729699],[-105.210177,40.72836],[-105.214297,40.729655],[-105.215213,40.729602],[-105.216984,40.729236],[-105.219832,40.728025],[-105.224189,40.727281],[-105.227572,40.727907],[-105.228505,40.727595],[-105.230608,40.725641],[-105.233312,40.721542],[-105.235243,40.719801],[-105.23615,40.719597],[-105.237316,40.718664],[-105.242428,40.719969],[-105.242375,40.718757],[-105.239201,40.715872],[-105.238156,40.7155],[-105.237042,40.713331],[-105.235058,40.714232],[-105.234097,40.715445],[-105.231739,40.715184],[-105.230434,40.713989],[-105.230228,40.711183],[-105.230755,40.709169],[-105.230205,40.706629],[-105.231358,40.706793],[-105.234585,40.706183],[-105.235546,40.705456],[-105.235516,40.704627],[-105.23264,40.704642],[-105.231586,40.70423],[-105.231594,40.702626],[-105.23299,40.701633],[-105.233914,40.702456],[-105.234661,40.703215],[-105.237217,40.703426],[-105.239987,40.702618],[-105.241265,40.700796],[-105.241596,40.701069],[-105.24431,40.700118],[-105.247911,40.699285],[-105.247761,40.699095],[-105.246976,40.665595],[-105.247037,40.651573],[-105.246976,40.650695],[-105.247025,40.6305],[-105.247074,40.630532],[-105.24652,40.629397],[-105.246491,40.624143],[-105.243971,40.622235],[-105.247203,40.622263],[-105.247187,40.617269],[-105.247129,40.614844],[-105.247167,40.611094],[-105.248268,40.595114],[-105.248177,40.582666],[-105.248189,40.581717],[-105.248179,40.58068],[-105.248207,40.555414],[-105.257719,40.555241],[-105.257664,40.551595],[-105.267053,40.55154],[-105.267018,40.550429],[-105.266611,40.536849],[-105.273042,40.536722],[-105.274002,40.536703],[-105.27824,40.53662],[-105.287187,40.536644],[-105.287135,40.531171],[-105.287133,40.529408],[-105.287225,40.522351],[-105.287467,40.518003],[-105.287875,40.51402],[-105.287904,40.50049],[-105.287944,40.492915],[-105.288303,40.473139],[-105.288214,40.47118],[-105.289763,40.470404],[-105.290042,40.469129],[-105.292359,40.468113],[-105.294335,40.469603],[-105.295198,40.471046],[-105.296594,40.473687],[-105.297906,40.474215],[-105.29816,40.475593],[-105.301165,40.477432],[-105.301453,40.47862],[-105.302977,40.479184],[-105.303505,40.480975],[-105.304989,40.480575],[-105.308216,40.481702],[-105.310348,40.480993],[-105.3124,40.480826],[-105.314186,40.481686],[-105.316416,40.484382],[-105.319655,40.483184],[-105.320588,40.483182],[-105.3224,40.48224],[-105.323759,40.482632],[-105.324166,40.483982],[-105.32554,40.484979],[-105.328633,40.485339],[-105.331946,40.484753],[-105.337661,40.485593],[-105.339544,40.484587],[-105.341125,40.484636],[-105.344932,40.48385],[-105.348541,40.483533],[-105.351905,40.481622],[-105.353261,40.481429],[-105.355234,40.481945],[-105.359322,40.482158],[-105.35982,40.480201],[-105.362948,40.477693],[-105.363047,40.476412],[-105.365606,40.475776],[-105.367204,40.476456],[-105.367486,40.477404],[-105.369823,40.4778],[-105.371208,40.477068],[-105.372157,40.477846],[-105.374722,40.477897],[-105.376333,40.478286],[-105.377399,40.481064],[-105.379374,40.483905],[-105.387803,40.485849],[-105.389413,40.48797],[-105.390863,40.488408],[-105.392122,40.486124],[-105.39184,40.483962],[-105.395023,40.483963],[-105.39591,40.484384],[-105.398163,40.483795],[-105.400551,40.483798],[-105.401838,40.485189],[-105.404033,40.484734],[-105.405033,40.485831],[-105.410466,40.486446],[-105.414065,40.487498],[-105.414859,40.48872],[-105.416534,40.48734],[-105.416726,40.486032],[-105.416629,40.477609],[-105.419943,40.474856],[-105.4218,40.474407],[-105.421061,40.473143],[-105.421837,40.472426],[-105.425118,40.470998],[-105.426118,40.472302],[-105.426132,40.471349],[-105.427348,40.471357],[-105.427044,40.470321],[-105.428207,40.469306],[-105.430284,40.46992],[-105.432141,40.471663],[-105.432974,40.471874],[-105.431727,40.472601],[-105.433254,40.473586],[-105.434878,40.473687],[-105.43677,40.475841],[-105.439357,40.476641],[-105.439748,40.477902],[-105.442165,40.479488],[-105.442891,40.480553],[-105.444374,40.480842],[-105.444769,40.483245],[-105.447518,40.484176],[-105.447057,40.482852],[-105.447973,40.482074],[-105.452567,40.484498],[-105.453234,40.485504],[-105.452236,40.48622],[-105.453001,40.487622],[-105.454882,40.48838],[-105.455895,40.488088],[-105.458325,40.489691],[-105.45857,40.491032],[-105.459836,40.491613],[-105.460043,40.492549],[-105.497402,40.492573],[-105.508484,40.492261],[-105.515267,40.492072],[-105.515055,40.488524],[-105.514193,40.473663],[-105.513457,40.459619],[-105.512732,40.44846],[-105.512016,40.437455],[-105.504234,40.437286],[-105.493223,40.437177],[-105.482331,40.437494],[-105.474207,40.437735],[-105.464872,40.438263],[-105.461814,40.438179],[-105.45892,40.438064],[-105.450269,40.437682],[-105.452077,40.435739],[-105.457216,40.432947],[-105.457572,40.432083],[-105.457781,40.427697],[-105.456589,40.426588],[-105.454957,40.425822],[-105.456604,40.424965],[-105.456844,40.424861],[-105.457093,40.424767],[-105.457346,40.42476],[-105.457472,40.424721],[-105.45759,40.424656],[-105.457733,40.424559],[-105.457885,40.424443],[-105.45806,40.424249],[-105.459824,40.42324],[-105.461151,40.423337],[-105.462615,40.422013],[-105.465773,40.422039],[-105.467412,40.421321],[-105.469434,40.418532],[-105.470111,40.418074],[-105.472839,40.417376],[-105.472741,40.41315],[-105.473864,40.411032],[-105.477253,40.407081],[-105.478961,40.405342],[-105.484019,40.400025],[-105.484771,40.398605],[-105.486364,40.394303],[-105.487112,40.392982],[-105.488284,40.390745],[-105.488676,40.388981],[-105.488668,40.388944],[-105.488749,40.387224],[-105.488761,40.386508],[-105.490331,40.381347],[-105.490587,40.380334],[-105.490505,40.379307],[-105.49485,40.381248],[-105.495705,40.38164],[-105.498176,40.382709],[-105.502189,40.383744],[-105.503559,40.383824],[-105.506098,40.383399],[-105.507875,40.382624],[-105.50823,40.382453],[-105.509829,40.381687],[-105.512324,40.380439],[-105.516913,40.377983],[-105.517546,40.380155],[-105.518542,40.380713],[-105.522384,40.38044],[-105.525508,40.380184],[-105.525838,40.380171],[-105.526826,40.380152],[-105.528244,40.380174],[-105.529999,40.380296],[-105.532634,40.380637],[-105.535204,40.381415],[-105.540357,40.383129],[-105.543752,40.383793],[-105.547854,40.384118],[-105.551955,40.382727],[-105.553911,40.382408],[-105.554061,40.382433],[-105.554181,40.382467],[-105.554296,40.382507],[-105.554407,40.382554],[-105.554515,40.382606],[-105.554556,40.382628],[-105.556545,40.384371],[-105.556628,40.384624],[-105.556366,40.385997],[-105.556581,40.387076],[-105.557382,40.387867],[-105.5598,40.388748],[-105.56122,40.389864],[-105.562546,40.391847],[-105.562772,40.393361],[-105.56404,40.394539],[-105.564953,40.396228],[-105.567736,40.397876],[-105.567909,40.397876],[-105.568371,40.397871],[-105.568371,40.398013],[-105.568373,40.398231],[-105.570231,40.399001],[-105.573743,40.399356],[-105.576054,40.400065],[-105.577391,40.40061],[-105.581569,40.40126],[-105.58299,40.401532],[-105.588877,40.403131],[-105.589009,40.403176],[-105.593248,40.404776],[-105.595846,40.405724],[-105.599363,40.406067],[-105.599766,40.405501],[-105.598353,40.403913],[-105.601022,40.402399],[-105.603534,40.401881],[-105.606446,40.401904],[-105.610961,40.402916],[-105.612221,40.403114],[-105.619713,40.405005],[-105.621859,40.406119],[-105.623753,40.406174],[-105.624968,40.405341],[-105.626085,40.406427],[-105.629683,40.40891],[-105.631609,40.409748],[-105.634994,40.410114],[-105.637734,40.410351],[-105.640315,40.410159],[-105.642872,40.410752],[-105.647007,40.412531],[-105.648814,40.413005],[-105.649802,40.412769],[-105.655513,40.414266],[-105.660864,40.414859],[-105.667434,40.414974],[-105.670521,40.416197],[-105.66868,40.415881],[-105.671273,40.416981],[-105.674793,40.417741],[-105.676565,40.417452],[-105.680566,40.419077],[-105.682997,40.420411],[-105.688232,40.421412],[-105.690473,40.421461],[-105.692223,40.422425],[-105.693876,40.422546],[-105.694667,40.422024],[-105.695275,40.423019],[-105.698649,40.422838],[-105.700456,40.423443],[-105.705503,40.424206],[-105.704652,40.424703],[-105.70294,40.424608],[-105.704433,40.42527],[-105.706017,40.424915],[-105.707962,40.425722],[-105.716764,40.425404],[-105.718665,40.425726],[-105.722608,40.427548],[-105.726046,40.428814],[-105.727759,40.42898],[-105.729271,40.429885],[-105.731898,40.430629],[-105.733225,40.432413],[-105.730349,40.431208],[-105.731768,40.432634],[-105.729099,40.432079],[-105.729273,40.432971],[-105.730662,40.433268],[-105.730387,40.434918],[-105.731811,40.435078],[-105.732132,40.436653],[-105.738421,40.439023],[-105.73923,40.439594],[-105.742893,40.440487],[-105.744721,40.440584],[-105.746829,40.44021],[-105.746796,40.440918],[-105.745482,40.442169],[-105.743288,40.442691],[-105.744443,40.443984],[-105.746784,40.442606],[-105.748393,40.442704],[-105.755547,40.440972],[-105.756405,40.443595],[-105.754969,40.446381],[-105.75843,40.443908],[-105.759268,40.442423],[-105.761785,40.440996],[-105.766173,40.439788],[-105.771882,40.439504],[-105.773455,40.438918],[-105.776363,40.439012],[-105.779486,40.438117],[-105.786457,40.436667],[-105.787862,40.435839],[-105.789138,40.433943],[-105.791153,40.433724],[-105.794192,40.432486],[-105.796796,40.431029],[-105.798571,40.428713],[-105.799981,40.428136],[-105.802059,40.428084],[-105.803014,40.426627],[-105.806096,40.424987],[-105.808698,40.42386],[-105.809873,40.422957],[-105.812094,40.419907],[-105.81534,40.421486],[-105.816423,40.423991],[-105.817266,40.424323],[-105.817231,40.426488],[-105.814456,40.428522],[-105.814696,40.430712],[-105.814337,40.431334],[-105.816366,40.435519],[-105.815784,40.437434],[-105.813019,40.439161],[-105.811728,40.442853],[-105.810399,40.443231],[-105.806557,40.446202],[-105.80569,40.447882],[-105.807226,40.450662],[-105.807614,40.452262],[-105.805762,40.45689],[-105.805929,40.457876],[-105.805136,40.459233],[-105.804449,40.462965],[-105.804479,40.464224],[-105.805691,40.4665],[-105.80818,40.468868],[-105.810837,40.470531],[-105.810669,40.471087],[-105.808865,40.471078],[-105.80671,40.473081],[-105.807341,40.474527],[-105.811053,40.475773],[-105.812793,40.475855],[-105.81542,40.475339],[-105.820114,40.475972],[-105.822463,40.476829],[-105.82323,40.477101],[-105.827956,40.478289],[-105.830608,40.479568],[-105.832962,40.479989],[-105.834605,40.479869],[-105.837823,40.483033],[-105.839416,40.483008],[-105.841082,40.483618],[-105.843064,40.482994],[-105.846967,40.482791],[-105.847308,40.483931],[-105.854926,40.486252],[-105.857175,40.483271],[-105.860595,40.482035],[-105.862474,40.480226],[-105.865585,40.481373],[-105.869152,40.480986],[-105.871136,40.480065],[-105.872265,40.478296],[-105.874101,40.478441],[-105.87915,40.477094],[-105.881548,40.475866],[-105.886019,40.477343],[-105.888693,40.476413],[-105.891754,40.476661],[-105.892431,40.475342],[-105.892213,40.474148],[-105.894305,40.469547],[-105.897225,40.469205],[-105.899345,40.465645],[-105.898351,40.463509],[-105.898334,40.457397],[-105.899824,40.4545],[-105.899085,40.452517],[-105.898891,40.450258],[-105.897069,40.448788],[-105.898772,40.446206],[-105.899748,40.442108],[-105.899814,40.440769],[-105.90142,40.437879],[-105.902176,40.435656],[-105.901833,40.434778],[-105.903265,40.432762],[-105.902679,40.430342],[-105.900431,40.428075],[-105.898578,40.426806],[-105.8985,40.424296],[-105.897831,40.42358],[-105.89771,40.420948],[-105.898098,40.418985],[-105.897669,40.417727],[-105.899013,40.415211],[-105.902098,40.412907],[-105.902313,40.410258],[-105.901658,40.40649],[-105.903193,40.402657],[-105.90332,40.400751],[-105.904875,40.398969],[-105.907797,40.400468],[-105.910843,40.400513],[-105.9136,40.401617],[-105.916616,40.401863],[-105.919194,40.401329],[-105.920557,40.4018],[-105.922071,40.39812],[-105.923473,40.396484],[-105.92441,40.393162],[-105.927536,40.391026],[-105.930817,40.390238],[-105.93179,40.389088],[-105.933861,40.388506],[-105.93513,40.387678],[-105.936322,40.386196],[-105.940462,40.384524],[-105.94254,40.384927],[-105.943896,40.384542],[-105.946607,40.385047],[-105.945919,40.381449],[-105.947223,40.378069],[-105.946712,40.377248],[-105.941623,40.374129],[-105.940104,40.373583],[-105.937312,40.371941],[-105.938724,40.368684],[-105.938701,40.366058],[-105.940214,40.365814],[-105.942557,40.36434],[-105.945147,40.363947],[-105.949812,40.362947],[-105.951179,40.361753],[-105.954343,40.360297],[-105.955439,40.35481],[-105.95741,40.353007],[-105.95762,40.351692],[-105.959723,40.349381],[-105.959659,40.348149],[-105.962403,40.34805],[-105.96615,40.349523],[-105.969368,40.34955],[-105.97231,40.351561],[-105.973149,40.35469],[-105.975949,40.358225],[-105.978345,40.358023],[-105.981263,40.359631],[-105.983853,40.363134],[-105.986654,40.364582],[-105.992204,40.364189],[-105.994395,40.364568],[-105.996671,40.363803],[-105.998341,40.362493],[-106.004897,40.362539],[-106.005993,40.362162],[-106.007774,40.362476],[-106.010851,40.3619],[-106.01113,40.363956],[-106.01254,40.365483],[-106.013075,40.367977],[-106.011742,40.369488],[-106.011605,40.370276],[-106.013904,40.370586],[-106.013484,40.372129],[-106.014581,40.372864],[-106.016548,40.372833],[-106.018622,40.373295],[-106.024561,40.371777],[-106.026037,40.370855],[-106.02739,40.370867],[-106.029834,40.368432],[-106.03118,40.368267],[-106.033653,40.368876],[-106.036028,40.369099],[-106.039711,40.36665],[-106.040855,40.364775],[-106.041683,40.364589],[-106.043384,40.362896],[-106.046986,40.361864],[-106.050539,40.359454],[-106.051821,40.359296],[-106.054568,40.357636],[-106.056037,40.357673],[-106.057909,40.357029],[-106.061115,40.357418],[-106.063243,40.357243],[-106.064396,40.356601],[-106.065769,40.354357],[-106.069952,40.352693],[-106.071713,40.352329],[-106.076532,40.349952],[-106.077655,40.349785],[-106.081453,40.348365],[-106.085681,40.347183],[-106.087444,40.350379],[-106.08984,40.350062],[-106.091528,40.350091],[-106.094978,40.351142],[-106.097771,40.352849],[-106.09939,40.354473],[-106.101621,40.35384],[-106.105057,40.350171],[-106.114826,40.346305],[-106.116738,40.345852],[-106.120471,40.34379],[-106.121211,40.342524],[-106.125578,40.339507],[-106.127243,40.338896],[-106.127899,40.338042],[-106.131388,40.336638],[-106.133171,40.336513],[-106.134699,40.335439],[-106.136033,40.331378],[-106.136372,40.33029],[-106.140284,40.330103],[-106.142627,40.33018],[-106.146756,40.331394],[-106.147527,40.33209],[-106.149384,40.331967],[-106.151174,40.333744],[-106.152245,40.335359],[-106.156396,40.337049],[-106.157612,40.338981],[-106.159656,40.340483],[-106.160686,40.3405],[-106.162011,40.342612],[-106.164297,40.343329],[-106.168856,40.343546],[-106.17049,40.344006],[-106.172292,40.343413],[-106.174734,40.343183],[-106.175748,40.341508],[-106.177407,40.340565],[-106.179194,40.338264],[-106.180137,40.336014],[-106.179829,40.333991],[-106.18103,40.333424],[-106.189005,40.32768],[-106.189178,40.326532],[-106.19273,40.325853],[-106.194767,40.326467],[-106.196927,40.325617],[-106.198866,40.327107],[-106.201734,40.326451],[-106.203316,40.327158],[-106.206211,40.32789],[-106.211492,40.327663],[-106.214351,40.327991],[-106.217064,40.32908],[-106.218696,40.328797],[-106.220996,40.327579],[-106.221719,40.325791],[-106.225668,40.325169],[-106.230074,40.323382],[-106.230746,40.324486],[-106.23622,40.325746],[-106.238984,40.327956],[-106.2389,40.329816],[-106.241215,40.331684],[-106.242651,40.333685],[-106.243435,40.335694],[-106.244771,40.337322],[-106.246661,40.33823],[-106.247318,40.339188],[-106.251223,40.340765],[-106.250908,40.341783],[-106.251653,40.343666],[-106.252603,40.344682],[-106.25266,40.345965],[-106.253567,40.346626],[-106.253314,40.348419],[-106.253573,40.350325],[-106.255557,40.350924],[-106.256789,40.352397],[-106.257686,40.355177],[-106.260347,40.35819],[-106.261435,40.358104],[-106.265662,40.36095],[-106.269208,40.359295],[-106.269596,40.357562],[-106.271216,40.357282],[-106.274219,40.355835],[-106.276764,40.354936],[-106.277947,40.353723],[-106.279155,40.353848],[-106.280577,40.354953],[-106.281965,40.355025],[-106.284229,40.35579],[-106.286627,40.358853],[-106.28841,40.358038],[-106.290455,40.358371],[-106.295516,40.354242],[-106.295514,40.352138],[-106.297077,40.350537],[-106.298621,40.349958],[-106.297182,40.346927],[-106.298696,40.344833],[-106.298869,40.342853],[-106.298055,40.340389],[-106.296453,40.338992],[-106.294167,40.338251],[-106.29387,40.337625],[-106.295524,40.336501],[-106.296476,40.335284],[-106.29597,40.333091],[-106.298339,40.332406],[-106.299548,40.330291],[-106.302834,40.330266],[-106.305335,40.330829],[-106.305106,40.329644],[-106.305782,40.328463],[-106.308054,40.329315],[-106.312241,40.330184],[-106.316221,40.333565],[-106.319734,40.335188],[-106.321221,40.337325],[-106.322787,40.337835],[-106.32948,40.339148],[-106.334562,40.338943],[-106.337124,40.33973],[-106.337416,40.342659],[-106.341465,40.345499],[-106.34389,40.346531],[-106.344594,40.349202],[-106.345203,40.350051],[-106.350374,40.353111],[-106.351456,40.355837],[-106.353594,40.357001],[-106.353758,40.357536],[-106.360098,40.35835],[-106.36365,40.357546],[-106.364239,40.35646],[-106.366308,40.355922],[-106.368255,40.356397],[-106.370005,40.357474],[-106.372462,40.357031],[-106.37493,40.355395],[-106.378039,40.354927],[-106.379808,40.354061],[-106.381227,40.352797],[-106.383091,40.352894],[-106.385711,40.35216],[-106.385729,40.350862],[-106.386463,40.349588],[-106.388157,40.348327],[-106.389059,40.346111],[-106.390872,40.34565],[-106.3943,40.346025],[-106.395828,40.347012],[-106.397053,40.346874],[-106.400105,40.345654],[-106.404016,40.344952],[-106.405602,40.345966],[-106.407689,40.34642],[-106.40953,40.349313],[-106.410328,40.350156],[-106.413313,40.350841],[-106.414032,40.350945],[-106.417097,40.35008],[-106.41854,40.35013],[-106.419652,40.350862],[-106.420045,40.352214],[-106.421793,40.352793],[-106.423622,40.352525],[-106.426127,40.35128],[-106.427454,40.350814],[-106.429228,40.351382],[-106.431925,40.350748],[-106.433037,40.34956],[-106.436119,40.350356],[-106.439085,40.350151],[-106.439525,40.348792],[-106.44342,40.346533],[-106.444334,40.347682],[-106.445864,40.348112],[-106.44821,40.350311],[-106.450062,40.350955],[-106.452191,40.352969],[-106.454283,40.354294],[-106.457018,40.35451],[-106.457826,40.356118],[-106.455549,40.357984],[-106.456304,40.360641],[-106.456146,40.363337],[-106.458338,40.366528],[-106.461316,40.36657],[-106.463178,40.366993],[-106.463001,40.368697],[-106.464131,40.37187],[-106.464395,40.375912],[-106.467118,40.379193],[-106.470586,40.379034],[-106.473082,40.379389],[-106.473058,40.379961],[-106.471108,40.382276],[-106.471218,40.383436],[-106.472738,40.385152],[-106.473477,40.386836],[-106.474494,40.387984],[-106.477817,40.389251],[-106.481283,40.389431],[-106.47968,40.391949],[-106.479493,40.393592],[-106.479982,40.394802],[-106.478083,40.397552],[-106.477082,40.399717],[-106.477897,40.401041],[-106.477142,40.40253],[-106.477305,40.403747],[-106.478248,40.404805],[-106.48252,40.408429],[-106.4854,40.410122],[-106.488294,40.411267],[-106.489842,40.411578],[-106.491852,40.410045],[-106.492747,40.407976],[-106.494902,40.406879],[-106.495781,40.403585],[-106.498827,40.403594],[-106.500984,40.402596],[-106.50248,40.4004],[-106.502595,40.399343],[-106.503629,40.399292],[-106.506359,40.396949],[-106.509029,40.394121],[-106.51048,40.393386],[-106.510296,40.389277],[-106.5123,40.386753],[-106.514688,40.38833],[-106.515783,40.388384],[-106.518899,40.391022],[-106.520228,40.389713],[-106.520408,40.388455],[-106.521839,40.387469],[-106.523507,40.387074],[-106.525279,40.385807],[-106.526741,40.384085],[-106.527143,40.381182],[-106.526465,40.380553],[-106.527491,40.377481],[-106.526819,40.377212],[-106.527691,40.374982],[-106.528694,40.373766],[-106.529539,40.371784],[-106.52972,40.369113],[-106.531328,40.366622],[-106.534165,40.365839],[-106.534921,40.36508],[-106.538335,40.368641],[-106.53833,40.369873],[-106.539899,40.371342],[-106.543716,40.372064],[-106.545605,40.370766],[-106.547672,40.37017],[-106.550665,40.370435],[-106.553458,40.369869],[-106.555292,40.37204],[-106.555727,40.373428],[-106.555353,40.374233],[-106.556191,40.37558],[-106.556685,40.377276],[-106.559301,40.378079],[-106.562501,40.378392],[-106.564709,40.377538],[-106.56517,40.377863],[-106.56942,40.378567],[-106.576553,40.378558],[-106.579338,40.3794],[-106.58154,40.38067],[-106.583612,40.381026],[-106.585425,40.38226],[-106.587697,40.38143],[-106.589432,40.381801],[-106.590929,40.380736],[-106.592545,40.38112],[-106.594616,40.383178],[-106.594535,40.381427],[-106.596666,40.380992],[-106.596525,40.378853],[-106.601046,40.375804],[-106.602505,40.376082],[-106.602812,40.377684],[-106.603734,40.378334],[-106.60819,40.379732],[-106.60943,40.378288],[-106.612321,40.379383],[-106.611797,40.381009],[-106.61184,40.384085],[-106.611981,40.386831],[-106.613126,40.388716],[-106.615195,40.391009],[-106.617645,40.393198],[-106.618282,40.395282],[-106.61803,40.396637],[-106.618219,40.399754],[-106.619525,40.405245],[-106.62099,40.408018],[-106.62392,40.410903],[-106.624712,40.41356],[-106.625196,40.415007],[-106.627089,40.417316],[-106.628392,40.417626],[-106.629153,40.418925],[-106.62884,40.422178],[-106.626518,40.426955],[-106.623665,40.429583],[-106.622167,40.429763],[-106.623491,40.431729],[-106.624636,40.431164],[-106.628146,40.431108],[-106.632508,40.432565],[-106.636136,40.432009],[-106.638601,40.432244],[-106.639126,40.43292],[-106.643351,40.436041],[-106.648612,40.438544],[-106.650342,40.439781],[-106.651856,40.442145],[-106.652112,40.445231],[-106.651623,40.448282],[-106.651755,40.449778],[-106.653855,40.449511],[-106.655806,40.450191],[-106.656412,40.451495],[-106.656495,40.456043],[-106.658957,40.459376],[-106.658892,40.460219],[-106.65746,40.46243],[-106.658447,40.466594],[-106.657881,40.471559],[-106.659607,40.471749],[-106.663489,40.470583],[-106.665301,40.470524],[-106.666361,40.471211],[-106.667281,40.472647],[-106.667063,40.476061],[-106.664772,40.477118],[-106.663871,40.478163],[-106.663281,40.480272],[-106.660631,40.481448],[-106.657163,40.483435],[-106.656233,40.484408],[-106.656185,40.485608],[-106.657294,40.487028],[-106.657883,40.489139],[-106.65931,40.490198],[-106.657619,40.491209],[-106.656375,40.491382],[-106.653925,40.492439],[-106.653113,40.494732],[-106.65461,40.496443],[-106.654818,40.499029],[-106.656042,40.499978],[-106.656315,40.501768],[-106.655583,40.503413],[-106.655452,40.507103],[-106.655808,40.509141],[-106.656581,40.509744],[-106.659285,40.510577],[-106.661105,40.511944],[-106.660793,40.512959],[-106.658974,40.514276],[-106.65961,40.515],[-106.661777,40.515963],[-106.664677,40.518319],[-106.665621,40.519445],[-106.667101,40.520143],[-106.669475,40.520139],[-106.672064,40.521214],[-106.6737,40.523685],[-106.673282,40.526931],[-106.671356,40.530157],[-106.669701,40.532027],[-106.669845,40.534446],[-106.671688,40.535844],[-106.674689,40.536935],[-106.676689,40.538035],[-106.67733,40.539734],[-106.677363,40.542465],[-106.678236,40.544049],[-106.680761,40.544593],[-106.683378,40.544532],[-106.68474,40.548921],[-106.686218,40.551327],[-106.68771,40.552105],[-106.692851,40.556639],[-106.69286,40.558581],[-106.691807,40.561169],[-106.692188,40.563537],[-106.694178,40.566915],[-106.696867,40.570544],[-106.697131,40.572662],[-106.698896,40.575148],[-106.699975,40.57575],[-106.702341,40.578025],[-106.700146,40.580269],[-106.699922,40.581961],[-106.698642,40.583494],[-106.6997,40.586022],[-106.698003,40.588764],[-106.694766,40.592009],[-106.694035,40.593557],[-106.694148,40.595241],[-106.695261,40.598195],[-106.698267,40.59939],[-106.698276,40.601339],[-106.698723,40.602039],[-106.701862,40.604402],[-106.702345,40.605996],[-106.704348,40.607386],[-106.703658,40.60862],[-106.703741,40.610553],[-106.706,40.614399],[-106.706149,40.616597],[-106.70379,40.62013],[-106.703957,40.621838],[-106.701011,40.625957],[-106.703622,40.627771],[-106.700435,40.627782],[-106.698264,40.627483],[-106.696958,40.629206],[-106.697162,40.629932],[-106.694209,40.632902],[-106.691166,40.634446],[-106.688998,40.635058],[-106.712566,40.644457],[-106.715545,40.643963],[-106.717455,40.643268],[-106.718767,40.642329],[-106.72091,40.641496],[-106.723327,40.641198],[-106.725168,40.643369],[-106.727557,40.642459],[-106.728373,40.641528],[-106.728656,40.639659],[-106.733288,40.639067],[-106.734222,40.639522],[-106.734837,40.640873],[-106.737249,40.640422],[-106.740956,40.638366],[-106.748942,40.638475],[-106.751344,40.63947],[-106.752673,40.639621],[-106.754245,40.638715],[-106.755478,40.640191],[-106.756271,40.639756],[-106.757335,40.640631],[-106.757792,40.640021],[-106.764178,40.64095],[-106.764042,40.642502],[-106.765295,40.645176],[-106.7674,40.646081],[-106.770155,40.646048],[-106.77296,40.644788],[-106.776011,40.645678],[-106.77942,40.64713],[-106.78142,40.64764],[-106.786234,40.650754],[-106.786657,40.649306],[-106.788324,40.648389],[-106.790189,40.648729],[-106.792205,40.649806],[-106.794324,40.649413],[-106.79641,40.648254],[-106.797391,40.648257],[-106.799543,40.64735],[-106.79987,40.645002],[-106.801874,40.643431],[-106.804189,40.642854],[-106.807263,40.644599],[-106.80907,40.644084],[-106.810729,40.645094],[-106.812744,40.643936],[-106.81389,40.643882],[-106.817812,40.641127],[-106.820442,40.637392],[-106.818169,40.63423],[-106.818165,40.633221],[-106.834731,40.62977],[-106.838551,40.629376],[-106.842122,40.629806],[-106.845187,40.629478],[-106.849191,40.629765],[-106.851238,40.629381],[-106.858161,40.626198],[-106.862008,40.623375],[-106.86727,40.624168],[-106.868439,40.624802],[-106.870263,40.624755],[-106.87151,40.625369],[-106.874953,40.625043],[-106.877555,40.624433],[-106.878828,40.62326],[-106.882913,40.624109],[-106.883859,40.626357],[-106.884586,40.625851],[-106.884586,40.623986],[-106.885756,40.625377],[-106.885807,40.62387],[-106.889454,40.623991],[-106.892111,40.623054],[-106.891766,40.624269],[-106.89579,40.623123],[-106.899042,40.623079],[-106.901414,40.621412],[-106.901414,40.620771],[-106.899876,40.619617],[-106.899171,40.618271],[-106.900068,40.617374],[-106.899491,40.615579],[-106.900901,40.615579],[-106.900389,40.614809],[-106.900773,40.613575],[-106.901799,40.613447],[-106.902953,40.612293],[-106.902408,40.6113],[-106.902696,40.607902],[-106.905805,40.607934],[-106.904684,40.60646],[-106.906767,40.604825],[-106.906767,40.602838],[-106.905068,40.601299],[-106.905068,40.599857],[-106.903714,40.59759],[-106.904679,40.596671],[-106.904051,40.595355],[-106.906182,40.595686],[-106.906992,40.596934],[-106.908045,40.596843],[-106.91141,40.598277],[-106.911631,40.597587],[-106.914317,40.598361],[-106.910444,40.595315],[-106.918467,40.595185],[-106.927004,40.59521],[-106.927264,40.594981],[-106.927402,40.591034],[-106.932158,40.590776],[-106.932844,40.590782],[-106.935686,40.592851],[-106.9379,40.591431],[-106.943386,40.591562],[-106.946291,40.591969],[-106.948317,40.591144],[-106.950242,40.590915],[-106.951546,40.591533],[-106.955917,40.5917],[-106.955895,40.595158],[-106.958729,40.598831],[-106.961878,40.601457],[-106.971628,40.604561],[-106.973264,40.604584],[-106.976086,40.605517],[-106.978694,40.606021],[-106.981565,40.607128],[-106.983377,40.608693],[-106.984279,40.610831],[-106.987354,40.610813],[-106.989755,40.611654],[-106.991734,40.611017],[-106.996633,40.610022],[-106.998243,40.609319],[-107.001364,40.608931],[-107.004004,40.607674],[-107.005708,40.607888],[-107.00897,40.607651],[-107.010426,40.606968],[-107.012653,40.606938],[-107.016603,40.605036],[-107.019828,40.604691],[-107.021276,40.605598],[-107.023389,40.606151],[-107.027865,40.606342],[-107.028313,40.604491],[-107.030145,40.603328],[-107.030256,40.60101],[-107.03138,40.598268],[-107.031363,40.5965],[-107.031969,40.59397],[-107.032531,40.593467],[-107.034842,40.595244],[-107.036653,40.594008],[-107.036611,40.596848],[-107.035897,40.598734],[-107.036832,40.600515],[-107.038225,40.601386],[-107.038805,40.603502],[-107.040525,40.604269],[-107.043437,40.60447],[-107.040442,40.606281],[-107.040149,40.609639],[-107.041672,40.611995],[-107.043112,40.613462],[-107.044348,40.613816],[-107.045913,40.615614],[-107.048726,40.616329],[-107.051351,40.615463],[-107.048596,40.61772],[-107.050223,40.619041],[-107.052835,40.619069],[-107.057023,40.618227],[-107.060023,40.616866],[-107.063369,40.616092],[-107.066457,40.614809],[-107.070778,40.614721],[-107.07401,40.61563],[-107.076677,40.61498],[-107.078234,40.614988],[-107.081018,40.612813],[-107.083222,40.612135],[-107.08424,40.610729],[-107.087847,40.609272],[-107.087789,40.608392],[-107.087681,40.579331],[-107.087637,40.569911],[-107.087511,40.543286],[-107.067459,40.54332],[-107.054955,40.54334],[-107.050457,40.543307],[-107.032104,40.543378],[-107.030227,40.54272],[-107.030383,40.517158],[-107.030036,40.514783],[-107.001798,40.515131],[-107.001792,40.48617],[-107.001792,40.485324],[-107.001844,40.480439],[-107.002195,40.4789],[-107.002428,40.471426],[-107.002446,40.470848],[-107.002555,40.467355],[-107.002567,40.466957],[-107.002671,40.463626],[-107.002909,40.455946],[-107.038202,40.455971],[-107.038949,40.455974],[-107.053772,40.455978],[-107.069576,40.455254],[-107.069762,40.430843],[-107.069794,40.426532],[-107.073847,40.426538],[-107.085005,40.426592],[-107.08965,40.426611],[-107.122671,40.426742],[-107.124971,40.426752],[-107.125065,40.43296],[-107.125375,40.453448],[-107.125411,40.455808],[-107.128172,40.455873],[-107.144122,40.456248],[-107.14403,40.44592],[-107.143762,40.41566],[-107.143612,40.398559],[-107.140545,40.398615],[-107.137119,40.398611],[-107.097449,40.398678],[-107.096645,40.398659],[-107.088367,40.398602],[-107.088405,40.397751],[-107.088304,40.391096],[-107.088084,40.378955],[-107.087707,40.352713],[-107.08736,40.339177],[-107.087222,40.338581],[-107.097276,40.338412],[-107.101712,40.338337],[-107.101708,40.326994],[-107.101712,40.325864],[-107.116207,40.326151],[-107.120202,40.32623],[-107.120128,40.311776],[-107.101492,40.311336],[-107.101177,40.274831],[-107.101125,40.268706],[-107.097519,40.268806],[-107.095612,40.268795],[-107.095841,40.254705],[-107.112348,40.254669],[-107.115724,40.254641],[-107.120055,40.254691],[-107.120049,40.253229],[-107.119907,40.225159],[-107.115952,40.225156],[-107.100109,40.225139],[-107.09631,40.225136],[-107.096088,40.226062],[-107.088674,40.225791],[-107.076552,40.225347],[-107.057965,40.225278],[-107.056035,40.225174],[-107.047149,40.225219],[-107.040388,40.225457],[-107.037928,40.225372],[-107.037923,40.224766],[-107.037806,40.20979],[-107.037991,40.202844],[-107.038227,40.175747],[-107.038401,40.165645],[-107.037686,40.165617],[-107.037677,40.164253],[-107.037633,40.125038],[-107.037416,40.111016],[-107.037363,40.091538],[-107.074211,40.091522],[-107.07505,40.091483],[-107.101836,40.091463],[-107.125607,40.09109],[-107.218779,40.090846],[-107.25061,40.090858],[-107.308097,40.090776],[-107.316993,40.090765],[-107.317003,40.081998],[-107.317015,40.071535],[-107.317016,40.070403],[-107.317032,40.05536],[-107.317034,40.054026],[-107.317095,40.003762],[-107.319247,40.003765],[-107.319306,39.999981],[-107.318861,39.938687],[-107.318751,39.914968],[-107.328962,39.915249],[-107.38904,39.916699],[-107.431665,39.917725],[-107.431619,39.886084],[-107.431601,39.87498],[-107.431748,39.854651],[-107.43177,39.828377],[-107.447518,39.828311],[-107.476532,39.828267],[-107.492396,39.828294],[-107.491976,39.805215],[-107.491647,39.788346],[-107.491113,39.762128],[-107.491103,39.759367],[-107.490917,39.753396],[-107.49064,39.739333],[-107.490499,39.732195],[-107.490196,39.715893],[-107.489817,39.692551],[-107.488313,39.693068],[-107.488248,39.695961],[-107.483755,39.696916],[-107.481592,39.697856],[-107.477368,39.698977],[-107.473949,39.699483],[-107.470996,39.700462],[-107.468043,39.701014],[-107.4634,39.70152],[-107.460226,39.701559],[-107.457629,39.701014],[-107.456152,39.700272],[-107.454244,39.697838],[-107.451051,39.694871],[-107.448612,39.691934],[-107.44648,39.690237],[-107.447633,39.689605],[-107.449117,39.689605],[-107.452244,39.692211],[-107.45496,39.692787],[-107.456381,39.692045],[-107.457407,39.690671],[-107.459839,39.686565],[-107.461118,39.683202],[-107.46374,39.680438],[-107.466724,39.678843],[-107.471193,39.678164],[-107.474131,39.677517],[-107.47739,39.675505],[-107.478234,39.674424],[-107.478191,39.672204],[-107.478231,39.671488],[-107.477051,39.668152],[-107.47877,39.665337],[-107.48047,39.661845],[-107.479959,39.661309],[-107.475247,39.660394],[-107.473538,39.658775],[-107.473272,39.657957],[-107.47112,39.656452],[-107.469457,39.652867],[-107.469579,39.652027],[-107.467634,39.649771],[-107.466568,39.645361],[-107.466792,39.644789],[-107.466182,39.641712],[-107.467272,39.637635],[-107.466808,39.631149],[-107.468531,39.629139],[-107.467685,39.627144],[-107.465889,39.624624],[-107.46589,39.623361],[-107.463893,39.622415],[-107.463515,39.620889],[-107.464967,39.616384],[-107.464838,39.615197],[-107.462728,39.612426],[-107.461499,39.612311],[-107.460516,39.611372],[-107.457366,39.605493],[-107.455953,39.603874],[-107.454441,39.602765],[-107.452489,39.602112],[-107.45141,39.600773],[-107.448967,39.599871],[-107.450103,39.597758],[-107.44966,39.59569],[-107.448713,39.594702],[-107.448442,39.592985],[-107.448561,39.590009],[-107.449976,39.586532],[-107.449874,39.58465],[-107.449384,39.580429],[-107.450242,39.579382],[-107.449947,39.578088],[-107.45076,39.574969],[-107.452172,39.574623],[-107.45181,39.574167],[-107.448659,39.57485],[-107.447842,39.574749],[-107.447621,39.574065],[-107.447614,39.573717],[-107.451354,39.572064],[-107.45392,39.570454],[-107.458719,39.569538],[-107.460403,39.569799],[-107.461822,39.570582],[-107.463211,39.567765],[-107.460948,39.567167],[-107.459888,39.564519],[-107.459238,39.563638],[-107.459273,39.562265],[-107.458187,39.561541],[-107.456612,39.558478],[-107.456377,39.556441],[-107.45639,39.552856],[-107.456007,39.551604],[-107.456243,39.549382],[-107.456928,39.547417],[-107.451926,39.546262],[-107.450347,39.54531],[-107.443116,39.542735],[-107.441709,39.540637],[-107.436704,39.539747],[-107.432027,39.539154],[-107.432092,39.538298],[-107.436151,39.534086],[-107.435779,39.531731],[-107.43344,39.529364],[-107.432732,39.526562],[-107.433706,39.525441],[-107.436836,39.524433],[-107.436836,39.524263],[-107.440023,39.523818],[-107.442156,39.522484],[-107.442686,39.520846],[-107.441793,39.518551],[-107.440963,39.513874],[-107.441091,39.512078],[-107.439999,39.511101],[-107.439765,39.510075],[-107.438398,39.509125],[-107.438787,39.506067],[-107.438055,39.505239],[-107.437047,39.505007],[-107.410911,39.499193],[-107.385116,39.493203],[-107.387818,39.490132],[-107.389543,39.487117],[-107.393709,39.484676],[-107.394583,39.483656],[-107.394426,39.480156],[-107.392413,39.477131],[-107.390334,39.472025],[-107.388527,39.469227],[-107.386756,39.465703],[-107.385542,39.462117],[-107.385206,39.459019],[-107.3844,39.454911],[-107.381882,39.452577],[-107.381136,39.438019],[-107.381187,39.43366],[-107.381131,39.431507],[-107.381836,39.427657],[-107.380417,39.42615],[-107.37898,39.425325],[-107.375886,39.422733],[-107.375014,39.42245],[-107.373233,39.420778],[-107.374309,39.42023],[-107.372767,39.420087],[-107.373647,39.419526],[-107.372187,39.418787],[-107.374059,39.418513],[-107.372491,39.417383],[-107.374865,39.417066],[-107.373077,39.415588],[-107.372061,39.414251],[-107.371364,39.414313],[-107.37205,39.410283],[-107.374585,39.410425],[-107.374115,39.409518],[-107.369709,39.406472],[-107.366227,39.406863],[-107.367792,39.405431],[-107.369744,39.404581],[-107.368739,39.404392],[-107.364972,39.405084],[-107.362435,39.404405],[-107.359515,39.4044],[-107.360961,39.403934],[-107.359924,39.402749],[-107.361814,39.403102],[-107.362793,39.402629],[-107.365746,39.40228],[-107.367865,39.401106],[-107.369709,39.401255],[-107.372756,39.400106],[-107.375878,39.401066],[-107.378325,39.40032],[-107.378898,39.399084],[-107.380712,39.3972],[-107.381339,39.395584],[-107.381943,39.393889],[-107.383038,39.393079],[-107.384651,39.392825],[-107.386665,39.393181],[-107.388793,39.394023],[-107.39028,39.392962],[-107.390612,39.392118],[-107.38991,39.390099],[-107.388914,39.388779],[-107.388804,39.386305],[-107.387904,39.384124],[-107.388766,39.38109],[-107.38863,39.379987],[-107.389616,39.376661],[-107.390428,39.375247],[-107.391741,39.374388],[-107.393137,39.372803],[-107.393654,39.371231],[-107.397714,39.369333],[-107.402053,39.369122],[-107.404399,39.368675],[-107.403965,39.367628],[-107.401498,39.366158],[-107.409371,39.366173],[-107.426746,39.366168],[-107.430949,39.366178],[-107.429817,39.364006],[-107.428458,39.36248],[-107.429105,39.359884],[-107.428778,39.357436],[-107.429134,39.355383],[-107.430318,39.354281],[-107.430292,39.349096],[-107.430514,39.348222],[-107.432271,39.34721],[-107.434018,39.346804],[-107.435589,39.34694],[-107.436762,39.346386],[-107.438873,39.343282],[-107.438271,39.34224],[-107.438539,39.341019],[-107.44157,39.339913],[-107.443413,39.338505],[-107.444091,39.337005],[-107.445511,39.335263],[-107.449998,39.332664],[-107.450819,39.330034],[-107.453475,39.328843],[-107.455458,39.329393],[-107.46189,39.32757],[-107.462698,39.326964],[-107.462488,39.325733],[-107.463414,39.32427],[-107.465957,39.32212],[-107.464117,39.320343],[-107.464127,39.318745],[-107.463239,39.316852],[-107.465056,39.314742],[-107.465057,39.314242],[-107.462692,39.313793],[-107.461019,39.312618],[-107.459229,39.309686],[-107.456937,39.309236],[-107.456456,39.306927],[-107.454498,39.306545],[-107.451667,39.304528],[-107.449655,39.304559],[-107.448555,39.305676],[-107.447208,39.305788],[-107.445278,39.30852],[-107.440454,39.308409],[-107.4388,39.309019],[-107.437665,39.306676],[-107.438538,39.304292],[-107.439734,39.302491],[-107.439055,39.301695],[-107.43788,39.301004],[-107.437479,39.299564],[-107.435252,39.29925],[-107.434731,39.298594],[-107.431169,39.299005],[-107.42518,39.297812],[-107.421167,39.296856],[-107.418576,39.294835],[-107.414987,39.293786],[-107.412606,39.291877],[-107.408559,39.294098],[-107.406776,39.293037],[-107.404826,39.292727],[-107.403835,39.292786],[-107.398513,39.29511],[-107.396654,39.293912],[-107.397684,39.29182],[-107.396511,39.290663],[-107.396148,39.289513],[-107.396339,39.286373],[-107.396961,39.28356],[-107.395652,39.282307],[-107.394099,39.281682],[-107.394073,39.279388],[-107.391361,39.279096],[-107.387157,39.277881],[-107.383285,39.275502],[-107.381536,39.275126],[-107.379835,39.27574],[-107.378376,39.274804],[-107.377479,39.272208],[-107.379175,39.269101],[-107.380943,39.268203],[-107.383518,39.267773],[-107.387123,39.265815],[-107.391465,39.263881],[-107.391425,39.260591],[-107.393699,39.259026],[-107.394498,39.257348],[-107.394486,39.256299],[-107.392194,39.255009],[-107.391771,39.252311],[-107.390422,39.250591],[-107.389286,39.250248],[-107.386394,39.250303],[-107.384387,39.24792],[-107.379695,39.247289],[-107.37801,39.246805],[-107.375971,39.245518],[-107.375838,39.242891],[-107.373829,39.240581],[-107.371898,39.239816],[-107.371385,39.238924],[-107.375728,39.237004],[-107.377816,39.234016],[-107.379315,39.231091],[-107.377974,39.228757],[-107.378598,39.227549],[-107.377831,39.224113],[-107.376837,39.22338],[-107.377169,39.221425],[-107.376843,39.220364],[-107.378002,39.21486],[-107.379875,39.212068],[-107.380623,39.210229],[-107.379354,39.208467],[-107.378397,39.208146],[-107.378451,39.206266],[-107.377094,39.204134],[-107.377655,39.200822],[-107.376779,39.199024],[-107.375608,39.197931],[-107.373033,39.196713],[-107.370116,39.19376],[-107.366898,39.192041],[-107.365113,39.188244],[-107.363528,39.186324],[-107.361203,39.185109],[-107.35965,39.184834],[-107.358707,39.181565],[-107.357327,39.179394],[-107.355503,39.177193],[-107.35412,39.176087],[-107.353657,39.173324],[-107.348239,39.170308],[-107.34283,39.168453],[-107.34036,39.168568],[-107.337075,39.169067],[-107.336135,39.167668],[-107.334142,39.166443],[-107.328263,39.165339],[-107.324844,39.165796],[-107.321773,39.165768],[-107.318741,39.165313],[-107.315785,39.163842],[-107.314161,39.161978],[-107.311939,39.160431],[-107.311323,39.15949],[-107.307638,39.157134],[-107.305174,39.156652],[-107.304611,39.155711],[-107.302285,39.155964],[-107.302265,39.15597],[-107.301502,39.156215],[-107.300873,39.156427],[-107.300605,39.156541],[-107.300398,39.156582],[-107.299933,39.156468],[-107.296281,39.154333],[-107.295687,39.15365],[-107.295769,39.151634],[-107.295363,39.149435],[-107.294409,39.147261],[-107.293836,39.144709],[-107.292126,39.143909],[-107.290708,39.141673],[-107.288195,39.139764],[-107.287689,39.137895],[-107.286556,39.136923],[-107.285914,39.134813],[-107.2863,39.1337],[-107.285509,39.130946],[-107.284244,39.129075],[-107.2838,39.128614],[-107.28373,39.126962],[-107.284822,39.126393],[-107.285372,39.124986],[-107.28383,39.124572],[-107.282734,39.124054],[-107.283039,39.122876],[-107.281869,39.120879],[-107.281535,39.11932],[-107.28249,39.118718],[-107.286135,39.11575],[-107.287792,39.11515],[-107.286971,39.11388],[-107.283797,39.113524],[-107.282394,39.112689],[-107.282829,39.11022],[-107.284157,39.109465],[-107.283881,39.10865],[-107.283819,39.104607],[-107.282545,39.102331],[-107.282344,39.100426],[-107.281349,39.099075],[-107.279166,39.097809],[-107.281217,39.09649],[-107.281487,39.094777],[-107.277424,39.090691],[-107.276765,39.088992],[-107.277458,39.086823],[-107.279627,39.085078],[-107.280297,39.08345],[-107.282512,39.08068],[-107.281752,39.079596],[-107.282271,39.074852],[-107.286645,39.070103],[-107.285463,39.068655],[-107.285046,39.06721],[-107.28683,39.063736],[-107.287011,39.062486],[-107.285328,39.059874],[-107.282616,39.058566],[-107.280307,39.057123],[-107.27846,39.054373],[-107.278696,39.052437],[-107.280457,39.049528],[-107.280476,39.04764],[-107.279431,39.045538],[-107.277816,39.043895],[-107.277334,39.041004],[-107.27966,39.03863],[-107.281709,39.035956],[-107.280562,39.033604],[-107.277987,39.031958],[-107.276756,39.030106],[-107.2754,39.03026],[-107.272816,39.03083],[-107.269432,39.029673],[-107.265486,39.02954],[-107.263799,39.027912],[-107.261417,39.027017],[-107.259711,39.027205],[-107.257927,39.026538],[-107.255705,39.026741],[-107.252021,39.02781],[-107.250605,39.028733],[-107.243421,39.023541],[-107.240594,39.02248],[-107.237007,39.021882],[-107.235166,39.020155],[-107.232788,39.019834],[-107.227176,39.022277],[-107.226024,39.022999],[-107.22423,39.025007],[-107.222783,39.027957],[-107.216154,39.029999],[-107.214988,39.030181],[-107.21355,39.031421],[-107.208248,39.030853],[-107.204828,39.030681],[-107.198954,39.031251],[-107.193533,39.03328],[-107.189964,39.032479],[-107.187416,39.031222],[-107.184091,39.031509],[-107.181288,39.030841],[-107.179659,39.029694],[-107.178114,39.030329],[-107.176704,39.027801],[-107.17426,39.024882],[-107.172353,39.022122],[-107.171724,39.020624],[-107.172382,39.016629],[-107.171221,39.01402],[-107.170285,39.01287],[-107.168912,39.009535],[-107.166036,39.00678],[-107.166089,39.005239],[-107.165182,39.003613],[-107.160473,38.99999],[-107.159831,38.997711],[-107.156638,38.995074],[-107.153604,38.993936],[-107.147615,38.994117],[-107.143786,38.99639],[-107.140254,38.994083],[-107.137923,38.99383],[-107.133899,38.992338],[-107.132405,38.992663],[-107.129079,38.994217],[-107.125349,38.99105],[-107.121677,38.991762],[-107.118248,38.993973],[-107.117411,38.994073],[-107.1136,38.993333],[-107.106873,38.993001],[-107.10347,38.991748],[-107.103137,38.990077],[-107.103233,38.985057],[-107.104121,38.981348],[-107.10722,38.977241],[-107.107683,38.97547],[-107.105832,38.97201],[-107.106936,38.970058],[-107.107829,38.966736],[-107.107125,38.964096],[-107.105913,38.962607],[-107.107411,38.9577],[-107.108905,38.95592],[-107.111313,38.954629],[-107.112003,38.951813],[-107.11374,38.950526],[-107.11478,38.947809],[-107.114585,38.946752],[-107.115944,38.943125],[-107.116073,38.9417],[-107.115145,38.938753],[-107.115129,38.937374],[-107.116815,38.934983],[-107.117243,38.933535],[-107.116554,38.930485],[-107.11731,38.928201],[-107.11937,38.926537],[-107.120453,38.924537],[-107.11887,38.921191],[-107.119,38.917783],[-107.119864,38.915024],[-107.119803,38.913009],[-107.124043,38.910883],[-107.124756,38.908856],[-107.128823,38.902585],[-107.127362,38.898864],[-107.127461,38.897397],[-107.129496,38.895685],[-107.130075,38.892653],[-107.130264,38.890017],[-107.131132,38.886397],[-107.133298,38.880349],[-107.13267,38.879831],[-107.131909,38.877142],[-107.13409,38.8753],[-107.134358,38.873457],[-107.133784,38.871215],[-107.134715,38.86999],[-107.134011,38.866489],[-107.13319,38.865234],[-107.133183,38.863846],[-107.13614,38.860594],[-107.136147,38.860071],[-107.134084,38.857108],[-107.13409,38.856018],[-107.13476,38.855681],[-107.131138,38.854765],[-107.129866,38.851941],[-107.130918,38.850498],[-107.130383,38.848391],[-107.128815,38.846446],[-107.125604,38.843563],[-107.12581,38.839166],[-107.126359,38.837868],[-107.128037,38.836179],[-107.127562,38.83453],[-107.128072,38.833106],[-107.131298,38.82847],[-107.133089,38.826329],[-107.135224,38.825713],[-107.136377,38.823422],[-107.13589,38.821025],[-107.136245,38.817477],[-107.143557,38.81433],[-107.144601,38.814515],[-107.144316,38.81303],[-107.144714,38.811523],[-107.145802,38.809771],[-107.147357,38.809174],[-107.150023,38.807232],[-107.151103,38.805248],[-107.152657,38.803309],[-107.152355,38.802411],[-107.151727,38.799578],[-107.149532,38.796258],[-107.147462,38.795178],[-107.144481,38.794089],[-107.141184,38.793564],[-107.138917,38.792416],[-107.138798,38.791526],[-107.14335,38.789361],[-107.144608,38.789086],[-107.148291,38.789078],[-107.148341,38.784097],[-107.147373,38.734234],[-107.146749,38.702112],[-107.146392,38.686459],[-107.144991,38.687269],[-107.140202,38.688005],[-107.133886,38.689589],[-107.130596,38.68991],[-107.12545,38.688923],[-107.123079,38.688056],[-107.120001,38.68621],[-107.116258,38.681304],[-107.114858,38.680185],[-107.113776,38.678601],[-107.112481,38.675587],[-107.112147,38.672818],[-107.110047,38.669432],[-107.110808,38.667949],[-107.110038,38.665999],[-107.110412,38.665425],[-107.109535,38.662557],[-107.108733,38.661869],[-107.10891,38.660838],[-107.107685,38.659833],[-107.107787,38.658993],[-107.106989,38.65725],[-107.105004,38.654979],[-107.104069,38.654446],[-107.101744,38.650397],[-107.098662,38.64911],[-107.09501,38.646833],[-107.093751,38.645422],[-107.091604,38.643893],[-107.090774,38.642592],[-107.089072,38.640983],[-107.088563,38.638883],[-107.086838,38.635643],[-107.085839,38.632471],[-107.086478,38.629973],[-107.08719,38.628752],[-107.086374,38.627154],[-107.085513,38.626782],[-107.084704,38.624616],[-107.077566,38.626494],[-107.066125,38.62718],[-107.059533,38.626929],[-107.055266,38.626561],[-107.047195,38.627269],[-107.046096,38.623729],[-107.044962,38.623461],[-107.043499,38.622098],[-107.04302,38.620584],[-107.040494,38.617384],[-107.039898,38.615817],[-107.037772,38.611682],[-107.035179,38.609358],[-107.033761,38.606715],[-107.033199,38.604715],[-107.031119,38.603012],[-107.027274,38.601061],[-107.021977,38.597638],[-107.017715,38.594278],[-107.015565,38.592946],[-107.011475,38.592025],[-107.007278,38.591385],[-107.004978,38.589613],[-107.002623,38.588725],[-107.000148,38.586117],[-106.996766,38.583329],[-106.994204,38.581842],[-106.989355,38.580251],[-106.984842,38.57977],[-106.983912,38.580243],[-106.982533,38.57976],[-106.980595,38.579854],[-106.979531,38.579382],[-106.97362,38.579676],[-106.971415,38.57899],[-106.967442,38.579084],[-106.966014,38.578508],[-106.963797,38.579228],[-106.962606,38.577761],[-106.962082,38.577174],[-106.962375,38.575351],[-106.961899,38.575022],[-106.961639,38.571738],[-106.960673,38.569926],[-106.960196,38.567504],[-106.95865,38.566125],[-106.95765,38.562938],[-106.957103,38.560705],[-106.953961,38.558663],[-106.953682,38.55791],[-106.950967,38.555533],[-106.949865,38.554879],[-106.948575,38.55349],[-106.948085,38.551325],[-106.948608,38.549395],[-106.950797,38.546821],[-106.950838,38.546718],[-106.951317,38.545863],[-106.949215,38.543047],[-106.949634,38.540675],[-106.94981,38.538756],[-106.948986,38.536753],[-106.949102,38.533947],[-106.950514,38.53339],[-106.950921,38.533225],[-106.952285,38.532673],[-106.953438,38.532212],[-106.955204,38.531511],[-106.957631,38.530493],[-106.958435,38.530162],[-106.959543,38.529705],[-106.960999,38.529113],[-106.962729,38.528402],[-106.963586,38.528055],[-106.964489,38.52769],[-106.967201,38.526598],[-106.967458,38.526495],[-106.968103,38.52623],[-106.969126,38.525811],[-106.969756,38.525558],[-106.96997,38.525471],[-106.970792,38.525142],[-106.973103,38.524222],[-106.974841,38.523504],[-106.975407,38.52328],[-106.975579,38.523209],[-106.976052,38.523017],[-106.976282,38.52295],[-106.976558,38.522902],[-106.976842,38.522873],[-106.977123,38.522851],[-106.977224,38.522823],[-106.97729,38.522761],[-106.977316,38.522685],[-106.977325,38.522543],[-106.97992,38.522493],[-106.989627,38.522704],[-106.995602,38.521677],[-107.003752,38.520086],[-107.01408,38.517136],[-107.018475,38.516315],[-107.018843,38.516198],[-107.019207,38.51605],[-107.019508,38.515897],[-107.019787,38.515717],[-107.020145,38.515428],[-107.020303,38.515274],[-107.022822,38.512628],[-107.023892,38.511489],[-107.024444,38.510795],[-107.024844,38.510199],[-107.025207,38.509611],[-107.026436,38.507658],[-107.026598,38.50739],[-107.026805,38.506988],[-107.027011,38.506377],[-107.027076,38.505984],[-107.027086,38.505732],[-107.027064,38.505239],[-107.02689,38.504356],[-107.026156,38.501041],[-107.026064,38.500477],[-107.026044,38.500008],[-107.026095,38.499475],[-107.026183,38.499017],[-107.026312,38.498616],[-107.026473,38.498199],[-107.026867,38.497539],[-107.027147,38.497178],[-107.027827,38.496512],[-107.028242,38.496187],[-107.028794,38.495841],[-107.029862,38.495203],[-107.030734,38.494692],[-107.033246,38.49318],[-107.034328,38.492312],[-107.034685,38.491794],[-107.03511,38.490506],[-107.035615,38.489719],[-107.036287,38.489276],[-107.037246,38.488974],[-107.038083,38.489032],[-107.038771,38.489339],[-107.039406,38.489418],[-107.039987,38.489269],[-107.04089,38.488874],[-107.04133,38.488495],[-107.042398,38.486718],[-107.042865,38.486476],[-107.043561,38.486351],[-107.044514,38.486365],[-107.045922,38.486956],[-107.047334,38.487252],[-107.047884,38.487146],[-107.05018,38.48639],[-107.051338,38.486316],[-107.052343,38.486674],[-107.053084,38.487367],[-107.053675,38.488422],[-107.054814,38.48944],[-107.056224,38.489849],[-107.057177,38.489887],[-107.058799,38.489754],[-107.058846,38.489472],[-107.058934,38.488746],[-107.05895,38.488579],[-107.059096,38.487821],[-107.059098,38.487453],[-107.059208,38.486787],[-107.059477,38.486286],[-107.060467,38.485373],[-107.061233,38.484286],[-107.06159,38.483332],[-107.062004,38.481298],[-107.062295,38.479517],[-107.062508,38.478842],[-107.062938,38.478006],[-107.063545,38.477266],[-107.06409,38.476752],[-107.065847,38.475342],[-107.063443,38.473032],[-107.063344,38.472173],[-107.061935,38.469837],[-107.060926,38.468807],[-107.060943,38.467911],[-107.061099,38.466628],[-107.060472,38.464106],[-107.061544,38.46316],[-107.06197,38.461913],[-107.06192,38.459174],[-107.060408,38.455619],[-107.060682,38.454472],[-107.058797,38.4526],[-107.05754,38.451832],[-107.056787,38.449178],[-107.056556,38.446867],[-107.056789,38.446852],[-107.056755,38.446831],[-107.05647,38.446658],[-107.056365,38.446565],[-107.056232,38.446466],[-107.056086,38.446373],[-107.055918,38.446252],[-107.055639,38.446092],[-107.055541,38.446054],[-107.055457,38.446043],[-107.055332,38.446048],[-107.054843,38.446092],[-107.054717,38.446048],[-107.054577,38.446005],[-107.053963,38.445862],[-107.05376,38.445779],[-107.053621,38.445708],[-107.053467,38.44562],[-107.052874,38.445241],[-107.052741,38.445175],[-107.052559,38.445104],[-107.052071,38.4449],[-107.051756,38.444829],[-107.051365,38.444763],[-107.050967,38.444686],[-107.050681,38.444587],[-107.050534,38.444527],[-107.050346,38.444439],[-107.049969,38.444296],[-107.049794,38.444241],[-107.049676,38.444208],[-107.04948,38.444164],[-107.049271,38.444126],[-107.048928,38.444055],[-107.048782,38.444],[-107.048412,38.443879],[-107.048153,38.44378],[-107.047699,38.443549],[-107.047553,38.443461],[-107.04719,38.443264],[-107.047015,38.443154],[-107.046589,38.442923],[-107.04624,38.442824],[-107.045996,38.442786],[-107.04543,38.442654],[-107.045318,38.442615],[-107.045165,38.442549],[-107.045039,38.442483],[-107.044941,38.442423],[-107.044711,38.442236],[-107.044669,38.442187],[-107.044648,38.442121],[-107.04462,38.441907],[-107.044564,38.441583],[-107.04453,38.441445],[-107.044488,38.441341],[-107.044425,38.441226],[-107.044376,38.44116],[-107.044259,38.441025],[-107.044181,38.440935],[-107.044048,38.440797],[-107.043936,38.440698],[-107.04386,38.440638],[-107.043776,38.4406],[-107.043524,38.440517],[-107.043392,38.440484],[-107.043238,38.440424],[-107.043126,38.440369],[-107.042952,38.440264],[-107.042784,38.440155],[-107.042519,38.439951],[-107.042261,38.439699],[-107.042177,38.439605],[-107.042142,38.439496],[-107.042107,38.439298],[-107.042093,38.439188],[-107.042065,38.4391],[-107.042024,38.439012],[-107.041982,38.438952],[-107.041919,38.43888],[-107.041821,38.438809],[-107.041718,38.438728],[-107.041591,38.438628],[-107.041514,38.438551],[-107.04145,38.438476],[-107.041284,38.438282],[-107.041074,38.437969],[-107.0409,38.437776],[-107.040774,38.43765],[-107.04075,38.437623],[-107.04069,38.437557],[-107.040627,38.43748],[-107.040572,38.437309],[-107.040404,38.436931],[-107.040488,38.436414],[-107.039636,38.435909],[-107.038771,38.435129],[-107.038059,38.434678],[-107.03676,38.434118],[-107.03623,38.433755],[-107.035713,38.433085],[-107.034387,38.431767],[-107.034018,38.431157],[-107.03348,38.430614],[-107.03191,38.430124],[-107.031163,38.430047],[-107.03004,38.4301],[-107.029544,38.429965],[-107.028793,38.430043],[-107.027539,38.429746],[-107.025478,38.428648],[-107.024358,38.428371],[-107.022998,38.427635],[-107.022028,38.427644],[-107.021257,38.427288],[-107.021097,38.42704],[-107.020533,38.426801],[-107.016573,38.425836],[-107.015561,38.425248],[-107.014074,38.425313],[-107.013614,38.424325],[-107.011521,38.422094],[-107.010671,38.420726],[-107.010268,38.418271],[-107.008244,38.4171],[-107.007443,38.414612],[-107.005706,38.413919],[-107.004714,38.414056],[-107.00378,38.412705],[-107.001923,38.4124],[-107.000601,38.411894],[-107.000602,38.384373],[-107.000602,38.384114],[-107.000601,38.383997],[-107.000602,38.346634],[-107.000602,38.345629],[-107.000602,38.332014],[-107.00073,38.279768],[-107.000742,38.273957],[-107.00079,38.249994],[-107.00097,38.233959],[-107.001129,38.205777],[-107.001149,38.154659],[-107.001119,38.147072],[-107.001203,38.137512],[-107.001314,38.124995],[-107.001889,38.092906],[-107.001834,38.078692],[-107.001774,38.064117],[-107.001663,38.03683],[-107.001514,37.999996],[-107.000602,37.956041],[-106.999328,37.957021],[-106.997749,37.957319],[-106.996866,37.960392],[-106.995985,37.960169],[-106.994436,37.960772],[-106.989807,37.961032],[-106.988326,37.962073],[-106.987625,37.963737],[-106.987368,37.969179],[-106.985848,37.969042],[-106.977922,37.969088],[-106.972595,37.971988],[-106.969921,37.973135],[-106.967981,37.975039],[-106.964013,37.972522],[-106.962453,37.972317],[-106.961909,37.968941],[-106.962545,37.967846],[-106.961355,37.967952],[-106.955369,37.965017],[-106.953042,37.962809],[-106.952444,37.961853],[-106.952365,37.957447],[-106.950614,37.956732],[-106.949091,37.956695],[-106.946317,37.954005],[-106.944464,37.953725],[-106.941519,37.954259],[-106.937356,37.956647],[-106.935406,37.958786],[-106.935258,37.960363],[-106.933798,37.960866],[-106.930141,37.963298],[-106.927264,37.964204],[-106.924187,37.964869],[-106.920734,37.966433],[-106.920312,37.967431],[-106.91675,37.966436],[-106.913578,37.966292],[-106.911579,37.966478],[-106.908668,37.964053],[-106.905199,37.963901],[-106.902247,37.965645],[-106.899489,37.966788],[-106.897834,37.967891],[-106.89456,37.967104],[-106.889603,37.961871],[-106.882751,37.961534],[-106.881367,37.96224],[-106.880392,37.961207],[-106.879167,37.96111],[-106.879342,37.959937],[-106.878341,37.9585],[-106.879147,37.956401],[-106.87988,37.949861],[-106.877136,37.948582],[-106.875599,37.945823],[-106.874352,37.942685],[-106.871403,37.941894],[-106.86976,37.941454],[-106.868681,37.937937],[-106.866253,37.934091],[-106.864198,37.933245],[-106.859248,37.928578],[-106.852897,37.923884],[-106.84727,37.91917],[-106.841503,37.918891],[-106.833984,37.918914],[-106.82994,37.917894],[-106.82452,37.91873],[-106.818427,37.914039],[-106.807937,37.915381],[-106.80685,37.914822],[-106.801026,37.913699],[-106.795425,37.909621],[-106.783437,37.899532],[-106.778537,37.894862],[-106.773066,37.885575],[-106.755823,37.880624],[-106.750597,37.881491],[-106.736666,37.887881],[-106.722903,37.874999],[-106.718664,37.872849],[-106.714678,37.871901],[-106.712441,37.871994],[-106.710286,37.872568],[-106.707247,37.873911],[-106.706457,37.874999],[-106.704484,37.875844],[-106.70154,37.876354],[-106.699326,37.876434],[-106.697161,37.876111],[-106.693523,37.873519],[-106.693687,37.871679],[-106.693703,37.855374],[-106.693751,37.848327],[-106.693845,37.835244],[-106.694069,37.817704],[-106.694149,37.807195],[-106.694309,37.78452],[-106.69443,37.776309],[-106.69443,37.770006],[-106.694692,37.751318],[-106.695251,37.750002],[-106.695652,37.715364],[-106.695674,37.713218],[-106.695641,37.711171],[-106.69565,37.710293],[-106.695775,37.690849],[-106.695638,37.664271],[-106.711624,37.664273],[-106.711801,37.641417],[-106.711835,37.632291],[-106.71115,37.611748],[-106.711088,37.609858],[-106.7111,37.608739],[-106.7112,37.600567],[-106.711123,37.591524],[-106.710995,37.560963],[-106.710986,37.559853],[-106.710914,37.551073],[-106.710779,37.522012],[-106.71076,37.508377],[-106.710881,37.500008],[-106.710875,37.488015],[-106.710867,37.481611],[-106.710825,37.448235],[-106.71079,37.416168],[-106.710789,37.415616],[-106.710775,37.404228],[-106.710767,37.396238],[-106.729369,37.396046],[-106.750451,37.395975],[-106.790424,37.395208],[-106.801196,37.394975],[-106.836909,37.394287],[-106.837165,37.394279],[-106.871183,37.393665],[-106.875595,37.394023],[-106.898367,37.393863],[-106.907081,37.393806],[-106.960961,37.393438],[-106.97564,37.393313],[-107.000597,37.393136],[-107.022622,37.392703],[-107.045415,37.392304],[-107.049368,37.392304],[-107.067408,37.392359],[-107.089199,37.392455],[-107.11072,37.392449],[-107.1256,37.392486],[-107.128737,37.392409],[-107.128714,37.403949],[-107.128703,37.410594],[-107.128682,37.421783],[-107.12868,37.422942],[-107.165608,37.422948],[-107.16644,37.422948],[-107.192145,37.422953],[-107.202829,37.422954],[-107.211573,37.422961],[-107.217866,37.422982],[-107.219326,37.420995],[-107.221138,37.417482],[-107.221404,37.415212],[-107.22094,37.413045],[-107.220221,37.407181],[-107.218576,37.405142],[-107.21973,37.404742],[-107.223486,37.402559],[-107.225197,37.402228],[-107.225499,37.401213],[-107.227432,37.396607],[-107.228684,37.39518],[-107.22909,37.393817],[-107.231122,37.391073],[-107.230918,37.390145],[-107.228979,37.387926],[-107.227996,37.387673],[-107.227125,37.38594],[-107.229957,37.385574],[-107.232755,37.38562],[-107.23307,37.385035],[-107.232748,37.382092],[-107.232213,37.38068],[-107.232029,37.378319],[-107.23123,37.377394],[-107.22725,37.377323],[-107.224037,37.376284],[-107.222566,37.375017],[-107.221957,37.353782],[-107.221761,37.351589],[-107.222324,37.349998],[-107.221422,37.34845],[-107.22166,37.342304],[-107.221486,37.340264],[-107.221536,37.339037],[-107.220828,37.33843],[-107.220972,37.337229],[-107.219476,37.334246],[-107.219453,37.332674],[-107.218067,37.330294],[-107.216357,37.328908],[-107.215479,37.326204],[-107.213586,37.32427],[-107.212653,37.324725],[-107.21122,37.324286],[-107.20874,37.321388],[-107.207159,37.321455],[-107.203884,37.320586],[-107.202933,37.320676],[-107.201317,37.322679],[-107.201585,37.323882],[-107.201821,37.325137],[-107.203708,37.325268],[-107.204901,37.327535],[-107.201049,37.327893],[-107.19931,37.328587],[-107.196322,37.329237],[-107.194098,37.330831],[-107.190168,37.332549],[-107.189577,37.33413],[-107.191157,37.33511],[-107.193756,37.3361],[-107.190748,37.33662],[-107.187021,37.334803],[-107.185053,37.334638],[-107.181029,37.335819],[-107.178745,37.337085],[-107.177887,37.336849],[-107.17603,37.334869],[-107.173185,37.335019],[-107.170623,37.335636],[-107.166482,37.338469],[-107.166287,37.337643],[-107.170055,37.334004],[-107.171424,37.332196],[-107.171213,37.331327],[-107.167052,37.327115],[-107.167276,37.325492],[-107.165168,37.324119],[-107.160803,37.322011],[-107.157149,37.319749],[-107.155716,37.321226],[-107.153614,37.322666],[-107.150079,37.325637],[-107.147568,37.326799],[-107.146462,37.327884],[-107.143965,37.32833],[-107.143573,37.328447],[-107.14271,37.3272],[-107.141768,37.324506],[-107.142856,37.322837],[-107.142725,37.322226],[-107.141312,37.320016],[-107.142102,37.319275],[-107.142027,37.31892],[-107.141267,37.318135],[-107.141284,37.316905],[-107.140435,37.315813],[-107.141578,37.314444],[-107.140279,37.31259],[-107.140071,37.311412],[-107.14222,37.30727],[-107.14416,37.306872],[-107.144507,37.306074],[-107.144698,37.302678],[-107.142549,37.300702],[-107.141925,37.299385],[-107.141197,37.294308],[-107.142467,37.292684],[-107.142146,37.292171],[-107.138319,37.292368],[-107.136976,37.291774],[-107.136226,37.292258],[-107.134431,37.292165],[-107.13126,37.291118],[-107.126981,37.291384],[-107.125935,37.290603],[-107.118119,37.290652],[-107.104999,37.290732],[-107.104992,37.29033],[-107.104863,37.281057],[-107.104853,37.280362],[-107.104867,37.280364],[-107.104754,37.273309],[-107.104592,37.261829],[-107.112614,37.261787],[-107.112126,37.260291],[-107.114915,37.258949],[-107.115992,37.257021],[-107.11617,37.25573],[-107.115571,37.254588],[-107.115914,37.253138],[-107.117197,37.250566],[-107.118465,37.249525],[-107.119769,37.24747],[-107.122508,37.244964],[-107.12355,37.242717],[-107.126485,37.241791],[-107.128135,37.240265],[-107.131103,37.238679],[-107.132855,37.238911],[-107.133622,37.23847],[-107.135404,37.238646],[-107.137447,37.238893],[-107.139263,37.239565],[-107.141331,37.240808],[-107.14515,37.24105],[-107.149387,37.240761],[-107.153118,37.23947],[-107.155931,37.238958],[-107.15791,37.239033],[-107.160966,37.238275],[-107.166644,37.237611],[-107.169409,37.236855],[-107.174321,37.236594],[-107.175943,37.236136],[-107.178325,37.234627],[-107.180728,37.233563],[-107.183629,37.232816],[-107.190587,37.229974],[-107.193407,37.228982],[-107.195681,37.229035],[-107.195485,37.226524],[-107.195979,37.226001],[-107.200686,37.225511],[-107.20381,37.224054],[-107.208922,37.223182],[-107.210136,37.222331],[-107.210022,37.220215],[-107.211102,37.218434],[-107.212531,37.216873],[-107.212817,37.215011],[-107.213484,37.213984],[-107.213361,37.211359],[-107.211566,37.207598],[-107.209623,37.205251],[-107.205724,37.203636],[-107.203763,37.203113],[-107.197251,37.199072],[-107.196523,37.197118],[-107.195436,37.196379],[-107.195781,37.194041],[-107.193905,37.190908],[-107.191378,37.188138],[-107.191147,37.187279],[-107.191171,37.182581],[-107.188293,37.179121],[-107.186316,37.175897],[-107.181478,37.171763],[-107.179127,37.169984],[-107.177357,37.169027],[-107.170785,37.166207],[-107.16965,37.165118],[-107.167713,37.160789],[-107.16541,37.158454],[-107.166201,37.154413],[-107.166491,37.151219],[-107.165712,37.149306],[-107.163817,37.146226],[-107.160879,37.144208],[-107.160441,37.143404],[-107.161377,37.140864],[-107.161511,37.139184],[-107.16308,37.136294],[-107.163316,37.129717],[-107.163122,37.128685],[-107.160946,37.124379],[-107.16166,37.121489],[-107.163351,37.120333],[-107.167295,37.120177],[-107.168716,37.119872],[-107.170235,37.118767],[-107.171856,37.115947],[-107.171464,37.113054],[-107.173291,37.111856],[-107.17486,37.109647],[-107.177291,37.106889],[-107.1801,37.105417],[-107.18167,37.103963],[-107.184312,37.102147],[-107.187102,37.095938],[-107.1878,37.093405],[-107.187738,37.091484],[-107.189557,37.088115],[-107.191,37.086241],[-107.191686,37.083644],[-107.192816,37.081326],[-107.193305,37.079993],[-107.196972,37.081962],[-107.199955,37.082902],[-107.204361,37.083875],[-107.205975,37.083812],[-107.2086,37.082997],[-107.213238,37.083124],[-107.219649,37.082861],[-107.220427,37.083054],[-107.224483,37.085248],[-107.231054,37.086707],[-107.23661,37.088432],[-107.242081,37.088599],[-107.245552,37.089814],[-107.252901,37.091728],[-107.259554,37.095642],[-107.261213,37.096213],[-107.26673,37.096873],[-107.268572,37.098193],[-107.270106,37.100196],[-107.271795,37.10159],[-107.274821,37.103075],[-107.276269,37.105653],[-107.27711,37.105887],[-107.278607,37.10433],[-107.281661,37.105491],[-107.283896,37.106728],[-107.285253,37.106965],[-107.289982,37.108082],[-107.292674,37.110559],[-107.29509,37.109831],[-107.296025,37.110774],[-107.294965,37.112055],[-107.297339,37.112953],[-107.297815,37.11508],[-107.299982,37.116309],[-107.301983,37.116922],[-107.301681,37.118839],[-107.302783,37.121562],[-107.303027,37.1243],[-107.304093,37.126832],[-107.305331,37.127718],[-107.306007,37.129244],[-107.307846,37.131354],[-107.308521,37.133218],[-107.308822,37.136085],[-107.310247,37.139306],[-107.309615,37.140174],[-107.310649,37.141382],[-107.309889,37.144011],[-107.30972,37.146067],[-107.31072,37.147611],[-107.313068,37.15007],[-107.313123,37.151754],[-107.314329,37.153209],[-107.313937,37.15478],[-107.314098,37.157072],[-107.314968,37.158638],[-107.315449,37.161239],[-107.31498,37.162904],[-107.317576,37.16055],[-107.31979,37.159884],[-107.322649,37.159746],[-107.325051,37.160294],[-107.329483,37.162308],[-107.332188,37.163164],[-107.33653,37.163388],[-107.338487,37.162324],[-107.339141,37.161302],[-107.339224,37.160923],[-107.338839,37.159384],[-107.337768,37.158105],[-107.337525,37.156856],[-107.338884,37.153739],[-107.339055,37.150371],[-107.340508,37.147373],[-107.342282,37.146014],[-107.347609,37.1447],[-107.348924,37.14387],[-107.350188,37.141132],[-107.351082,37.138771],[-107.352114,37.137626],[-107.357995,37.132326],[-107.36142,37.129023],[-107.36292,37.127078],[-107.36618,37.124221],[-107.371172,37.121395],[-107.372915,37.120243],[-107.37815,37.115802],[-107.380463,37.112341],[-107.381978,37.111104],[-107.384152,37.109941],[-107.38474,37.109626],[-107.384756,37.112701],[-107.384475,37.11608],[-107.38535,37.116182],[-107.386338,37.117588],[-107.386975,37.117294],[-107.388743,37.119268],[-107.389375,37.120611],[-107.390975,37.121524],[-107.392134,37.123269],[-107.392936,37.123678],[-107.393134,37.12482],[-107.395633,37.127541],[-107.396381,37.127288],[-107.399542,37.129849],[-107.400454,37.130118],[-107.401736,37.131519],[-107.402921,37.133711],[-107.404595,37.134821],[-107.407584,37.138023],[-107.408455,37.137996],[-107.409607,37.139424],[-107.411048,37.139342],[-107.411055,37.139963],[-107.41357,37.140948],[-107.414648,37.142995],[-107.414099,37.143792],[-107.415204,37.143825],[-107.414627,37.144846],[-107.41569,37.145654],[-107.41591,37.146911],[-107.416733,37.147603],[-107.41641,37.149559],[-107.417624,37.151443],[-107.417911,37.153475],[-107.417369,37.155133],[-107.419057,37.1566],[-107.418672,37.157292],[-107.419612,37.158171],[-107.421073,37.160549],[-107.42237,37.161515],[-107.422377,37.162548],[-107.423557,37.162696],[-107.429026,37.166102],[-107.430425,37.168793],[-107.430638,37.173187],[-107.430013,37.174845],[-107.432628,37.17841],[-107.433541,37.180562],[-107.432834,37.182314],[-107.432909,37.183665],[-107.432353,37.185253],[-107.432539,37.187279],[-107.433259,37.18891],[-107.434673,37.190552],[-107.438223,37.193155],[-107.438607,37.193869],[-107.438731,37.196522],[-107.440338,37.198636],[-107.445164,37.200888],[-107.445892,37.202513],[-107.448152,37.206017],[-107.44956,37.207439],[-107.452245,37.20941],[-107.453879,37.211025],[-107.458211,37.212721],[-107.456531,37.210584],[-107.454843,37.209211],[-107.454556,37.207495],[-107.457045,37.206716],[-107.459134,37.207174],[-107.459734,37.205434],[-107.458731,37.203238],[-107.460563,37.20175],[-107.461534,37.199439],[-107.46428,37.198477],[-107.465369,37.197517],[-107.464952,37.197152],[-107.46619,37.195386],[-107.467836,37.193847],[-107.468224,37.19246],[-107.468595,37.188983],[-107.46764,37.186299],[-107.468627,37.184774],[-107.470932,37.183266],[-107.472122,37.180375],[-107.474044,37.177847],[-107.475075,37.17596],[-107.477612,37.173988],[-107.478698,37.171721],[-107.479944,37.170551],[-107.482088,37.168682],[-107.482078,37.183799],[-107.547335,37.183917],[-107.551728,37.183878],[-107.557499,37.183925],[-107.567857,37.183937],[-107.569126,37.183919],[-107.577232,37.18384],[-107.577253,37.184018],[-107.588559,37.183947],[-107.604732,37.183931],[-107.613602,37.183889],[-107.6155,37.183993],[-107.620178,37.183989],[-107.620465,37.176962],[-107.62752,37.177007],[-107.627893,37.176562],[-107.631836,37.176561],[-107.638757,37.176663],[-107.641195,37.176671],[-107.641141,37.182261],[-107.640903,37.183674],[-107.642007,37.183562],[-107.642971,37.183898],[-107.650581,37.183899],[-107.654684,37.183893],[-107.654744,37.191263],[-107.654786,37.193541],[-107.654738,37.19865],[-107.657189,37.198647],[-107.6593,37.198645],[-107.659257,37.214994],[-107.687452,37.214977],[-107.696836,37.214972],[-107.704482,37.214969],[-107.714186,37.214966],[-107.719745,37.214983],[-107.719767,37.21344],[-107.721162,37.213447],[-107.721246,37.214988],[-107.723648,37.214968],[-107.723699,37.227933],[-107.722265,37.227608],[-107.719784,37.227261],[-107.710069,37.226711],[-107.706616,37.226322],[-107.704271,37.225576],[-107.702075,37.225236],[-107.699675,37.225577],[-107.696459,37.22655],[-107.694522,37.226711],[-107.69118,37.226386],[-107.687719,37.226829],[-107.685428,37.226748],[-107.684064,37.226276],[-107.678727,37.223793],[-107.675382,37.223635],[-107.665393,37.22568],[-107.660971,37.225821],[-107.65911,37.225513],[-107.657148,37.224394],[-107.650699,37.219261],[-107.647924,37.218001],[-107.644157,37.217607],[-107.641566,37.218019],[-107.624669,37.221888],[-107.622294,37.222922],[-107.619567,37.225392],[-107.616669,37.227875],[-107.614976,37.228579],[-107.611253,37.229149],[-107.610417,37.229255],[-107.607569,37.229631],[-107.601376,37.230497],[-107.601449,37.230767],[-107.601469,37.23087],[-107.601501,37.231034],[-107.601531,37.231244],[-107.601009,37.231367],[-107.601344,37.23308],[-107.598262,37.233073],[-107.59793,37.231624],[-107.595989,37.23193],[-107.595772,37.230782],[-107.596264,37.230553],[-107.596305,37.225781],[-107.597533,37.225873],[-107.598705,37.227689],[-107.600115,37.228323],[-107.597568,37.228677],[-107.597883,37.230482],[-107.59792,37.230475],[-107.598396,37.23106],[-107.601158,37.230181],[-107.601461,37.2296],[-107.601467,37.229507],[-107.600409,37.229729],[-107.600093,37.229771],[-107.600726,37.229122],[-107.60271,37.227327],[-107.602864,37.227335],[-107.605597,37.227373],[-107.605564,37.228669],[-107.606516,37.229565],[-107.607466,37.229443],[-107.610048,37.228869],[-107.607307,37.228882],[-107.607173,37.228374],[-107.606612,37.22654],[-107.606568,37.225762],[-107.608107,37.225899],[-107.6085,37.22588],[-107.608411,37.22581],[-107.608242,37.225746],[-107.608092,37.225651],[-107.607785,37.225334],[-107.607769,37.225318],[-107.607503,37.22505],[-107.607417,37.225064],[-107.607208,37.22508],[-107.60722,37.225149],[-107.607156,37.225138],[-107.607034,37.225173],[-107.606774,37.22519],[-107.606616,37.224448],[-107.606665,37.224467],[-107.607134,37.224732],[-107.608012,37.223792],[-107.606755,37.223148],[-107.605551,37.221634],[-107.60468,37.221262],[-107.604076,37.219492],[-107.605276,37.219473],[-107.6047,37.21811],[-107.598515,37.218175],[-107.597869,37.216951],[-107.596408,37.216213],[-107.596555,37.222749],[-107.596272,37.222774],[-107.59561,37.222401],[-107.594354,37.221522],[-107.589564,37.221498],[-107.589627,37.223814],[-107.589657,37.225155],[-107.587363,37.225174],[-107.587333,37.226291],[-107.587318,37.226789],[-107.587477,37.226745],[-107.58763,37.226702],[-107.587809,37.226651],[-107.587894,37.226768],[-107.588271,37.227411],[-107.588388,37.22762],[-107.588496,37.227794],[-107.588157,37.227797],[-107.587318,37.227806],[-107.587333,37.228807],[-107.585968,37.229041],[-107.586209,37.232588],[-107.584495,37.232587],[-107.581667,37.232684],[-107.582507,37.23598],[-107.587113,37.234179],[-107.587261,37.233584],[-107.587345,37.232609],[-107.587361,37.232568],[-107.587399,37.232512],[-107.587513,37.232445],[-107.587615,37.232392],[-107.587804,37.23228],[-107.588085,37.232152],[-107.588435,37.232015],[-107.588657,37.231935],[-107.588859,37.231873],[-107.588991,37.231827],[-107.589171,37.23177],[-107.589246,37.231745],[-107.589785,37.23157],[-107.589977,37.231508],[-107.590024,37.231493],[-107.590399,37.231401],[-107.59103,37.231313],[-107.591111,37.231301],[-107.591169,37.231293],[-107.592004,37.230572],[-107.59211,37.230572],[-107.592375,37.230524],[-107.592361,37.230006],[-107.592822,37.229943],[-107.592797,37.22978],[-107.59279,37.229733],[-107.59255,37.229761],[-107.592566,37.22956],[-107.592447,37.22955],[-107.592863,37.229069],[-107.593984,37.229319],[-107.593652,37.229823],[-107.593406,37.229865],[-107.593403,37.230411],[-107.593742,37.230363],[-107.59365,37.231081],[-107.59203,37.231296],[-107.591862,37.231322],[-107.591889,37.233103],[-107.591883,37.233223],[-107.590989,37.233427],[-107.590692,37.233496],[-107.59069,37.233438],[-107.587556,37.234289],[-107.587316,37.23453],[-107.58739,37.247549],[-107.587431,37.250793],[-107.598637,37.250887],[-107.597764,37.249163],[-107.600417,37.24854],[-107.599769,37.251538],[-107.599742,37.251638],[-107.598844,37.254277],[-107.598679,37.261007],[-107.598313,37.264545],[-107.598909,37.268575],[-107.598455,37.273456],[-107.597798,37.27536],[-107.596847,37.276675],[-107.59634,37.278322],[-107.59629,37.294498],[-107.59824,37.301765],[-107.598332,37.302081],[-107.598831,37.303907],[-107.599444,37.308346],[-107.599922,37.309646],[-107.602659,37.31452],[-107.604091,37.317415],[-107.604999,37.318504],[-107.6008,37.318618],[-107.600804,37.320331],[-107.59171,37.320368],[-107.589606,37.318704],[-107.582581,37.318742],[-107.582574,37.322742],[-107.582571,37.324278],[-107.582561,37.329543],[-107.578018,37.329546],[-107.578004,37.331788],[-107.577996,37.332909],[-107.577995,37.333122],[-107.573874,37.333096],[-107.573781,37.329754],[-107.564971,37.330124],[-107.564998,37.330542],[-107.565191,37.333499],[-107.560654,37.333505],[-107.560892,37.33762],[-107.560872,37.344871],[-107.564093,37.344702],[-107.569959,37.344382],[-107.569966,37.341044],[-107.577954,37.340324],[-107.577972,37.337822],[-107.57798,37.336714],[-107.583415,37.336724],[-107.583417,37.336952],[-107.583574,37.336724],[-107.609825,37.336767],[-107.609878,37.333121],[-107.619166,37.333164],[-107.619059,37.329445],[-107.62121,37.329664],[-107.625629,37.329224],[-107.627112,37.328839],[-107.630206,37.327801],[-107.63184,37.332218],[-107.632273,37.335436],[-107.632164,37.338441],[-107.634789,37.339493],[-107.636187,37.340681],[-107.638735,37.343775],[-107.639972,37.345633],[-107.642733,37.348009],[-107.644046,37.349144],[-107.646778,37.351047],[-107.648272,37.351705],[-107.651475,37.352641],[-107.651468,37.347886],[-107.651454,37.345481],[-107.65086,37.34164],[-107.673063,37.34178],[-107.673622,37.345201],[-107.683803,37.344413],[-107.686678,37.344171],[-107.686699,37.340434],[-107.686703,37.339254],[-107.686713,37.337311],[-107.687415,37.337382],[-107.696156,37.338271],[-107.69911,37.338311],[-107.701244,37.338339],[-107.702181,37.338352],[-107.705311,37.338286],[-107.705287,37.311657],[-107.70521,37.309729],[-107.743631,37.309421],[-107.746041,37.309401],[-107.74602,37.296896],[-107.746017,37.294868],[-107.772948,37.294673],[-107.772922,37.29822],[-107.782393,37.298206],[-107.782403,37.301842],[-107.777635,37.30183],[-107.777557,37.305802],[-107.776991,37.306554],[-107.776,37.306647],[-107.774999,37.308159],[-107.776403,37.309642],[-107.776996,37.310466],[-107.775219,37.311873],[-107.776942,37.311521],[-107.776646,37.31235],[-107.77741,37.31286],[-107.777478,37.319824],[-107.77748,37.320041],[-107.782109,37.319995],[-107.781997,37.323587],[-107.789091,37.323522],[-107.789659,37.323527],[-107.791461,37.32351],[-107.791411,37.319925],[-107.795776,37.319912],[-107.795872,37.323483],[-107.800343,37.32346],[-107.800232,37.31278],[-107.799905,37.312624],[-107.800243,37.312458],[-107.800224,37.30902],[-107.79576,37.309086],[-107.79576,37.305777],[-107.79576,37.30546],[-107.79148,37.30548],[-107.791464,37.299889],[-107.791328,37.298764],[-107.793984,37.296338],[-107.794688,37.294793],[-107.794833,37.293276],[-107.796351,37.289321],[-107.796369,37.287951],[-107.795419,37.287652],[-107.793489,37.287453],[-107.79308,37.286167],[-107.793001,37.281966],[-107.792038,37.279107],[-107.792208,37.278003],[-107.793291,37.276511],[-107.793653,37.27524],[-107.794408,37.275031],[-107.795854,37.274025],[-107.795223,37.272776],[-107.795348,37.271303],[-107.795662,37.26952],[-107.795643,37.265917],[-107.801399,37.265847],[-107.813673,37.265774],[-107.813769,37.280194],[-107.82258,37.279873],[-107.822598,37.276274],[-107.827035,37.276216],[-107.831501,37.276158],[-107.831473,37.279688],[-107.839247,37.277835],[-107.84513,37.277723],[-107.844033,37.278945],[-107.844148,37.281956],[-107.839438,37.28194],[-107.839569,37.285004],[-107.839616,37.286104],[-107.836495,37.286455],[-107.835599,37.286551],[-107.835631,37.28715],[-107.835824,37.290273],[-107.835575,37.291704],[-107.835179,37.293697],[-107.835324,37.296485],[-107.835382,37.297319],[-107.830692,37.297689],[-107.830807,37.301399],[-107.83092,37.305051],[-107.830576,37.305495],[-107.830656,37.307304],[-107.83317,37.307162],[-107.832812,37.309993],[-107.831624,37.309996],[-107.831817,37.319302],[-107.832203,37.337963],[-107.831444,37.365526],[-107.831379,37.379551],[-107.828474,37.37963],[-107.822368,37.379795],[-107.822434,37.386848],[-107.820835,37.386888],[-107.821101,37.392433],[-107.821181,37.394072],[-107.813492,37.394047],[-107.813497,37.400614],[-107.813498,37.401298],[-107.804451,37.40145],[-107.804422,37.408582],[-107.81364,37.408486],[-107.818752,37.408433],[-107.824265,37.408391],[-107.827285,37.408401],[-107.827518,37.40881],[-107.835563,37.410906],[-107.836887,37.411704],[-107.837138,37.411826],[-107.838577,37.408435],[-107.842588,37.408588],[-107.849681,37.40877],[-107.84952,37.42292],[-107.849048,37.424342],[-107.849069,37.426545],[-107.851024,37.426543],[-107.853563,37.42654],[-107.853563,37.433786],[-107.852463,37.433787],[-107.849151,37.433791],[-107.844707,37.433796],[-107.844641,37.430175],[-107.817794,37.430422],[-107.817626,37.437767],[-107.813086,37.437783],[-107.812659,37.464582],[-107.812612,37.467547],[-107.817245,37.467979],[-107.817373,37.482459],[-107.82189,37.482301],[-107.821798,37.536729],[-107.826361,37.536854],[-107.826608,37.560283],[-107.827031,37.560318],[-107.827097,37.564098],[-107.826675,37.564124],[-107.826978,37.579941],[-107.831538,37.579948],[-107.831568,37.583338],[-107.831058,37.596789],[-107.826494,37.5968],[-107.826587,37.604182],[-107.822073,37.604195],[-107.822152,37.611498],[-107.817627,37.611499],[-107.81753,37.618702],[-107.817838,37.63139],[-107.818042,37.640101],[-107.810654,37.64013],[-107.810153,37.640132],[-107.80612,37.640147],[-107.803947,37.640156],[-107.799754,37.640169],[-107.789598,37.640212],[-107.758904,37.64033],[-107.75061,37.640315],[-107.743187,37.639547],[-107.691852,37.639577],[-107.591984,37.639629],[-107.536979,37.639628],[-107.500612,37.639628],[-107.499099,37.639478],[-107.482179,37.639501],[-107.482179,37.643048],[-107.482182,37.669838],[-107.482207,37.743884],[-107.48209,37.752926],[-107.482245,37.768353],[-107.480896,37.768081],[-107.47842,37.769268],[-107.476213,37.768549],[-107.474767,37.767671],[-107.473279,37.767628],[-107.470816,37.766552],[-107.469032,37.766196],[-107.46901,37.765169],[-107.468165,37.765515],[-107.466832,37.766394],[-107.467546,37.769414],[-107.466391,37.770881],[-107.464884,37.77361],[-107.465182,37.774395],[-107.463875,37.777081],[-107.461745,37.778674],[-107.460742,37.779838],[-107.460611,37.781277],[-107.458342,37.781799],[-107.458591,37.783381],[-107.459339,37.784429],[-107.459637,37.786198],[-107.46071,37.786999],[-107.459375,37.789729],[-107.459625,37.79204],[-107.459224,37.794083],[-107.460221,37.794912],[-107.460969,37.796884],[-107.46209,37.797158],[-107.462029,37.798767],[-107.464673,37.800106],[-107.465932,37.800078],[-107.465573,37.800891],[-107.466785,37.804614],[-107.468829,37.807804],[-107.468843,37.809726],[-107.470955,37.811762],[-107.472305,37.812339],[-107.474972,37.815687],[-107.478876,37.816685],[-107.482138,37.818952],[-107.482277,37.819885],[-107.485477,37.822421],[-107.49031,37.824275],[-107.494893,37.82408],[-107.496408,37.823086],[-107.503561,37.823709],[-107.506496,37.824325],[-107.510289,37.824755],[-107.512922,37.825334],[-107.515323,37.826566],[-107.516547,37.826451],[-107.517287,37.829391],[-107.516567,37.82977],[-107.51613,37.831938],[-107.516835,37.833472],[-107.516204,37.834547],[-107.517459,37.836638],[-107.517344,37.837363],[-107.518374,37.838982],[-107.520586,37.839493],[-107.519667,37.841194],[-107.520867,37.84187],[-107.521974,37.841463],[-107.521783,37.844635],[-107.520964,37.844892],[-107.521061,37.847356],[-107.520331,37.848325],[-107.519048,37.84827],[-107.518593,37.849185],[-107.518174,37.85594],[-107.517859,37.856978],[-107.518644,37.858086],[-107.520171,37.858669],[-107.520787,37.859548],[-107.52108,37.861861],[-107.522345,37.863435],[-107.524402,37.865163],[-107.524142,37.866605],[-107.526014,37.868952],[-107.527741,37.870361],[-107.532566,37.872848],[-107.536021,37.873914],[-107.534967,37.874996],[-107.535328,37.877113],[-107.536244,37.878594],[-107.536468,37.88011],[-107.534503,37.881788],[-107.532481,37.884047],[-107.533444,37.888077],[-107.533106,37.889361],[-107.531282,37.889159],[-107.529068,37.890023],[-107.527162,37.891377],[-107.526056,37.893649],[-107.526429,37.896213],[-107.523036,37.897533],[-107.521821,37.898772],[-107.521638,37.900419],[-107.520167,37.901312],[-107.524635,37.904054],[-107.524806,37.905345],[-107.527511,37.906198],[-107.528505,37.907097],[-107.528515,37.908784],[-107.529194,37.909765],[-107.529716,37.911748],[-107.528924,37.913687],[-107.529205,37.914679],[-107.530747,37.916819],[-107.533868,37.918985],[-107.535902,37.920123],[-107.536652,37.921088],[-107.536518,37.922412],[-107.534546,37.924671],[-107.537358,37.926144],[-107.538351,37.929819],[-107.53792,37.933744],[-107.537701,37.934644],[-107.534149,37.937138],[-107.534309,37.93817],[-107.532378,37.940654],[-107.532593,37.943905],[-107.534271,37.944931],[-107.537346,37.947613],[-107.540069,37.947884],[-107.544233,37.948715],[-107.547515,37.949032],[-107.551046,37.949687],[-107.552859,37.951076],[-107.556561,37.952916],[-107.559166,37.953696],[-107.563369,37.955937],[-107.564914,37.961216],[-107.567219,37.961327],[-107.569005,37.963086],[-107.568875,37.965015],[-107.569035,37.966039],[-107.571674,37.966447],[-107.572687,37.967166],[-107.574944,37.967146],[-107.578763,37.967853],[-107.580296,37.968475],[-107.582984,37.967923],[-107.585278,37.968002],[-107.587004,37.968478],[-107.588221,37.970312],[-107.586431,37.973198],[-107.584165,37.976019],[-107.585123,37.978782],[-107.58691,37.98059],[-107.5882,37.982795],[-107.588906,37.984655],[-107.589808,37.989629],[-107.591367,37.992252],[-107.58679,37.993764],[-107.58659,37.997177],[-107.586737,37.999408],[-107.584193,38.000111],[-107.580421,38.000548],[-107.579371,38.001464],[-107.574343,38.004661],[-107.573888,38.006379],[-107.569546,38.005362],[-107.566325,38.005289],[-107.564487,38.004481],[-107.563579,38.003613],[-107.56211,38.003165],[-107.55938,38.000786],[-107.556506,37.999162],[-107.554286,37.999472],[-107.550586,37.998356],[-107.549254,37.99848],[-107.546317,38.000826],[-107.545383,38.002891],[-107.544428,38.003614],[-107.54338,38.005766],[-107.542104,38.006727],[-107.539984,38.007564],[-107.537975,38.008919],[-107.538136,38.011717],[-107.537901,38.013072],[-107.539353,38.014707],[-107.539427,38.017715],[-107.537566,38.019702],[-107.536589,38.022744],[-107.537378,38.024363],[-107.538988,38.025361],[-107.539856,38.027109],[-107.538882,38.028236],[-107.536852,38.028686],[-107.536656,38.030534],[-107.537534,38.032291],[-107.536025,38.033637],[-107.534498,38.034393],[-107.531796,38.036992],[-107.531129,38.038963],[-107.527027,38.039878],[-107.525311,38.039039],[-107.52298,38.041045],[-107.521955,38.042567],[-107.522337,38.044164],[-107.520577,38.045725],[-107.521989,38.047755],[-107.522627,38.047958],[-107.521071,38.05218],[-107.522989,38.055325],[-107.522282,38.057222],[-107.518959,38.058172],[-107.515879,38.057881],[-107.515242,38.058487],[-107.511366,38.060189],[-107.51088,38.060877],[-107.512554,38.062645],[-107.513881,38.063535],[-107.514919,38.064955],[-107.515333,38.067838],[-107.51683,38.069741],[-107.52054,38.07042],[-107.522082,38.071701],[-107.524375,38.072766],[-107.525104,38.074788],[-107.526466,38.075921],[-107.527971,38.075731],[-107.52914,38.076837],[-107.530087,38.076486],[-107.533262,38.080059],[-107.536022,38.079441],[-107.539067,38.079772],[-107.541548,38.079748],[-107.544373,38.08073],[-107.54785,38.07911],[-107.550289,38.078236],[-107.552058,38.079011],[-107.553585,38.0792],[-107.554545,38.080069],[-107.555559,38.0822],[-107.556309,38.082872],[-107.55744,38.085715],[-107.55955,38.087205],[-107.560157,38.088376],[-107.560382,38.090601],[-107.559828,38.091669],[-107.56288,38.095337],[-107.56465,38.096992],[-107.565394,38.098868],[-107.563072,38.10043],[-107.562252,38.101931],[-107.562583,38.103123],[-107.56213,38.106487],[-107.561314,38.107357],[-107.561606,38.108896],[-107.560855,38.110503],[-107.561982,38.114437],[-107.563755,38.116455],[-107.564238,38.119064],[-107.563205,38.123212],[-107.564337,38.125851],[-107.564733,38.127906],[-107.568077,38.130558],[-107.569665,38.133282],[-107.569205,38.134047],[-107.570011,38.1347],[-107.573522,38.134953],[-107.574245,38.136009],[-107.573671,38.137845],[-107.572987,38.138053],[-107.57236,38.14121],[-107.571214,38.143553],[-107.56862,38.147267],[-107.568614,38.14877],[-107.564733,38.149822],[-107.563208,38.152897],[-107.563091,38.156159],[-107.562293,38.1579],[-107.562189,38.158792],[-107.563298,38.16212],[-107.564292,38.166664],[-107.566311,38.168728],[-107.566523,38.170741],[-107.567993,38.171468],[-107.566566,38.176645],[-107.568044,38.179538],[-107.568011,38.180811],[-107.570258,38.181353],[-107.570796,38.183963],[-107.571479,38.184953],[-107.572344,38.187435],[-107.572075,38.190141],[-107.572612,38.194064],[-107.5735,38.194774],[-107.573283,38.196175],[-107.574325,38.196772],[-107.574364,38.198359],[-107.575353,38.199471],[-107.57584,38.202726],[-107.575338,38.203764],[-107.575119,38.207912],[-107.575576,38.209797],[-107.577394,38.210435],[-107.57871,38.212007],[-107.580978,38.212685],[-107.579965,38.214126],[-107.579943,38.21593],[-107.58087,38.21809],[-107.579539,38.220288],[-107.579015,38.222663],[-107.580372,38.224968],[-107.579868,38.227851],[-107.580243,38.230824],[-107.581909,38.230897],[-107.58252,38.232573],[-107.582682,38.234603],[-107.584908,38.236255],[-107.585387,38.23756],[-107.58748,38.240228],[-107.58665,38.24303],[-107.587598,38.245262],[-107.588619,38.246761],[-107.588413,38.248388],[-107.588821,38.249588],[-107.590289,38.251021],[-107.590701,38.252046],[-107.593951,38.253523],[-107.597414,38.253395],[-107.600159,38.253895],[-107.60206,38.255496],[-107.60699,38.257864],[-107.61157,38.260827],[-107.612717,38.26216],[-107.612709,38.263587],[-107.614221,38.267146],[-107.615355,38.268971],[-107.614725,38.270107],[-107.61708,38.272686],[-107.617137,38.27545],[-107.619162,38.275084],[-107.620795,38.276311],[-107.68382,38.27694],[-107.6859,38.27558],[-107.68742,38.27561],[-107.68884,38.27456],[-107.68989,38.27558],[-107.69059,38.2746],[-107.69198,38.27355],[-107.69229,38.27136],[-107.69305,38.27074],[-107.69336,38.26926],[-107.69456,38.26868],[-107.69672,38.26866],[-107.69822,38.26728],[-107.69842,38.26648],[-107.69785,38.2645],[-107.69952,38.26317],[-107.7001,38.26183],[-107.70122,38.2609],[-107.70485,38.25972],[-107.70619,38.25991],[-107.70708,38.25932],[-107.71043,38.25842],[-107.71588,38.25738],[-107.71837,38.25762],[-107.72418,38.2576],[-107.72548,38.25659],[-107.72663,38.25646],[-107.72761,38.25765],[-107.72974,38.25837],[-107.73502,38.25583],[-107.73819,38.25471],[-107.73984,38.25383],[-107.74271,38.25102],[-107.74414,38.25128],[-107.74368,38.24978],[-107.74588,38.24944],[-107.74635,38.24849],[-107.74472,38.24785],[-107.74715,38.24792],[-107.7487,38.24901],[-107.74949,38.25024],[-107.75039,38.25355],[-107.75322,38.25533],[-107.75615,38.25534],[-107.75752,38.25583],[-107.75839,38.25103],[-107.759153,38.248277],[-107.759278,38.24737],[-107.758556,38.245744],[-107.756,38.24452],[-107.75114,38.24395],[-107.74806,38.24317],[-107.74058,38.23967],[-107.73848,38.23796],[-107.73604,38.2352],[-107.73147,38.23221],[-107.72992,38.23073],[-107.72683,38.22489],[-107.72684,38.2235],[-107.726866,38.223437],[-107.72689,38.22338],[-107.728012,38.221261],[-107.72811,38.21958],[-107.727,38.21287],[-107.72735,38.21129],[-107.72952,38.20885],[-107.73257,38.20543],[-107.73473,38.20082],[-107.73699,38.19873],[-107.74022,38.19728],[-107.74227,38.19579],[-107.74376,38.19388],[-107.74507,38.19151],[-107.74648,38.18707],[-107.74594,38.18494],[-107.74451,38.1834],[-107.746101,38.184125],[-107.74891,38.18456],[-107.75105,38.18437],[-107.75342,38.18279],[-107.75391,38.18252],[-107.7571,38.17839],[-107.75815,38.17775],[-107.75818,38.17619],[-107.76016,38.17576],[-107.76132,38.17424],[-107.76103,38.17291],[-107.75923,38.16926],[-107.75906,38.16715],[-107.76045,38.16662],[-107.76384,38.16658],[-107.76397,38.15929],[-107.76391,38.15344],[-107.76391,38.15296],[-107.76392,38.15245],[-107.76395,38.15127],[-107.76397,38.15044],[-107.76397,38.14944],[-107.7627,38.14942],[-107.76206,38.14942],[-107.76145,38.14942],[-107.76013,38.14947],[-107.759576,38.14947],[-107.75888,38.14947],[-107.758235,38.149474],[-107.75761,38.14948],[-107.756958,38.149459],[-107.75633,38.14944],[-107.75633,38.14929],[-107.756201,38.149292],[-107.75482,38.14873],[-107.754242,38.145369],[-107.753639,38.144545],[-107.75358,38.13514],[-107.75306,38.13458],[-107.75128,38.13436],[-107.749953,38.132518],[-107.75023,38.12932],[-107.74935,38.12843],[-107.74916,38.126],[-107.748679,38.12507],[-107.74707,38.12058],[-107.744247,38.11912],[-107.743551,38.118027],[-107.743442,38.115434],[-107.741485,38.113426],[-107.74121,38.11239],[-107.739335,38.109583],[-107.739407,38.109086],[-107.73744,38.106474],[-107.737099,38.104274],[-107.737185,38.102705],[-107.738589,38.101212],[-107.740347,38.100351],[-107.741801,38.098993],[-107.744683,38.097105],[-107.746413,38.094263],[-107.746598,38.091889],[-107.749797,38.089795],[-107.750944,38.088931],[-107.751523,38.086421],[-107.75076,38.083361],[-107.748789,38.08118],[-107.748388,38.080638],[-107.749353,38.077804],[-107.751093,38.075871],[-107.752603,38.072358],[-107.752947,38.070287],[-107.751933,38.068481],[-107.750529,38.065973],[-107.750377,38.064364],[-107.749532,38.061879],[-107.750089,38.058793],[-107.74962,38.056799],[-107.752113,38.05732],[-107.754777,38.056047],[-107.756231,38.056305],[-107.75692,38.053898],[-107.757937,38.053161],[-107.761076,38.052599],[-107.762875,38.053042],[-107.764489,38.053106],[-107.765884,38.052413],[-107.766591,38.053504],[-107.769082,38.052811],[-107.769128,38.051788],[-107.76725,38.052373],[-107.76826,38.049387],[-107.76835,38.048137],[-107.767662,38.044984],[-107.767662,38.04348],[-107.767082,38.041397],[-107.769637,38.040771],[-107.766991,38.039838],[-107.767037,38.038751],[-107.771177,38.037818],[-107.774103,38.037782],[-107.774864,38.038389],[-107.775281,38.03603],[-107.776024,38.03661],[-107.776427,38.035205],[-107.778101,38.035115],[-107.778146,38.033078],[-107.779836,38.034007],[-107.780678,38.033921],[-107.780076,38.032594],[-107.780663,38.031197],[-107.78158,38.030994],[-107.780783,38.029005],[-107.781317,38.027066],[-107.782042,38.02713],[-107.782699,38.025299],[-107.785569,38.025617],[-107.788214,38.02862],[-107.791028,38.032349],[-107.796251,38.034941],[-107.796255,38.03422],[-107.799332,38.035694],[-107.799348,38.035181],[-107.8036,38.037048],[-107.805914,38.034211],[-107.807533,38.033022],[-107.806379,38.035414],[-107.80682,38.03586],[-107.80767,38.03589],[-107.80843,38.03791],[-107.809392,38.038891],[-107.81021,38.040649],[-107.811657,38.041682],[-107.812898,38.044306],[-107.81436,38.046189],[-107.815423,38.046826],[-107.818266,38.04683],[-107.819513,38.047875],[-107.821064,38.048326],[-107.820926,38.049538],[-107.819943,38.050773],[-107.820232,38.051436],[-107.823588,38.052054],[-107.824774,38.053403],[-107.826915,38.052877],[-107.827912,38.051737],[-107.831194,38.052451],[-107.834156,38.052553],[-107.835163,38.051208],[-107.837591,38.052264],[-107.841062,38.051677],[-107.843586,38.052387],[-107.845881,38.052103],[-107.846474,38.050577],[-107.848021,38.051261],[-107.8513,38.050559],[-107.852307,38.049916],[-107.856232,38.048857],[-107.856562,38.049941],[-107.858129,38.049311],[-107.85937,38.047936],[-107.86153,38.047835],[-107.861263,38.05089],[-107.861938,38.051396],[-107.863686,38.050952],[-107.866198,38.04975],[-107.868444,38.049757],[-107.870802,38.051029],[-107.872795,38.05126],[-107.874819,38.049177],[-107.875142,38.048193],[-107.876624,38.046351],[-107.878211,38.046473],[-107.88093,38.04732],[-107.882307,38.050141],[-107.882322,38.052022],[-107.882902,38.05329],[-107.88795,38.054283],[-107.888793,38.055651],[-107.892101,38.055732],[-107.891999,38.057837],[-107.893774,38.057742],[-107.893529,38.060701],[-107.892926,38.07247],[-107.896714,38.086829],[-107.892052,38.087011],[-107.892346,38.09567],[-107.892539,38.101347],[-107.891529,38.101364],[-107.89159,38.10481],[-107.891469,38.115957],[-107.919433,38.115895],[-107.93113,38.115881],[-107.951574,38.116125],[-107.951531,38.12499],[-107.95161,38.130448],[-107.951717,38.144982],[-107.95206,38.14498],[-107.965453,38.144903],[-107.965789,38.152328],[-107.973945,38.152332],[-107.98619,38.152426],[-107.99338,38.1525],[-108.000622,38.15248],[-108.00734,38.15262],[-108.011305,38.152703],[-108.027929,38.152636],[-108.038882,38.152667],[-108.060877,38.152442],[-108.082842,38.152366],[-108.113049,38.152228],[-108.112918,38.101556],[-108.108141,38.101516],[-108.107574,38.094219],[-108.107352,38.091807],[-108.106845,38.086294],[-108.107335,38.076556],[-108.107493,38.073419],[-108.107412,38.065323],[-108.107736,38.057954],[-108.106485,38.030544],[-108.10645,38.029791],[-108.105955,38.01415],[-108.109907,38.014101],[-108.112432,38.014069],[-108.11267,37.999967],[-108.112545,37.992662],[-108.112489,37.989343],[-108.112462,37.987787],[-108.112108,37.967026],[-108.112575,37.957051],[-108.11281,37.942068],[-108.113398,37.904478],[-108.113579,37.894366],[-108.113517,37.884665],[-108.113325,37.855016],[-108.117374,37.853444],[-108.119731,37.853351],[-108.120951,37.853841],[-108.122217,37.85254],[-108.123495,37.851957],[-108.12505,37.852067],[-108.124654,37.848591],[-108.126631,37.845343],[-108.128435,37.843978],[-108.131107,37.842957],[-108.132268,37.841547],[-108.137429,37.83789],[-108.137668,37.837073],[-108.140077,37.834874],[-108.140108,37.83343],[-108.140224,37.832483],[-108.141527,37.832454],[-108.142464,37.834277],[-108.143645,37.835535],[-108.144488,37.838317],[-108.145901,37.837891],[-108.147241,37.838853],[-108.148972,37.83736],[-108.150174,37.834326],[-108.153142,37.835103],[-108.156416,37.834272],[-108.160374,37.833809],[-108.162223,37.834729],[-108.163854,37.834923],[-108.166205,37.833313],[-108.167102,37.831928],[-108.169142,37.83111],[-108.174906,37.832592],[-108.178348,37.831178],[-108.179573,37.830171],[-108.182139,37.827291],[-108.183171,37.826479],[-108.185603,37.826184],[-108.190218,37.82524],[-108.192391,37.824414],[-108.195728,37.824082],[-108.199082,37.824187],[-108.205455,37.821779],[-108.209093,37.820936],[-108.210164,37.821125],[-108.210323,37.822044],[-108.209622,37.823485],[-108.210732,37.824836],[-108.210998,37.829049],[-108.212354,37.832038],[-108.214643,37.833132],[-108.215682,37.834491],[-108.218425,37.834905],[-108.218531,37.835558],[-108.217064,37.836753],[-108.218528,37.837755],[-108.222184,37.839076],[-108.221955,37.839731],[-108.223644,37.840933],[-108.22404,37.84207],[-108.225796,37.842456],[-108.227005,37.843475],[-108.226522,37.845529],[-108.227152,37.847988],[-108.227885,37.84922],[-108.228684,37.852365],[-108.229371,37.853924],[-108.230024,37.85717],[-108.229586,37.861041],[-108.231599,37.861741],[-108.23195,37.865066],[-108.232863,37.86712],[-108.235061,37.869313],[-108.235984,37.872618],[-108.237837,37.876392],[-108.239261,37.876396],[-108.245252,37.878655],[-108.247934,37.87938],[-108.249488,37.882312],[-108.250363,37.884572],[-108.252684,37.885363],[-108.254243,37.886476],[-108.257392,37.889681],[-108.257731,37.891045],[-108.256537,37.893557],[-108.256498,37.894607],[-108.29894,37.894197],[-108.304292,37.894145],[-108.316315,37.89403],[-108.322238,37.893974],[-108.331642,37.893884],[-108.336589,37.893838],[-108.347876,37.893984],[-108.357444,37.893638],[-108.365163,37.89387],[-108.36753,37.893663],[-108.374287,37.893477],[-108.375641,37.893635],[-108.390899,37.893508],[-108.437656,37.893899],[-108.454867,37.894195],[-108.500645,37.894259],[-108.587168,37.894779],[-108.617285,37.895111],[-108.624224,37.895334],[-108.62565,37.895224],[-108.648435,37.895255],[-108.670234,37.895242],[-108.699343,37.895288],[-108.703103,37.895293],[-108.711613,37.895307],[-108.742207,37.895384],[-108.746288,37.895389],[-108.750654,37.895312],[-108.762662,37.895347],[-108.765488,37.895354],[-108.775108,37.89538],[-108.79469,37.895435],[-108.81671,37.895538],[-108.818124,37.893753],[-108.818089,37.891461],[-108.818704,37.889478],[-108.817699,37.888088],[-108.820207,37.886697],[-108.820515,37.885082],[-108.81989,37.884131],[-108.820522,37.880851],[-108.820825,37.879307],[-108.822293,37.877925],[-108.821999,37.876587],[-108.81905,37.872244],[-108.81829,37.868945],[-108.816751,37.868278],[-108.816248,37.866869],[-108.814572,37.865561],[-108.812955,37.863131],[-108.811148,37.861666],[-108.810881,37.860137],[-108.80818,37.855968],[-108.807556,37.85401],[-108.807677,37.851685],[-108.807475,37.848417],[-108.807846,37.846849],[-108.806205,37.845253],[-108.806214,37.842977],[-108.805498,37.841296],[-108.805741,37.839447],[-108.805434,37.837567],[-108.806169,37.835768],[-108.807551,37.834229],[-108.80808,37.831952],[-108.80952,37.831104],[-108.810417,37.828866],[-108.811791,37.827851],[-108.815259,37.822272],[-108.81762,37.819917],[-108.818117,37.818464],[-108.817775,37.816182],[-108.815949,37.812317],[-108.816042,37.811351],[-108.817739,37.809055],[-108.818628,37.808402],[-108.819325,37.806768],[-108.818543,37.804879],[-108.819051,37.803056],[-108.822097,37.803205],[-108.823241,37.80268],[-108.824421,37.799407],[-108.825943,37.797736],[-108.825854,37.794562],[-108.827116,37.792897],[-108.827768,37.790592],[-108.827172,37.789665],[-108.825027,37.78981],[-108.823009,37.79071],[-108.821249,37.790986],[-108.817678,37.793278],[-108.816728,37.797122],[-108.813949,37.802014],[-108.811665,37.804206],[-108.810557,37.805689],[-108.808992,37.806548],[-108.807373,37.808608],[-108.805092,37.810366],[-108.803326,37.811201],[-108.801052,37.813331],[-108.798702,37.814309],[-108.796291,37.816424],[-108.792087,37.817656],[-108.79156,37.817841],[-108.79014,37.817543],[-108.788641,37.817391],[-108.787979,37.817148],[-108.787116,37.816653],[-108.784159,37.815718],[-108.783137,37.814801],[-108.782543,37.814041],[-108.781264,37.813367],[-108.781141,37.812751],[-108.781748,37.811263],[-108.781958,37.810452],[-108.781899,37.810055],[-108.781341,37.809053],[-108.781075,37.805759],[-108.780903,37.805048],[-108.780878,37.804415],[-108.781006,37.803727],[-108.781082,37.802666],[-108.781411,37.801509],[-108.781419,37.800234],[-108.78115,37.799774],[-108.780497,37.799112],[-108.77981,37.797706],[-108.779576,37.796462],[-108.779055,37.795702],[-108.777114,37.793835],[-108.776461,37.79289],[-108.775978,37.792391],[-108.774938,37.79109],[-108.7737,37.790713],[-108.773287,37.790333],[-108.772711,37.789218],[-108.772689,37.788214],[-108.772071,37.78698],[-108.771956,37.78598],[-108.77163,37.785206],[-108.771046,37.784333],[-108.770378,37.783795],[-108.768759,37.783198],[-108.768042,37.782552],[-108.767027,37.782167],[-108.766429,37.781554],[-108.766087,37.781045],[-108.764325,37.779406],[-108.7639,37.778565],[-108.763662,37.778337],[-108.763319,37.777137],[-108.762817,37.775628],[-108.762452,37.775161],[-108.7608,37.774102],[-108.760007,37.773756],[-108.758151,37.773385],[-108.756858,37.773],[-108.7556,37.772291],[-108.754493,37.771987],[-108.75317,37.771229],[-108.752523,37.77075],[-108.751056,37.770529],[-108.750515,37.770127],[-108.749789,37.769432],[-108.74949,37.768805],[-108.748487,37.768019],[-108.747301,37.766462],[-108.74637,37.766142],[-108.744905,37.766144],[-108.744391,37.765907],[-108.744052,37.765553],[-108.743768,37.764866],[-108.743751,37.764058],[-108.743606,37.763409],[-108.743832,37.761501],[-108.743754,37.76095],[-108.743319,37.760311],[-108.74268,37.759799],[-108.741496,37.759004],[-108.740573,37.758537],[-108.739862,37.758348],[-108.737173,37.757988],[-108.734623,37.75648],[-108.732739,37.755753],[-108.731399,37.754349],[-108.730703,37.752292],[-108.731124,37.751392],[-108.730333,37.749891],[-108.728965,37.74903],[-108.728869,37.746519],[-108.728298,37.744305],[-108.726689,37.7413],[-108.726954,37.740769],[-108.729249,37.740526],[-108.73042,37.740034],[-108.731482,37.738371],[-108.731679,37.735639],[-108.731388,37.731944],[-108.732077,37.730848],[-108.732697,37.727427],[-108.732734,37.724354],[-108.729365,37.721624],[-108.729446,37.720906],[-108.731919,37.719827],[-108.73353,37.71758],[-108.733521,37.715883],[-108.730293,37.71393],[-108.726887,37.711497],[-108.726081,37.710578],[-108.726228,37.708705],[-108.725707,37.706876],[-108.724786,37.706096],[-108.724373,37.704845],[-108.722645,37.704394],[-108.72153,37.703064],[-108.722991,37.700157],[-108.728224,37.69872],[-108.729637,37.697829],[-108.731118,37.695463],[-108.731106,37.69431],[-108.732753,37.692087],[-108.732554,37.690915],[-108.73061,37.688761],[-108.730641,37.687819],[-108.733433,37.685691],[-108.734007,37.68489],[-108.736491,37.68436],[-108.738446,37.68345],[-108.739345,37.682553],[-108.739223,37.681407],[-108.735576,37.676876],[-108.735428,37.675889],[-108.733856,37.674313],[-108.730988,37.674832],[-108.729403,37.674543],[-108.728734,37.673895],[-108.728825,37.672523],[-108.729574,37.67052],[-108.729461,37.669316],[-108.728012,37.667615],[-108.728634,37.665573],[-108.734263,37.664693],[-108.737476,37.662664],[-108.737792,37.662108],[-108.735811,37.660488],[-108.735342,37.657768],[-108.735945,37.655935],[-108.737998,37.655236],[-108.738441,37.654187],[-108.737795,37.651402],[-108.736806,37.649975],[-108.734926,37.648116],[-108.733506,37.645465],[-108.732846,37.641746],[-108.731292,37.639698],[-108.728692,37.639308],[-108.724358,37.637157],[-108.72171,37.637008],[-108.719495,37.637888],[-108.717001,37.638406],[-108.712226,37.638248],[-108.710733,37.637681],[-108.706264,37.632267],[-108.705436,37.631722],[-108.702859,37.632096],[-108.70078,37.631551],[-108.694763,37.631516],[-108.693853,37.631512],[-108.66606,37.631583],[-108.666056,37.633195],[-108.661534,37.633028],[-108.646498,37.632693],[-108.641422,37.632678],[-108.62565,37.63261],[-108.609901,37.632719],[-108.585803,37.632675],[-108.546375,37.632605],[-108.542342,37.632598],[-108.51227,37.632545],[-108.483429,37.632468],[-108.474655,37.632521],[-108.457661,37.632498],[-108.44593,37.632805],[-108.439534,37.632808],[-108.424005,37.632666],[-108.417192,37.632481],[-108.410425,37.631933],[-108.403451,37.63193],[-108.396372,37.632019],[-108.375641,37.632107],[-108.363534,37.63193],[-108.338016,37.632102],[-108.336825,37.632129],[-108.335642,37.63215],[-108.309257,37.632297],[-108.303941,37.632389],[-108.26567,37.63273],[-108.250635,37.632847],[-108.226797,37.633246],[-108.203354,37.633734],[-108.190756,37.634129],[-108.178776,37.634641],[-108.161214,37.635264],[-108.140399,37.636808],[-108.140362,37.636851],[-108.125632,37.638105],[-108.120802,37.63828],[-108.107996,37.638753],[-108.103852,37.638757],[-108.0766,37.638929],[-108.066434,37.638957],[-108.058056,37.639093],[-108.049433,37.639049],[-108.007426,37.639267],[-108.000625,37.639378],[-107.973729,37.639564],[-107.970086,37.639587],[-107.970531,37.638476],[-107.969923,37.63717],[-107.97212,37.634321],[-107.972449,37.631641],[-107.972087,37.629816],[-107.979878,37.628875],[-107.981953,37.627172],[-107.985916,37.625181],[-107.987221,37.625004],[-107.989219,37.622241],[-107.989722,37.620707],[-107.991713,37.619652],[-107.993153,37.615859],[-107.994887,37.614857],[-107.997648,37.614397],[-107.999594,37.614821],[-108.0002,37.614325],[-108.000748,37.61118],[-108.002642,37.609674],[-108.00461,37.607317],[-108.005282,37.605882],[-108.009832,37.605777],[-108.011848,37.604858],[-108.013186,37.60479],[-108.014298,37.603594],[-108.014407,37.602651],[-108.01553,37.600852],[-108.015096,37.599545],[-108.014104,37.599028],[-108.013944,37.59647],[-108.015099,37.595777],[-108.015807,37.596302],[-108.01689,37.595399],[-108.016446,37.593899],[-108.016639,37.592471],[-108.017389,37.591794],[-108.022439,37.591426],[-108.023006,37.590999],[-108.021206,37.588207],[-108.019711,37.584947],[-108.020534,37.58249],[-108.019743,37.580904],[-108.02014,37.578482],[-108.01948,37.575624],[-108.019506,37.574027],[-108.02085,37.571445],[-108.019224,37.56832],[-108.018279,37.567141],[-108.021746,37.562824],[-108.021699,37.560946],[-108.021198,37.559414],[-108.019696,37.558524],[-108.02053,37.556423],[-108.020253,37.55378],[-108.021907,37.551279],[-108.02154,37.548667],[-108.023535,37.546594],[-108.024237,37.544943],[-108.024115,37.543506],[-108.025496,37.541106],[-108.025437,37.539719],[-108.028908,37.536252],[-108.032853,37.533632],[-108.0343,37.532931],[-108.034897,37.532044],[-108.034524,37.529527],[-108.033746,37.527461],[-108.033808,37.525743],[-108.034638,37.523226],[-108.034598,37.522275],[-108.033588,37.519999],[-108.032143,37.518046],[-108.033691,37.516321],[-108.034521,37.513135],[-108.034057,37.51165],[-108.032754,37.509915],[-108.03147,37.509059],[-108.034079,37.508407],[-108.035656,37.507165],[-108.037274,37.50527],[-108.037932,37.503189],[-108.036321,37.499486],[-108.034605,37.497173],[-108.03518,37.496354],[-108.035345,37.493975],[-108.036556,37.491127],[-108.036549,37.487755],[-108.035932,37.485733],[-108.03389,37.484749],[-108.033471,37.48314],[-108.033653,37.480099],[-108.032644,37.478913],[-108.034514,37.476829],[-108.034704,37.475039],[-108.03599,37.472709],[-108.03639,37.471178],[-108.033146,37.46494],[-108.03401,37.46347],[-108.034686,37.460752],[-108.037469,37.459066],[-108.03881,37.456526],[-108.043693,37.458591],[-108.0457,37.459002],[-108.048511,37.460244],[-108.050334,37.460469],[-108.053546,37.461559],[-108.054901,37.464188],[-108.055894,37.464807],[-108.055868,37.46605],[-108.054093,37.46779],[-108.054428,37.470772],[-108.055237,37.472612],[-108.056222,37.473159],[-108.056034,37.473911],[-108.059068,37.475249],[-108.059385,37.476968],[-108.060361,37.47747],[-108.060354,37.478786],[-108.061303,37.479674],[-108.061304,37.481098],[-108.062368,37.482215],[-108.061696,37.483207],[-108.062745,37.484441],[-108.062649,37.485718],[-108.064736,37.487581],[-108.065617,37.489054],[-108.067827,37.490947],[-108.068843,37.493315],[-108.071176,37.495247],[-108.073074,37.496177],[-108.074423,37.495805],[-108.076939,37.496246],[-108.08025,37.498158],[-108.082034,37.498696],[-108.082278,37.499405],[-108.083465,37.499417],[-108.084237,37.50022],[-108.085458,37.499925],[-108.087491,37.500868],[-108.088161,37.500515],[-108.089481,37.501178],[-108.089301,37.502606],[-108.090073,37.504004],[-108.09155,37.503815],[-108.092326,37.504807],[-108.09348,37.505097],[-108.093822,37.505907],[-108.095142,37.505399],[-108.096663,37.50759],[-108.097778,37.5086],[-108.099559,37.509049],[-108.101507,37.510449],[-108.103348,37.512557],[-108.10517,37.513116],[-108.10522,37.514162],[-108.108511,37.517126],[-108.109685,37.518809],[-108.109985,37.51876],[-108.114081,37.522091],[-108.114748,37.521615],[-108.113635,37.520115],[-108.11495,37.520139],[-108.115172,37.519025],[-108.116466,37.518864],[-108.114826,37.51671],[-108.116988,37.51408],[-108.119506,37.514676],[-108.12085,37.514103],[-108.119556,37.513498],[-108.119404,37.51278],[-108.120595,37.5104],[-108.122393,37.50873],[-108.123861,37.508844],[-108.123533,37.509705],[-108.123994,37.51174],[-108.126147,37.51399],[-108.128335,37.514827],[-108.132772,37.514416],[-108.134392,37.515691],[-108.139343,37.516935],[-108.141224,37.518518],[-108.144424,37.518704],[-108.146068,37.519385],[-108.150765,37.522503],[-108.151609,37.522708],[-108.153143,37.521797],[-108.156802,37.520992],[-108.156641,37.51965],[-108.154234,37.517085],[-108.157135,37.517929],[-108.159651,37.519602],[-108.163328,37.520493],[-108.166732,37.522908],[-108.169901,37.522885],[-108.170822,37.522159],[-108.17387,37.522025],[-108.175855,37.522505],[-108.176979,37.522269],[-108.179083,37.522096],[-108.181803,37.521386],[-108.184152,37.521496],[-108.188345,37.523398],[-108.191175,37.523673],[-108.193094,37.524385],[-108.197428,37.527092],[-108.198829,37.527432],[-108.204854,37.527872],[-108.207135,37.528726],[-108.21436,37.528142],[-108.215371,37.527715],[-108.218263,37.525396],[-108.221964,37.523834],[-108.224986,37.523824],[-108.227525,37.524604],[-108.229323,37.524619],[-108.232063,37.523972],[-108.233397,37.523057],[-108.235668,37.522236],[-108.237221,37.520921],[-108.23965,37.520401],[-108.242511,37.521045],[-108.245164,37.521206],[-108.246528,37.520715],[-108.248171,37.520951],[-108.250637,37.52029],[-108.251599,37.520662],[-108.254983,37.520623],[-108.257004,37.521355],[-108.260175,37.520636],[-108.262995,37.520872],[-108.265587,37.519599],[-108.268173,37.519731],[-108.270414,37.519395],[-108.272823,37.51973],[-108.275956,37.518181],[-108.277068,37.514683],[-108.276317,37.512314],[-108.274997,37.510661],[-108.274979,37.508363],[-108.273592,37.505736],[-108.272154,37.503918],[-108.27286,37.499753],[-108.274969,37.495873],[-108.275779,37.495387],[-108.278967,37.491352],[-108.280013,37.48933],[-108.28265,37.487715],[-108.284326,37.487033],[-108.286042,37.484621],[-108.287023,37.482517],[-108.288221,37.477219],[-108.288357,37.475312],[-108.290979,37.475029],[-108.294646,37.471185],[-108.295235,37.470198],[-108.298415,37.468225],[-108.299728,37.466633],[-108.304211,37.46332],[-108.305185,37.461694],[-108.310011,37.460136],[-108.311547,37.458919],[-108.312567,37.457572],[-108.314757,37.457334],[-108.315501,37.456765],[-108.317168,37.454099],[-108.317577,37.45246],[-108.318344,37.45154],[-108.317964,37.450792],[-108.318934,37.449598],[-108.319062,37.448537],[-108.32049,37.447489],[-108.32255,37.443588],[-108.324368,37.441422],[-108.327642,37.44119],[-108.32863,37.442005],[-108.331249,37.443055],[-108.332089,37.442948],[-108.333957,37.441278],[-108.335325,37.441153],[-108.337673,37.441326],[-108.340366,37.441891],[-108.342538,37.44085],[-108.343705,37.440768],[-108.344929,37.439083],[-108.347741,37.437867],[-108.349364,37.437975],[-108.351741,37.436911],[-108.354828,37.437581],[-108.355419,37.438039],[-108.35791,37.438554],[-108.360684,37.440022],[-108.363353,37.440622],[-108.367234,37.443092],[-108.368329,37.444045],[-108.369077,37.443711],[-108.370003,37.443186],[-108.372646,37.439598],[-108.372659,37.429447],[-108.372754,37.425789],[-108.373201,37.425784],[-108.379466,37.425727],[-108.381857,37.425695],[-108.384103,37.425681],[-108.390003,37.425614],[-108.391544,37.425609],[-108.391539,37.424882],[-108.391524,37.423756],[-108.391506,37.419827],[-108.391512,37.419742],[-108.391746,37.418042],[-108.393015,37.416625],[-108.393274,37.414716],[-108.392162,37.412319],[-108.391064,37.411418],[-108.390854,37.409681],[-108.391989,37.407379],[-108.390742,37.403742],[-108.387494,37.401279],[-108.387049,37.399971],[-108.386854,37.397289],[-108.386272,37.395399],[-108.396257,37.399988],[-108.39693,37.400297],[-108.402363,37.402833],[-108.401208,37.400307],[-108.401602,37.398647],[-108.404249,37.396245],[-108.405788,37.39518],[-108.407008,37.392557],[-108.408754,37.391703],[-108.410881,37.389975],[-108.411407,37.389112],[-108.412708,37.385112],[-108.41412,37.383458],[-108.414737,37.381949],[-108.41503,37.378553],[-108.416963,37.375969],[-108.418281,37.374678],[-108.420373,37.373564],[-108.422217,37.373482],[-108.423091,37.372422],[-108.426177,37.370698],[-108.426158,37.366699],[-108.426817,37.365888],[-108.429483,37.364286],[-108.432056,37.36174],[-108.430739,37.358776],[-108.427604,37.355847],[-108.425683,37.352738],[-108.428107,37.353228],[-108.429939,37.353252],[-108.447566,37.351469],[-108.462923,37.349848],[-108.482613,37.347816],[-108.483889,37.347734],[-108.498479,37.347837],[-108.502407,37.348235],[-108.506902,37.347544],[-108.509103,37.34742],[-108.522108,37.348421],[-108.522353,37.348454],[-108.524471,37.34885],[-108.527015,37.349388],[-108.543127,37.352708],[-108.545302,37.353159],[-108.54703,37.353508],[-108.549617,37.353871],[-108.55,37.353863],[-108.552844,37.353214],[-108.554407,37.352276],[-108.556125,37.35028],[-108.557647,37.349282],[-108.560574,37.348958],[-108.562415,37.348927],[-108.56364,37.348909],[-108.565649,37.348891],[-108.567583,37.348874],[-108.569225,37.348861],[-108.572696,37.348825],[-108.574539,37.34879],[-108.574986,37.348782],[-108.577215,37.348737],[-108.578669,37.348713],[-108.57991,37.348697],[-108.581214,37.348677],[-108.582507,37.348661],[-108.58384,37.348645],[-108.585192,37.348624],[-108.586523,37.348602],[-108.587829,37.34858],[-108.588252,37.34858],[-108.589106,37.34857],[-108.59044,37.348542],[-108.590439,37.348603],[-108.591366,37.3486],[-108.591412,37.348593],[-108.591559,37.348574],[-108.591816,37.348527],[-108.592083,37.348453],[-108.592334,37.34837],[-108.592683,37.348212],[-108.593108,37.347955],[-108.59338,37.347801],[-108.593557,37.347671],[-108.593709,37.34755],[-108.594716,37.346673],[-108.595442,37.345606],[-108.596028,37.34487],[-108.596673,37.344023],[-108.597231,37.343241],[-108.598594,37.341322],[-108.599933,37.341303],[-108.600074,37.341302],[-108.602263,37.341283],[-108.603008,37.341265],[-108.604585,37.341346],[-108.605765,37.341377],[-108.606906,37.339733],[-108.60661,37.338981],[-108.607861,37.337701],[-108.607125,37.337498],[-108.607399,37.335378],[-108.608423,37.334675],[-108.60843,37.333269],[-108.608179,37.332417],[-108.608293,37.332222],[-108.610746,37.330456],[-108.611432,37.328072],[-108.611026,37.327303],[-108.6124,37.325644],[-108.613982,37.324913],[-108.615995,37.322276],[-108.616496,37.321469],[-108.615299,37.319904],[-108.616605,37.319299],[-108.617389,37.320156],[-108.619219,37.320556],[-108.61847,37.321715],[-108.619151,37.322385],[-108.618774,37.324121],[-108.620233,37.324746],[-108.620508,37.325586],[-108.621616,37.325816],[-108.623218,37.325272],[-108.624642,37.326501],[-108.624926,37.328522],[-108.626633,37.329189],[-108.629537,37.327021],[-108.63043,37.327538],[-108.632454,37.325715],[-108.633381,37.326897],[-108.633044,37.327737],[-108.634116,37.328012],[-108.632823,37.328527],[-108.632725,37.329867],[-108.634884,37.330571],[-108.633309,37.331164],[-108.635103,37.331912],[-108.63705,37.331962],[-108.64002,37.332952],[-108.640539,37.330687],[-108.638847,37.329464],[-108.638469,37.328245],[-108.639728,37.327927],[-108.640307,37.326345],[-108.64105,37.32645],[-108.642997,37.324397],[-108.643931,37.326067],[-108.645011,37.326116],[-108.64554,37.326995],[-108.64812,37.327167],[-108.650299,37.327305],[-108.652988,37.326795],[-108.655375,37.325247],[-108.658436,37.324962],[-108.659089,37.325588],[-108.663037,37.324271],[-108.664006,37.324881],[-108.66576,37.324173],[-108.665926,37.323113],[-108.668477,37.324108],[-108.668461,37.323497],[-108.672197,37.323592],[-108.673539,37.322983],[-108.674542,37.323444],[-108.674432,37.324263],[-108.677355,37.323329],[-108.678593,37.322604],[-108.679329,37.323033],[-108.680471,37.322253],[-108.681776,37.32379],[-108.682595,37.324329],[-108.684548,37.32355],[-108.685999,37.32595],[-108.685848,37.324461],[-108.687554,37.324418],[-108.68745,37.32629],[-108.688998,37.325736],[-108.688771,37.324357],[-108.690393,37.324585],[-108.690407,37.325743],[-108.693122,37.326967],[-108.694633,37.326763],[-108.694802,37.326793],[-108.695953,37.326648],[-108.695951,37.324093],[-108.695927,37.322998],[-108.723196,37.323006],[-108.723216,37.32699],[-108.731721,37.326962],[-108.73175,37.33052],[-108.73703,37.330516],[-108.737067,37.333753],[-108.737073,37.334202],[-108.738705,37.334268],[-108.742103,37.334191],[-108.742143,37.337596],[-108.742102,37.338021],[-108.755799,37.338029],[-108.755828,37.333741],[-108.757758,37.333742],[-108.760285,37.333772],[-108.772392,37.333404],[-108.772344,37.329777],[-108.766717,37.329863],[-108.766626,37.328044],[-108.766555,37.326951],[-108.7869,37.32706],[-108.819174,37.327158],[-108.819432,37.316698],[-108.822068,37.316719],[-108.822113,37.313039],[-108.833643,37.313067],[-108.833656,37.316816],[-108.837537,37.316846],[-108.837571,37.31318],[-108.842175,37.313291],[-108.842092,37.316625],[-108.864114,37.316875],[-108.86421,37.323707],[-108.858526,37.323711],[-108.858371,37.327392],[-108.871687,37.327478],[-108.871545,37.323788],[-108.88573,37.32368],[-108.885884,37.319577],[-108.880632,37.319448],[-108.880521,37.316642],[-108.89838,37.316627],[-108.898495,37.312494],[-108.898684,37.30671],[-108.900031,37.306704],[-108.916098,37.306604],[-108.916212,37.28407],[-108.91632,37.268921],[-108.917765,37.268901],[-108.924525,37.268745],[-108.924584,37.265782],[-108.925069,37.257198],[-108.925154,37.248703],[-108.925049,37.240652],[-108.932174,37.240422],[-108.935703,37.240444],[-108.94066,37.240443],[-108.956313,37.240384],[-108.959446,37.240366],[-108.963119,37.240217],[-108.967759,37.240313],[-108.999821,37.240408],[-109.003142,37.240041],[-109.008682,37.239999],[-109.008858,37.236325],[-109.013983,37.236313],[-109.022873,37.236283],[-109.036354,37.236175],[-109.03643,37.239949],[-109.045498,37.239902],[-109.045418,37.224861],[-109.045398,37.212195],[-109.045924,37.200575],[-109.045912,37.19693],[-109.045885,37.187305],[-109.045774,37.17941],[-109.0454,37.149953],[-109.045217,37.132124],[-109.045086,37.120377],[-109.045109,37.096903],[-109.044995,37.086429],[-109.045058,37.074661],[-109.045166,37.072742],[-109.045199,37.046055],[-109.045187,37.024141],[-109.045184,37.022655],[-109.045172,36.998977],[-109.034069,36.998968],[-109.005316,36.998947],[-109.004747,36.998945],[-108.948366,36.998896],[-108.939422,36.998886],[-108.875317,36.998839],[-108.858272,36.998866],[-108.796017,36.998847],[-108.749603,36.99884],[-108.739043,36.99884],[-108.689895,36.999029],[-108.628855,36.99916],[-108.573844,36.999282],[-108.554999,36.999269],[-108.550278,36.99932],[-108.521927,36.99938],[-108.483264,36.999425],[-108.446561,36.999492],[-108.379303,36.999608],[-108.317362,36.999714],[-108.29762,36.999721],[-108.272565,36.999728],[-108.249629,36.999711],[-108.241985,36.999742],[-108.214867,36.99972],[-108.188709,36.999736],[-108.186675,36.999736],[-108.184438,36.999714],[-108.143087,36.999724],[-108.129623,36.999727],[-108.09111,36.999745],[-108.066309,36.999691],[-108.037602,36.99974],[-107.992417,36.999845],[-107.968986,36.999817],[-107.937132,36.999691],[-107.918543,36.999694],[-107.917285,36.999696],[-107.893919,36.999696],[-107.869765,36.999725],[-107.869564,36.999725],[-107.867189,36.99973],[-107.866079,36.999731],[-107.844669,36.999795],[-107.780599,37.000059],[-107.76685,37.000061],[-107.7124,36.999994],[-107.670947,36.999921],[-107.661693,36.999923],[-107.635528,36.999924],[-107.605201,36.999969],[-107.601118,36.999974],[-107.597249,36.999978],[-107.57427,36.999997],[-107.54136,37.000025],[-107.534211,37.000033],[-107.510354,37.000068],[-107.496624,37.00009],[-107.481737,37.000127],[-107.472503,37.000138],[-107.469009,37.000151],[-107.461255,37.000165],[-107.458315,37.000171],[-107.452839,37.000182],[-107.44236,37.000201],[-107.430917,37.000221],[-107.428223,37.000223],[-107.425302,37.000223],[-107.421786,37.000224],[-107.410837,37.000203],[-107.400346,37.000182],[-107.394861,37.000233],[-107.350806,37.000109],[-107.346784,37.0001],[-107.333768,37.000067],[-107.31001,37.000016],[-107.254969,37.00002],[-107.242145,37.00002],[-107.196889,37.000027],[-107.108817,37.000039],[-107.107757,37.000038],[-107.059202,37.000037],[-107.027793,37.000061],[-106.979606,37.000084],[-106.963598,37.000091],[-106.923311,37.000109],[-106.914284,37.000108],[-106.9063,37.000109],[-106.878317,37.000102],[-106.877232,37.0001],[-106.86982,36.992497],[-106.860271,36.99252],[-106.83276,36.992491],[-106.831972,36.992449],[-106.795652,36.992489],[-106.781878,36.992515],[-106.75059,36.992461],[-106.722866,36.992705],[-106.708701,36.992832],[-106.674703,36.992937],[-106.669728,36.992952],[-106.661829,36.992977],[-106.617341,36.993113],[-106.585739,36.993212],[-106.552121,36.993314],[-106.547995,36.993361],[-106.540596,36.993351],[-106.537604,36.99336],[-106.500032,36.993474],[-106.47609,36.993548],[-106.425672,36.993703],[-106.407114,36.993761],[-106.372377,36.993866],[-106.32725,36.994006],[-106.322472,36.994021],[-106.297992,36.994075],[-106.287202,36.994138],[-106.249497,36.994242],[-106.249167,36.994268],[-106.248685,36.99424],[-106.2361,36.994249],[-106.220411,36.994348],[-106.201193,36.994506],[-106.164742,36.994767],[-106.155884,36.994794],[-106.153536,36.994801],[-106.14199,36.994824],[-106.127754,36.994846],[-106.100012,36.994949],[-106.077851,36.995043],[-106.068626,36.995074],[-106.053002,36.995119],[-106.040001,36.99516],[-106.038652,36.995122],[-106.015184,36.995263],[-105.997195,36.995298],[-105.965879,36.995416],[-105.945906,36.995409],[-105.903923,36.995551],[-105.878508,36.99557],[-105.87699,36.995563],[-105.823274,36.995595],[-105.80101,36.995614],[-105.785173,36.995682],[-105.75057,36.995694],[-105.735047,36.995771],[-105.718463,36.995841],[-105.707852,36.995919],[-105.695393,36.995879],[-105.681858,36.995895],[-105.664733,36.995907],[-105.629109,36.995835],[-105.623322,36.995704],[-105.609531,36.995679],[-105.591411,36.995646],[-105.573186,36.995614],[-105.547929,36.995567],[-105.533953,36.995541],[-105.522326,36.995521],[-105.490886,36.995464],[-105.488156,36.995459],[-105.471599,36.99543],[-105.440576,36.995374],[-105.419669,36.995337],[-105.36647,36.995238],[-105.307915,36.995132],[-105.220506,36.994974],[-105.220613,36.995169],[-105.161219,36.995294],[-105.155042,36.995262],[-105.136447,36.995169],[-105.125557,36.995212],[-105.119635,36.995395],[-105.08541,36.994461],[-105.06629,36.993863],[-105.054018,36.993713],[-105.029226,36.992727],[-105.000551,36.993262],[-104.941624,36.99329],[-104.900768,36.99331],[-104.87555,36.993253],[-104.875075,36.993298],[-104.840358,36.993363],[-104.781156,36.993468],[-104.750547,36.993525],[-104.732225,36.993446],[-104.705788,36.993497],[-104.644997,36.993379],[-104.631417,36.993592],[-104.625544,36.993598],[-104.624555,36.994375],[-104.614816,36.994129],[-104.589303,36.994092],[-104.574754,36.994118],[-104.569914,36.993877],[-104.563273,36.993823],[-104.537048,36.993976],[-104.519195,36.993766],[-104.503674,36.993828],[-104.493395,36.993877],[-104.492272,36.993658],[-104.486985,36.993867],[-104.480578,36.993861],[-104.480445,36.993861],[-104.468486,36.993844],[-104.450544,36.993721],[-104.433987,36.993738],[-104.434216,36.995307],[-104.432547,36.9959],[-104.431778,36.997869],[-104.433074,36.99946],[-104.432999,37.0002],[-104.43091,37.000217],[-104.432112,37.002191],[-104.430301,37.002665],[-104.42973,37.004154],[-104.430016,37.005344],[-104.428589,37.006054],[-104.427304,37.007701],[-104.42719,37.009625],[-104.428617,37.011525],[-104.429987,37.014456],[-104.430301,37.016356],[-104.431244,37.017501],[-104.432557,37.023454],[-104.433328,37.024256],[-104.434899,37.02927],[-104.433957,37.031743],[-104.434699,37.033666],[-104.434642,37.036002],[-104.433185,37.03694],[-104.433729,37.039574],[-104.435242,37.041337],[-104.436128,37.043855],[-104.435785,37.044107],[-104.436785,37.046007],[-104.436755,37.047266],[-104.435184,37.049578],[-104.435669,37.051822],[-104.439383,37.054295],[-104.44184,37.056241],[-104.443469,37.057935],[-104.444412,37.059698],[-104.443954,37.062835],[-104.444325,37.065583],[-104.445157,37.067386],[-104.449241,37.077511],[-104.451757,37.084265],[-104.452557,37.085318],[-104.455615,37.08763],[-104.456373,37.089894],[-104.455918,37.092563],[-104.45777,37.096735],[-104.457434,37.101378],[-104.457766,37.102547],[-104.459376,37.103824],[-104.459962,37.104897],[-104.461603,37.106362],[-104.461994,37.107503],[-104.461046,37.11118],[-104.463424,37.114436],[-104.464574,37.115065],[-104.464305,37.115718],[-104.465253,37.118748],[-104.465345,37.121189],[-104.46659,37.124296],[-104.466074,37.126921],[-104.466334,37.127855],[-104.465941,37.13214],[-104.466739,37.132288],[-104.467608,37.133506],[-104.470138,37.135766],[-104.473462,37.137287],[-104.478631,37.141778],[-104.480172,37.145183],[-104.480684,37.147083],[-104.480072,37.148558],[-104.4813,37.150294],[-104.483304,37.152096],[-104.484858,37.152516],[-104.485287,37.156063],[-104.483348,37.158581],[-104.482147,37.159218],[-104.480774,37.160981],[-104.481572,37.163072],[-104.479512,37.165484],[-104.477682,37.16844],[-104.477248,37.170389],[-104.475105,37.173372],[-104.47653,37.175054],[-104.481892,37.172763],[-104.483529,37.171646],[-104.482726,37.169699],[-104.482608,37.169667],[-104.482261,37.169576],[-104.482144,37.169523],[-104.482085,37.169427],[-104.482079,37.169349],[-104.482071,37.169242],[-104.482073,37.168822],[-104.482079,37.168776],[-104.482098,37.168649],[-104.482144,37.168606],[-104.482232,37.168592],[-104.482299,37.168582],[-104.482498,37.168574],[-104.482588,37.168571],[-104.482892,37.167657],[-104.48483,37.167715],[-104.484756,37.171818],[-104.48633,37.172571],[-104.486593,37.165986],[-104.491073,37.166018],[-104.492064,37.166037],[-104.492646,37.166049],[-104.493241,37.16606],[-104.493756,37.16607],[-104.493583,37.166981],[-104.493698,37.169811],[-104.494239,37.172227],[-104.49517,37.172267],[-104.496802,37.17169],[-104.49801,37.171259],[-104.49851,37.172033],[-104.499136,37.173009],[-104.497971,37.173485],[-104.494737,37.17584],[-104.493455,37.176638],[-104.492993,37.177695],[-104.491217,37.180324],[-104.492541,37.181309],[-104.492222,37.182885],[-104.4947,37.183635],[-104.495664,37.183879],[-104.496719,37.184124],[-104.496176,37.185216],[-104.493496,37.188597],[-104.492778,37.189763],[-104.492472,37.191882],[-104.492999,37.193389],[-104.494334,37.196201],[-104.497137,37.196297],[-104.497587,37.196381],[-104.493783,37.218781],[-104.493314,37.218805],[-104.492086,37.226228],[-104.491634,37.229761],[-104.491796,37.232118],[-104.492548,37.23479],[-104.494697,37.239566],[-104.498288,37.243573],[-104.498849,37.244812],[-104.500609,37.253584],[-104.501104,37.255781],[-104.504983,37.267107],[-104.508787,37.27449],[-104.515125,37.282796],[-104.515934,37.283715],[-104.526459,37.293371],[-104.549594,37.31458],[-104.555283,37.319835],[-104.555856,37.320374],[-104.558483,37.324281],[-104.566915,37.338737],[-104.567219,37.338733],[-104.568137,37.338742],[-104.58432,37.338462],[-104.593869,37.338314],[-104.595776,37.337934],[-104.599735,37.33629],[-104.60785,37.335041],[-104.613183,37.335548],[-104.616343,37.336136],[-104.620139,37.336575],[-104.62178,37.33714],[-104.623599,37.338413],[-104.624771,37.338725],[-104.629733,37.342432],[-104.63155,37.344124],[-104.633931,37.346936],[-104.634852,37.34723],[-104.637498,37.34706],[-104.640067,37.345993],[-104.648033,37.344753],[-104.649178,37.343497],[-104.65429,37.341721],[-104.657259,37.341057],[-104.659908,37.340033],[-104.660991,37.339783],[-104.665226,37.339695],[-104.667864,37.338911],[-104.671161,37.336782],[-104.674897,37.334794],[-104.677399,37.332584],[-104.678534,37.331011],[-104.679497,37.327603],[-104.680849,37.326797],[-104.681947,37.325443],[-104.683635,37.324953],[-104.68433,37.323996],[-104.683637,37.322334],[-104.683873,37.319768],[-104.683663,37.31804],[-104.685218,37.317884],[-104.686939,37.316965],[-104.688114,37.315846],[-104.690565,37.314666],[-104.692104,37.313163],[-104.693724,37.312759],[-104.695329,37.313153],[-104.701411,37.309796],[-104.703598,37.308916],[-104.705724,37.308498],[-104.709276,37.306572],[-104.712079,37.306545],[-104.716501,37.309218],[-104.718675,37.308867],[-104.721251,37.308187],[-104.722447,37.308276],[-104.723888,37.3086],[-104.724773,37.310032],[-104.728347,37.309952],[-104.730902,37.311101],[-104.734741,37.311679],[-104.737784,37.311488],[-104.740191,37.311962],[-104.74109,37.311349],[-104.745001,37.310799],[-104.747209,37.311774],[-104.7482,37.3115],[-104.749526,37.312356],[-104.750354,37.316037],[-104.752702,37.317161],[-104.757169,37.315631],[-104.758828,37.314716],[-104.763165,37.314303],[-104.766515,37.312509],[-104.769632,37.311952],[-104.770737,37.310083],[-104.772842,37.308742],[-104.776282,37.308953],[-104.77909,37.308606],[-104.782739,37.307197],[-104.786187,37.306551],[-104.788999,37.305534],[-104.791141,37.305211],[-104.796319,37.306322],[-104.799149,37.30657],[-104.801693,37.305959],[-104.804342,37.304734],[-104.808551,37.302044],[-104.810669,37.301701],[-104.813193,37.299634],[-104.814319,37.298239],[-104.817039,37.29757],[-104.817603,37.296559],[-104.820687,37.294732],[-104.821443,37.293452],[-104.826415,37.28982],[-104.828012,37.289784],[-104.827668,37.288682],[-104.831397,37.284978],[-104.834258,37.281741],[-104.835942,37.277733],[-104.836769,37.277234],[-104.838966,37.276936],[-104.839459,37.275371],[-104.844183,37.273913],[-104.844405,37.271293],[-104.846654,37.268901],[-104.848857,37.265572],[-104.849976,37.263331],[-104.851109,37.261911],[-104.852842,37.261087],[-104.853365,37.259774],[-104.851163,37.258945],[-104.853495,37.258681],[-104.852704,37.257537],[-104.854485,37.25672],[-104.854554,37.256079],[-104.856458,37.25529],[-104.858148,37.256289],[-104.858339,37.257359],[-104.861992,37.258016],[-104.86527,37.259136],[-104.865728,37.260262],[-104.867845,37.262015],[-104.868292,37.263319],[-104.86886,37.26436],[-104.872283,37.266049],[-104.896014,37.273145],[-104.896621,37.274374],[-104.89791,37.273479],[-104.898573,37.273847],[-104.898156,37.275059],[-104.899181,37.276683],[-104.899024,37.277895],[-104.897995,37.2793],[-104.899807,37.280383],[-104.902016,37.280665],[-104.905417,37.280357],[-104.907603,37.281335],[-104.907905,37.28233],[-104.909842,37.283168],[-104.908845,37.284019],[-104.905964,37.285111],[-104.900975,37.285722],[-104.899611,37.28671],[-104.899361,37.28809],[-104.901281,37.289254],[-104.902318,37.2878],[-104.90365,37.287273],[-104.905175,37.287566],[-104.907899,37.287214],[-104.908755,37.287476],[-104.904347,37.289481],[-104.903435,37.290711],[-104.901846,37.291556],[-104.901775,37.292345],[-104.906399,37.291951],[-104.907095,37.292677],[-104.905534,37.29274],[-104.907744,37.293239],[-104.910553,37.293167],[-104.911441,37.292819],[-104.913316,37.293268],[-104.917878,37.292942],[-104.920344,37.293547],[-104.925645,37.292817],[-104.930657,37.2931],[-104.932563,37.293542],[-104.933496,37.294593],[-104.937139,37.294459],[-104.939665,37.294109],[-104.943879,37.294832],[-104.947507,37.295985],[-104.953069,37.299105],[-104.956636,37.300187],[-104.96076,37.300344],[-104.963046,37.301301],[-104.964395,37.302589],[-104.965851,37.303302],[-104.970366,37.307024],[-104.973065,37.307811],[-104.976963,37.311401],[-104.977662,37.312501],[-104.980644,37.314057],[-104.984665,37.314811],[-104.984258,37.312376],[-104.987339,37.313266],[-104.991557,37.31414],[-104.99379,37.314227],[-104.994345,37.313867],[-104.996753,37.314251],[-104.996888,37.312981],[-104.997765,37.312737],[-104.999989,37.313088],[-105.002593,37.312709],[-105.004965,37.313945],[-105.007293,37.314109],[-105.008486,37.313456],[-105.010932,37.310902],[-105.012578,37.310545],[-105.014749,37.309954],[-105.018012,37.310412],[-105.019624,37.311857],[-105.019401,37.312742],[-105.021201,37.31453],[-105.023252,37.315075],[-105.02564,37.314196],[-105.025959,37.315291],[-105.023354,37.31623],[-105.021421,37.316273],[-105.021032,37.317516],[-105.022408,37.317539],[-105.023382,37.318431],[-105.023412,37.32012],[-105.023638,37.321408],[-105.021918,37.322254],[-105.020734,37.322298],[-105.017605,37.321582],[-105.016392,37.321579],[-105.01349,37.322305],[-105.014511,37.324925],[-105.01714,37.327384],[-105.017623,37.32854],[-105.015477,37.329063],[-105.010766,37.32919],[-105.012825,37.331586],[-105.010807,37.333703],[-105.008578,37.334615],[-105.005778,37.336333],[-105.005735,37.336818],[-105.008156,37.340392],[-105.009948,37.341616],[-105.011059,37.343952],[-105.01382,37.342946],[-105.015588,37.343065],[-105.017028,37.345419],[-105.019547,37.346074],[-105.024591,37.34849],[-105.024502,37.351705],[-105.023589,37.354601],[-105.023523,37.356932],[-105.021454,37.356241],[-105.017676,37.357018],[-105.016141,37.358358],[-105.012859,37.35839],[-105.010611,37.35948],[-105.008724,37.361333],[-105.006633,37.362692],[-105.004788,37.363173],[-105.003687,37.3658],[-105.002278,37.366859],[-105.00123,37.368551],[-104.995505,37.375551],[-104.994736,37.375829],[-104.989901,37.375968],[-104.988335,37.375554],[-104.986813,37.37432],[-104.983527,37.373388],[-104.980033,37.374241],[-104.976869,37.376429],[-104.975782,37.376747],[-104.971228,37.376243],[-104.969285,37.377783],[-104.967033,37.378723],[-104.962434,37.381914],[-104.958882,37.384989],[-104.956746,37.387371],[-104.954715,37.388778],[-104.952631,37.389715],[-104.948319,37.390684],[-104.946736,37.391446],[-104.944906,37.390499],[-104.940629,37.38925],[-104.938861,37.389209],[-104.937152,37.389972],[-104.935271,37.392485],[-104.932557,37.395412],[-104.930553,37.39618],[-104.925753,37.397048],[-104.924936,37.398372],[-104.92356,37.400947],[-104.92332,37.402046],[-104.92371,37.403713],[-104.922926,37.406173],[-104.922844,37.408886],[-104.923565,37.411311],[-104.923742,37.41479],[-104.924046,37.415692],[-104.923353,37.419838],[-104.922918,37.420328],[-104.921339,37.421342],[-104.921495,37.423523],[-104.920996,37.425542],[-104.919359,37.428628],[-104.918763,37.430757],[-104.917827,37.431931],[-104.917922,37.433062],[-104.917191,37.435648],[-104.916031,37.437771],[-104.912166,37.442325],[-104.912044,37.443479],[-104.90945,37.448278],[-104.909819,37.450761],[-104.90896,37.453074],[-104.905604,37.455188],[-104.90401,37.456476],[-104.900006,37.461531],[-104.898351,37.465292],[-104.894302,37.468721],[-104.89177,37.470545],[-104.888589,37.473722],[-104.887383,37.473992],[-104.886288,37.476045],[-104.886934,37.477033],[-104.884721,37.482454],[-104.883096,37.484669],[-104.882116,37.487298],[-104.882225,37.489903],[-104.87889,37.492792],[-104.877996,37.494825],[-104.877458,37.497301],[-104.876801,37.498484],[-104.876046,37.502009],[-104.875555,37.502713],[-104.875001,37.50312],[-104.874799,37.504897],[-104.873093,37.507135],[-104.871332,37.508794],[-104.868547,37.510522],[-104.868285,37.511889],[-104.866933,37.513166],[-104.86468,37.514403],[-104.862475,37.516916],[-104.858698,37.522684],[-104.856282,37.525225],[-104.854748,37.526079],[-104.851786,37.527646],[-104.850057,37.529131],[-104.845969,37.530892],[-104.844186,37.531902],[-104.84037,37.535403],[-104.837529,37.538518],[-104.833005,37.544415],[-104.831399,37.545983],[-104.828568,37.550864],[-104.827232,37.555326],[-104.826788,37.560325],[-104.825374,37.566218],[-104.825671,37.568743],[-104.825318,37.570256],[-104.824281,37.570582],[-104.822328,37.572556],[-104.819709,37.573871],[-104.819254,37.575006],[-104.817537,37.576571],[-104.815158,37.57784],[-104.813664,37.579564],[-104.811164,37.581719],[-104.809482,37.58259],[-104.807777,37.584436],[-104.805104,37.588459],[-104.804843,37.591247],[-104.803341,37.592671],[-104.799758,37.594897],[-104.795929,37.598085],[-104.789903,37.601061],[-104.789516,37.60386],[-104.787287,37.608087],[-104.78366,37.610307],[-104.782307,37.611451],[-104.780177,37.612389],[-104.77557,37.615616],[-104.776401,37.616478],[-104.784708,37.616279],[-104.791317,37.616263],[-104.795931,37.616514],[-104.795891,37.617033],[-104.795855,37.617563],[-104.795894,37.618618],[-104.794336,37.619525],[-104.791237,37.623],[-104.791207,37.62415],[-104.792385,37.624136],[-104.793644,37.624064],[-104.794882,37.624037],[-104.795712,37.624131],[-104.795715,37.624383],[-104.796242,37.625033],[-104.795507,37.632231],[-104.795809,37.632277],[-104.79566,37.634779],[-104.798664,37.634857],[-104.798638,37.635454],[-104.802042,37.635392],[-104.804038,37.63567],[-104.807998,37.637586],[-104.809505,37.63881],[-104.812168,37.639464],[-104.814887,37.639346],[-104.816023,37.640376],[-104.817056,37.640994],[-104.819458,37.645123],[-104.82154,37.647589],[-104.823176,37.650406],[-104.822669,37.652527],[-104.822464,37.652687],[-104.834067,37.665918],[-104.8361,37.668098],[-104.841134,37.673052],[-104.844687,37.676544],[-104.845301,37.677218],[-104.852037,37.686342],[-104.857885,37.692964],[-104.858242,37.693364],[-104.865887,37.701509],[-104.868631,37.704138],[-104.872255,37.70757],[-104.875897,37.710447],[-104.876684,37.711493],[-104.878296,37.715645],[-104.880063,37.716995],[-104.883708,37.718426],[-104.885318,37.718702],[-104.897718,37.716244],[-104.90224,37.714391],[-104.905783,37.712844],[-104.912409,37.708807],[-104.916172,37.706051],[-104.919141,37.70444],[-104.921229,37.704147],[-104.927662,37.704365],[-104.931393,37.704508],[-104.93549,37.705137],[-104.938567,37.7061],[-104.95684,37.713717],[-104.960602,37.714621],[-104.966074,37.714905],[-104.96906,37.716236],[-104.97153,37.718234],[-104.97402,37.719712],[-104.976927,37.720905],[-104.978345,37.721332],[-105.000648,37.727078],[-105.003663,37.727141],[-105.005997,37.726159],[-105.009031,37.724512],[-105.011081,37.724512],[-105.013976,37.725637],[-105.014116,37.72574],[-105.014115,37.726106],[-105.014112,37.727476],[-105.013966,37.727746],[-105.014109,37.727922],[-105.014103,37.744713],[-105.013969,37.784668],[-105.013925,37.790492],[-105.013809,37.84888],[-105.013791,37.856086],[-105.013729,37.881011],[-105.013729,37.881271],[-105.013763,37.883489],[-105.015751,37.88551],[-105.019613,37.886967],[-105.021748,37.887491],[-105.030435,37.892063],[-105.033626,37.89356],[-105.034803,37.894583],[-105.033894,37.89779],[-105.031573,37.904147],[-105.032954,37.905322],[-105.03599,37.904115],[-105.038665,37.904444],[-105.039826,37.908124],[-105.043905,37.90954],[-105.044574,37.910305],[-105.044561,37.911656],[-105.049917,37.915479],[-105.054307,37.917509],[-105.057201,37.915946],[-105.060064,37.916139],[-105.061497,37.916061],[-105.0632,37.916976],[-105.06585,37.920763],[-105.065135,37.921456],[-105.065034,37.923241],[-105.066301,37.925048],[-105.066063,37.92625],[-105.065104,37.92742],[-105.063737,37.929269],[-105.063572,37.935001],[-105.064342,37.936635],[-105.06603,37.937447],[-105.066425,37.938525],[-105.065471,37.941802],[-105.066056,37.944209],[-105.070472,37.945802],[-105.072219,37.947789],[-105.074244,37.948513],[-105.0778,37.952964],[-105.08183,37.95425],[-105.084057,37.955594],[-105.084383,37.955384],[-105.085532,37.951141],[-105.088011,37.948588],[-105.090295,37.947637],[-105.093828,37.947329],[-105.099097,37.944943],[-105.101971,37.944957],[-105.103129,37.94494],[-105.108507,37.943399],[-105.112984,37.945449],[-105.115608,37.9475],[-105.117163,37.949141],[-105.120666,37.949597],[-105.122612,37.949177],[-105.123823,37.949627],[-105.125975,37.95117],[-105.125818,37.952542],[-105.125111,37.953087],[-105.125551,37.954592],[-105.126906,37.955134],[-105.127027,37.956025],[-105.126188,37.957812],[-105.126411,37.96075],[-105.127098,37.960999],[-105.127909,37.962592],[-105.128974,37.96285],[-105.133409,37.963039],[-105.13573,37.965638],[-105.13558,37.967294],[-105.133195,37.970423],[-105.131335,37.971188],[-105.131025,37.972681],[-105.13236,37.974643],[-105.14055,37.979774],[-105.142145,37.979799],[-105.141641,37.982034],[-105.139501,37.984607],[-105.140393,37.985982],[-105.143909,37.987838],[-105.146452,37.986589],[-105.147965,37.986841],[-105.150717,37.990789],[-105.152491,37.992113],[-105.152261,37.994356],[-105.152781,37.997391],[-105.152626,37.99823],[-105.153199,38.000784],[-105.15191,38.00333],[-105.150386,38.004547],[-105.147948,38.005392],[-105.147969,38.006239],[-105.151414,38.008448],[-105.152868,38.009747],[-105.157299,38.012955],[-105.158366,38.013133],[-105.160765,38.014947],[-105.161101,38.015866],[-105.16376,38.016193],[-105.166304,38.017104],[-105.166898,38.018129],[-105.168652,38.018946],[-105.171731,38.018044],[-105.173264,38.017142],[-105.176708,38.016352],[-105.178903,38.016474],[-105.181006,38.015595],[-105.181819,38.014693],[-105.185252,38.013379],[-105.18775,38.010598],[-105.189283,38.009752],[-105.192808,38.008616],[-105.194586,38.00756],[-105.197568,38.004366],[-105.198919,38.003785],[-105.200044,38.000835],[-105.199111,37.998413],[-105.197073,37.992416],[-105.198814,37.990181],[-105.201924,37.990448],[-105.206068,37.989668],[-105.205837,37.988619],[-105.205897,37.983268],[-105.207707,37.981655],[-105.209241,37.982228],[-105.213153,37.981031],[-105.2135,37.980938],[-105.213986,37.980809],[-105.214213,37.980277],[-105.214221,37.98026],[-105.214064,37.979958],[-105.213109,37.977331],[-105.214633,37.976887],[-105.215961,37.975899],[-105.216193,37.975676],[-105.216505,37.975378],[-105.216563,37.974847],[-105.216599,37.974528],[-105.216333,37.972592],[-105.215366,37.97052],[-105.216627,37.969447],[-105.218095,37.969903],[-105.220937,37.96946],[-105.223136,37.968804],[-105.224683,37.966674],[-105.224646,37.965036],[-105.226262,37.963898],[-105.226921,37.964568],[-105.228616,37.964657],[-105.229418,37.965245],[-105.231663,37.964866],[-105.232832,37.964196],[-105.234426,37.964019],[-105.235809,37.9628],[-105.238864,37.96256],[-105.239933,37.960393],[-105.238689,37.959419],[-105.237598,37.957568],[-105.240033,37.95508],[-105.241799,37.953809],[-105.244716,37.953728],[-105.246694,37.95211],[-105.248617,37.952109],[-105.249742,37.951521],[-105.250018,37.950378],[-105.251895,37.947764],[-105.255436,37.942916],[-105.256764,37.942555],[-105.257546,37.938131],[-105.260843,37.937098],[-105.261549,37.937168],[-105.263168,37.932458],[-105.263942,37.932059],[-105.2638,37.92882],[-105.263105,37.92769],[-105.261842,37.925637],[-105.263459,37.92324],[-105.264304,37.922882],[-105.264815,37.921377],[-105.26805,37.918304],[-105.267932,37.917416],[-105.268915,37.916346],[-105.269908,37.913661],[-105.271433,37.912815],[-105.272078,37.911601],[-105.273418,37.910716],[-105.273818,37.907677],[-105.276233,37.905875],[-105.276988,37.904103],[-105.277949,37.904407],[-105.278924,37.903645],[-105.280549,37.901215],[-105.284465,37.899512],[-105.285303,37.899552],[-105.286736,37.900194],[-105.289367,37.902869],[-105.29104,37.903897],[-105.290784,37.905368],[-105.291597,37.906431],[-105.291538,37.907555],[-105.292407,37.908625],[-105.294811,37.90822],[-105.297431,37.909349],[-105.298011,37.911263],[-105.300254,37.912488],[-105.301115,37.914627],[-105.300655,37.915887],[-105.301659,37.918119],[-105.300388,37.921586],[-105.300541,37.923085],[-105.303607,37.926188],[-105.304366,37.928393],[-105.306316,37.930967],[-105.306574,37.932292],[-105.310281,37.93354],[-105.311093,37.935945],[-105.313882,37.93712],[-105.314507,37.938444],[-105.317081,37.938949],[-105.320609,37.938572],[-105.324526,37.938434],[-105.327067,37.937434],[-105.329026,37.936945],[-105.331702,37.935801],[-105.33571,37.933468],[-105.337461,37.932055],[-105.340075,37.929324],[-105.342076,37.928412],[-105.344536,37.926378],[-105.347209,37.924759],[-105.350814,37.924889],[-105.353674,37.923581],[-105.356054,37.922854],[-105.360159,37.92245],[-105.361139,37.922597],[-105.363779,37.92207],[-105.36541,37.92142],[-105.367461,37.919974],[-105.369768,37.919048],[-105.375003,37.917115],[-105.377088,37.916102],[-105.377864,37.914353],[-105.378396,37.9138],[-105.38165,37.912707],[-105.383707,37.910622],[-105.38504,37.910178],[-105.389628,37.906522],[-105.390305,37.905196],[-105.39408,37.902918],[-105.394792,37.901366],[-105.399585,37.898816],[-105.401826,37.897286],[-105.403421,37.895782],[-105.405087,37.89515],[-105.408697,37.894442],[-105.409784,37.893205],[-105.411553,37.892532],[-105.413635,37.890527],[-105.415486,37.890815],[-105.417916,37.889976],[-105.418689,37.889703],[-105.421597,37.890652],[-105.424151,37.890173],[-105.426855,37.891634],[-105.42779,37.89132],[-105.429886,37.893837],[-105.431666,37.894407],[-105.431972,37.895167],[-105.437279,37.896011],[-105.440272,37.897461],[-105.45236,37.895681],[-105.459235,37.897169],[-105.461319,37.896891],[-105.46697,37.895515],[-105.471057,37.895264],[-105.473204,37.89597]],[[-107.602343,37.239019],[-107.602214,37.240443],[-107.600396,37.239881],[-107.600291,37.237452],[-107.601422,37.237484],[-107.60143,37.239023],[-107.602343,37.239019]],[[-107.601647,37.222649],[-107.600541,37.223255],[-107.600509,37.221399],[-107.601459,37.221588],[-107.601647,37.222649]],[[-107.60157,37.243376],[-107.600781,37.246947],[-107.597776,37.246905],[-107.595795,37.245696],[-107.59603,37.243619],[-107.598602,37.243261],[-107.600944,37.243319],[-107.601027,37.242422],[-107.601589,37.242416],[-107.601781,37.242415],[-107.60177,37.242469],[-107.601745,37.242591],[-107.601718,37.242709],[-107.601695,37.242806],[-107.601689,37.242834],[-107.601604,37.24321],[-107.601577,37.243336],[-107.60157,37.243376]]],[[[-107.596862,37.23104],[-107.596869,37.230762],[-107.59647,37.230802],[-107.596476,37.23159],[-107.596853,37.231462],[-107.596862,37.23104]]]]}},{"type":"Feature","properties":{"id":3,"NAME":"3","text-color":"#000000","text-size":16,"labelx":-106.312452,"labely":39.400256,"TotalPop":525456,"PopDevPct":0.0010915,"DemPct":0.49179337,"RepPct":0.46470741,"WhitePct":0.72387727,"MinorityPct":0.27612273,"BlackPct":0.02045874,"HispanicPct":0.20701102,"PacificPct":0.00234018,"AsianPct":0.01749896,"NativePct":0.03575335,"TotalVAP":419625,"Margin":-0.00820663,"color":"#babaff","opacity":"0.5"},"geometry":{"type":"MultiPolygon","coordinates":[[[[-104.941533,38.519569],[-104.941557,38.522305],[-104.941783,38.552552],[-104.941933,38.567791],[-104.942095,38.584159],[-104.942144,38.58792],[-104.942359,38.608606],[-104.942528,38.624993],[-104.942425,38.650159],[-104.959688,38.650746],[-104.977531,38.651183],[-104.994968,38.651659],[-105.013197,38.652729],[-105.031364,38.652326],[-105.039685,38.652368],[-105.049799,38.652404],[-105.055006,38.651552],[-105.068866,38.649287],[-105.073469,38.648533],[-105.090756,38.647783],[-105.103161,38.647949],[-105.109579,38.647763],[-105.109887,38.647773],[-105.111252,38.647835],[-105.116212,38.647914],[-105.128166,38.647678],[-105.146491,38.647625],[-105.154184,38.64784],[-105.169212,38.648032],[-105.19042,38.648153],[-105.202261,38.648182],[-105.219505,38.647871],[-105.219885,38.647863],[-105.239927,38.647464],[-105.240303,38.662169],[-105.237908,38.674747],[-105.237816,38.675229],[-105.237069,38.679208],[-105.237043,38.697267],[-105.24209,38.697293],[-105.255485,38.69738],[-105.261929,38.697447],[-105.277883,38.697556],[-105.296621,38.697424],[-105.313663,38.697461],[-105.328962,38.697558],[-105.32896,38.697203],[-105.375545,38.697516],[-105.392205,38.697526],[-105.449367,38.697565],[-105.454695,38.697516],[-105.462363,38.697447],[-105.488521,38.697208],[-105.498448,38.69708],[-105.500548,38.696641],[-105.51104,38.696508],[-105.514458,38.69659],[-105.531547,38.695935],[-105.569381,38.69585],[-105.580392,38.695896],[-105.593096,38.695692],[-105.613586,38.695346],[-105.616179,38.695419],[-105.634235,38.695159],[-105.649543,38.695],[-105.650178,38.696649],[-105.650195,38.699416],[-105.648544,38.701488],[-105.648418,38.703545],[-105.64777,38.706356],[-105.649317,38.708007],[-105.648231,38.708811],[-105.648419,38.710457],[-105.649401,38.711532],[-105.650948,38.715217],[-105.651155,38.71802],[-105.652215,38.719605],[-105.652327,38.721627],[-105.653223,38.724],[-105.651917,38.7265],[-105.649973,38.72899],[-105.647024,38.731493],[-105.646927,38.731605],[-105.649542,38.73186],[-105.651845,38.734163],[-105.653265,38.734636],[-105.654651,38.736151],[-105.654887,38.738286],[-105.654231,38.738632],[-105.655175,38.741578],[-105.656343,38.743033],[-105.661239,38.744454],[-105.662555,38.74383],[-105.664647,38.745527],[-105.665812,38.748036],[-105.667834,38.749403],[-105.669218,38.751156],[-105.66957,38.751731],[-105.672345,38.752591],[-105.673534,38.752461],[-105.675241,38.753099],[-105.677134,38.754997],[-105.678191,38.757387],[-105.67795,38.758387],[-105.679639,38.759184],[-105.680938,38.760415],[-105.681086,38.762487],[-105.682831,38.764081],[-105.684297,38.76679],[-105.684037,38.768384],[-105.684816,38.770311],[-105.684408,38.771094],[-105.685299,38.771543],[-105.686495,38.773702],[-105.686902,38.77457],[-105.689722,38.777124],[-105.691384,38.779005],[-105.692054,38.781361],[-105.694819,38.785751],[-105.69506,38.788026],[-105.69571,38.789445],[-105.69686,38.790242],[-105.69738,38.79214],[-105.69887,38.794517],[-105.697515,38.794073],[-105.694971,38.794321],[-105.694639,38.795113],[-105.692824,38.796453],[-105.692081,38.798263],[-105.688271,38.801389],[-105.687098,38.802083],[-105.686051,38.803902],[-105.68453,38.804606],[-105.681966,38.80581],[-105.679662,38.806355],[-105.677882,38.807774],[-105.677753,38.809116],[-105.678481,38.810601],[-105.679814,38.811487],[-105.679776,38.813339],[-105.677946,38.814411],[-105.676763,38.8174],[-105.674364,38.818927],[-105.673538,38.820122],[-105.671264,38.821316],[-105.670368,38.822941],[-105.662198,38.82496],[-105.660146,38.826454],[-105.657151,38.829265],[-105.65763,38.8308],[-105.658813,38.832386],[-105.658887,38.83451],[-105.657775,38.836262],[-105.65643,38.839241],[-105.654345,38.841537],[-105.653231,38.841951],[-105.648349,38.846292],[-105.647664,38.847144],[-105.645854,38.847436],[-105.642564,38.849223],[-105.638172,38.849119],[-105.633565,38.852922],[-105.630217,38.858577],[-105.623184,38.868174],[-105.620968,38.870596],[-105.61785,38.871771],[-105.616846,38.872477],[-105.611949,38.872193],[-105.608525,38.872312],[-105.606915,38.871618],[-105.604619,38.872367],[-105.603906,38.87297],[-105.601775,38.875139],[-105.601153,38.87692],[-105.599228,38.877857],[-105.598565,38.879602],[-105.597604,38.880483],[-105.594077,38.882211],[-105.592132,38.884204],[-105.589502,38.887699],[-105.588621,38.887915],[-105.586132,38.889142],[-105.585312,38.890218],[-105.583791,38.894705],[-105.58262,38.896856],[-105.580101,38.899443],[-105.577319,38.901343],[-105.573629,38.902442],[-105.569118,38.904343],[-105.565427,38.907341],[-105.563229,38.908806],[-105.562065,38.908994],[-105.560941,38.910076],[-105.5572,38.911535],[-105.550336,38.913906],[-105.548089,38.913831],[-105.546858,38.915015],[-105.54366,38.915866],[-105.538371,38.916851],[-105.534137,38.918574],[-105.530393,38.921289],[-105.544953,38.925573],[-105.548962,38.926033],[-105.553415,38.927926],[-105.554488,38.928171],[-105.558886,38.928243],[-105.560403,38.929442],[-105.56069,38.930801],[-105.562439,38.934626],[-105.562418,38.936535],[-105.565484,38.938772],[-105.568558,38.940554],[-105.56933,38.942184],[-105.56879,38.94373],[-105.569432,38.947265],[-105.569931,38.951753],[-105.570956,38.952914],[-105.574863,38.954693],[-105.583632,38.95873],[-105.584909,38.960581],[-105.583735,38.964169],[-105.58223,38.967847],[-105.582156,38.968027],[-105.581167,38.970112],[-105.578638,38.975021],[-105.576946,38.978349],[-105.574719,38.982659],[-105.574578,38.982974],[-105.574751,38.983102],[-105.606787,39.00685],[-105.604946,39.028254],[-105.604074,39.037335],[-105.604051,39.040595],[-105.604039,39.047898],[-105.604264,39.047898],[-105.604254,39.049513],[-105.604373,39.056534],[-105.604315,39.06031],[-105.604278,39.060692],[-105.604268,39.064116],[-105.60427,39.067891],[-105.604278,39.0697],[-105.604282,39.071682],[-105.604279,39.07546],[-105.604281,39.079259],[-105.604277,39.083055],[-105.604293,39.086844],[-105.606316,39.089104],[-105.611643,39.090402],[-105.613446,39.089842],[-105.615953,39.090614],[-105.624379,39.090584],[-105.628848,39.092478],[-105.633916,39.094596],[-105.636887,39.096375],[-105.63824,39.097758],[-105.63923,39.100975],[-105.638984,39.103379],[-105.639421,39.105459],[-105.637142,39.10793],[-105.635423,39.10909],[-105.632377,39.110115],[-105.629747,39.109603],[-105.627145,39.109717],[-105.625134,39.111039],[-105.62281,39.112313],[-105.62152,39.113471],[-105.620679,39.115657],[-105.620639,39.118208],[-105.621315,39.121841],[-105.621356,39.123802],[-105.6224,39.127005],[-105.622516,39.128808],[-105.62125,39.130587],[-105.620823,39.131646],[-105.620618,39.135516],[-105.621244,39.136487],[-105.620877,39.137585],[-105.621123,39.14267],[-105.621991,39.144514],[-105.622216,39.147137],[-105.62389,39.149518],[-105.625727,39.151816],[-105.62628,39.153049],[-105.629613,39.157246],[-105.630442,39.159321],[-105.631034,39.160633],[-105.633678,39.163603],[-105.633765,39.163846],[-105.635849,39.168037],[-105.638049,39.172911],[-105.640009,39.179526],[-105.641607,39.182651],[-105.642597,39.189023],[-105.643048,39.193313],[-105.643519,39.194887],[-105.64337,39.197117],[-105.645207,39.202188],[-105.64645,39.204299],[-105.647358,39.208325],[-105.647317,39.210839],[-105.645678,39.213055],[-105.644312,39.214128],[-105.643991,39.214028],[-105.637605,39.219705],[-105.63757,39.221449],[-105.634749,39.223608],[-105.633117,39.22619],[-105.632099,39.22634],[-105.62975,39.22482],[-105.628671,39.223663],[-105.625447,39.224001],[-105.622814,39.224983],[-105.621376,39.225104],[-105.619156,39.223683],[-105.618275,39.223912],[-105.615953,39.22272],[-105.612135,39.222505],[-105.60971,39.221617],[-105.608659,39.221637],[-105.604259,39.220261],[-105.602358,39.221456],[-105.60219,39.220271],[-105.600562,39.218667],[-105.597043,39.217117],[-105.595037,39.216548],[-105.590636,39.215763],[-105.587694,39.214972],[-105.58473,39.213507],[-105.579063,39.212514],[-105.57694,39.211985],[-105.57392,39.210456],[-105.570953,39.209529],[-105.566582,39.206246],[-105.565278,39.204776],[-105.564228,39.202914],[-105.562567,39.202381],[-105.559037,39.199596],[-105.556363,39.198494],[-105.554236,39.198082],[-105.550562,39.196925],[-105.549462,39.195749],[-105.550382,39.193834],[-105.549341,39.191777],[-105.546261,39.19105],[-105.541866,39.186146],[-105.540349,39.185345],[-105.535986,39.184224],[-105.533232,39.184197],[-105.531401,39.183691],[-105.528418,39.181579],[-105.526377,39.179049],[-105.52471,39.176447],[-105.52328,39.176068],[-105.517236,39.171968],[-105.511821,39.16629],[-105.507033,39.166467],[-105.50604,39.166598],[-105.503281,39.166961],[-105.50017,39.16698],[-105.498244,39.166683],[-105.495394,39.164792],[-105.494511,39.163529],[-105.492646,39.161975],[-105.48964,39.161539],[-105.48531,39.15839],[-105.48413,39.157061],[-105.480604,39.15385],[-105.479886,39.152363],[-105.480538,39.150849],[-105.480747,39.148482],[-105.480101,39.147528],[-105.478068,39.147215],[-105.474209,39.147721],[-105.472512,39.147189],[-105.471552,39.145777],[-105.471044,39.143489],[-105.469555,39.141701],[-105.468414,39.139441],[-105.466762,39.137539],[-105.463728,39.135378],[-105.463228,39.133212],[-105.463134,39.132197],[-105.461651,39.128817],[-105.45367,39.12891],[-105.442723,39.129077],[-105.397875,39.129564],[-105.397759,39.158624],[-105.397723,39.161516],[-105.397828,39.181203],[-105.397819,39.194425],[-105.397881,39.203277],[-105.399644,39.204765],[-105.401846,39.205997],[-105.402454,39.208419],[-105.406849,39.21098],[-105.406953,39.212981],[-105.40801,39.213509],[-105.409996,39.213677],[-105.411628,39.216109],[-105.411237,39.217165],[-105.409099,39.217433],[-105.40789,39.21878],[-105.409767,39.220103],[-105.411273,39.223279],[-105.411922,39.22283],[-105.414585,39.222559],[-105.415203,39.223639],[-105.414201,39.226165],[-105.414194,39.227075],[-105.417092,39.227272],[-105.417608,39.228262],[-105.420909,39.230169],[-105.420242,39.23101],[-105.420197,39.232375],[-105.421068,39.233386],[-105.422482,39.233534],[-105.425109,39.234966],[-105.428233,39.234179],[-105.429607,39.234143],[-105.42991,39.235579],[-105.432149,39.238125],[-105.433845,39.23907],[-105.434737,39.238967],[-105.436663,39.240848],[-105.438059,39.241131],[-105.438267,39.243541],[-105.440731,39.244685],[-105.447721,39.244992],[-105.449194,39.245193],[-105.449884,39.246209],[-105.451962,39.246687],[-105.45254,39.248262],[-105.453647,39.249222],[-105.454013,39.253888],[-105.453846,39.254988],[-105.454875,39.256381],[-105.455524,39.25809],[-105.457209,39.258877],[-105.458148,39.260603],[-105.459186,39.263465],[-105.459126,39.264925],[-105.462544,39.264623],[-105.463607,39.265862],[-105.464839,39.268182],[-105.464155,39.269924],[-105.465796,39.270882],[-105.467796,39.269972],[-105.468147,39.270458],[-105.470887,39.271077],[-105.475334,39.27051],[-105.476856,39.270918],[-105.478508,39.270064],[-105.479833,39.270635],[-105.480921,39.270279],[-105.485198,39.270181],[-105.486512,39.27086],[-105.488043,39.270953],[-105.488977,39.270237],[-105.490626,39.270635],[-105.4912,39.271507],[-105.492555,39.271258],[-105.49364,39.272263],[-105.493939,39.273523],[-105.495809,39.275705],[-105.497474,39.276725],[-105.497653,39.277508],[-105.499085,39.278358],[-105.49992,39.279913],[-105.499453,39.281168],[-105.500087,39.282256],[-105.503709,39.282934],[-105.507302,39.284759],[-105.511303,39.283555],[-105.512415,39.282535],[-105.515544,39.282234],[-105.51807,39.283902],[-105.519437,39.286197],[-105.522404,39.287448],[-105.525162,39.287263],[-105.526065,39.288375],[-105.526992,39.288236],[-105.536488,39.291014],[-105.537092,39.291353],[-105.537821,39.293309],[-105.5392,39.295384],[-105.541894,39.296828],[-105.542763,39.29786],[-105.545243,39.298671],[-105.547166,39.299876],[-105.549808,39.302066],[-105.551268,39.305438],[-105.553425,39.307356],[-105.554705,39.309526],[-105.556076,39.311018],[-105.557991,39.311934],[-105.560082,39.313536],[-105.562174,39.313559],[-105.565563,39.314245],[-105.568775,39.31555],[-105.571426,39.31603],[-105.578646,39.319096],[-105.581946,39.321659],[-105.585659,39.322711],[-105.587487,39.324107],[-105.588961,39.323992],[-105.592041,39.324969],[-105.59579,39.326578],[-105.596806,39.328066],[-105.596963,39.33044],[-105.598931,39.331953],[-105.606809,39.339681],[-105.607344,39.338989],[-105.606313,39.337497],[-105.608918,39.339746],[-105.612185,39.344137],[-105.615189,39.34572],[-105.617627,39.346307],[-105.618758,39.347452],[-105.62227,39.346264],[-105.623336,39.346466],[-105.627343,39.345967],[-105.629946,39.346235],[-105.633337,39.347425],[-105.636167,39.347815],[-105.639951,39.349112],[-105.642659,39.349387],[-105.647195,39.351036],[-105.653068,39.352981],[-105.656624,39.353661],[-105.660934,39.355188],[-105.669558,39.356742],[-105.672758,39.35648],[-105.674405,39.356255],[-105.674784,39.356227],[-105.676769,39.35549],[-105.677879,39.355529],[-105.679691,39.353669],[-105.68065,39.353253],[-105.680997,39.352093],[-105.681946,39.351741],[-105.68316,39.351209],[-105.683645,39.34954],[-105.686436,39.347955],[-105.688437,39.348386],[-105.690362,39.349864],[-105.691964,39.351269],[-105.697341,39.353274],[-105.700875,39.35537],[-105.703968,39.355487],[-105.708215,39.356503],[-105.71088,39.356614],[-105.713183,39.357548],[-105.715069,39.358601],[-105.71626,39.359737],[-105.717758,39.362594],[-105.720004,39.364367],[-105.722584,39.365828],[-105.722872,39.368326],[-105.72364,39.369778],[-105.726948,39.37106],[-105.727654,39.371596],[-105.729036,39.374178],[-105.731846,39.375842],[-105.735472,39.378086],[-105.736686,39.37926],[-105.737406,39.38169],[-105.740631,39.383292],[-105.742277,39.384456],[-105.747201,39.38504],[-105.747994,39.38694],[-105.751967,39.390873],[-105.763093,39.391181],[-105.781182,39.391427],[-105.786925,39.391536],[-105.785353,39.394155],[-105.780689,39.401928],[-105.778667,39.404886],[-105.777377,39.405683],[-105.774511,39.406395],[-105.773057,39.406377],[-105.770207,39.40565],[-105.76739,39.404609],[-105.762165,39.402141],[-105.757788,39.401956],[-105.75537,39.402985],[-105.754718,39.404737],[-105.75644,39.409891],[-105.758147,39.412406],[-105.762476,39.417118],[-105.764247,39.419156],[-105.765178,39.421748],[-105.764934,39.426076],[-105.764491,39.427443],[-105.761935,39.431306],[-105.760073,39.432518],[-105.759688,39.432751],[-105.755278,39.435454],[-105.751605,39.438893],[-105.74958,39.440941],[-105.747846,39.441939],[-105.745728,39.442292],[-105.744222,39.442486],[-105.74069,39.444536],[-105.738391,39.447091],[-105.736396,39.447791],[-105.732886,39.448368],[-105.729512,39.451946],[-105.727464,39.453429],[-105.723004,39.456148],[-105.721822,39.456563],[-105.721273,39.456673],[-105.724373,39.45776],[-105.725847,39.458864],[-105.730837,39.459741],[-105.73312,39.460591],[-105.736623,39.461288],[-105.741335,39.464304],[-105.743102,39.465007],[-105.744886,39.467232],[-105.747352,39.468395],[-105.749252,39.468771],[-105.75153,39.470164],[-105.753938,39.471075],[-105.754464,39.471863],[-105.759344,39.473472],[-105.762334,39.473095],[-105.764249,39.474063],[-105.7686,39.475212],[-105.77164,39.476857],[-105.774642,39.478114],[-105.776527,39.478501],[-105.779952,39.479767],[-105.780532,39.480255],[-105.786652,39.481486],[-105.789609,39.48176],[-105.791779,39.482557],[-105.793661,39.482152],[-105.799834,39.482566],[-105.80267,39.483528],[-105.804856,39.483368],[-105.808011,39.484254],[-105.811146,39.484809],[-105.814306,39.485999],[-105.819563,39.487509],[-105.821395,39.488378],[-105.823847,39.49188],[-105.823788,39.492406],[-105.825295,39.495312],[-105.828545,39.499986],[-105.833153,39.503845],[-105.835518,39.507437],[-105.840039,39.511396],[-105.846571,39.51588],[-105.849316,39.517473],[-105.850879,39.51892],[-105.853473,39.521976],[-105.854947,39.523332],[-105.856362,39.523702],[-105.859649,39.526495],[-105.861662,39.528605],[-105.860506,39.530487],[-105.859114,39.531813],[-105.857732,39.532058],[-105.854562,39.527868],[-105.851285,39.526121],[-105.847211,39.52484],[-105.845377,39.52375],[-105.844329,39.525992],[-105.840831,39.526932],[-105.838571,39.527821],[-105.836057,39.529285],[-105.830016,39.532043],[-105.823931,39.53056],[-105.82308,39.529865],[-105.822809,39.530802],[-105.821234,39.532468],[-105.819268,39.537572],[-105.817631,39.53831],[-105.819066,39.544064],[-105.818928,39.545815],[-105.816308,39.54815],[-105.815807,39.551976],[-105.818724,39.552074],[-105.822337,39.553012],[-105.825771,39.555678],[-105.826061,39.557442],[-105.827707,39.559493],[-105.828906,39.561547],[-105.828521,39.563453],[-105.829662,39.564865],[-105.776642,39.56492],[-105.77172,39.564889],[-105.750561,39.564897],[-105.724054,39.565375],[-105.721601,39.565269],[-105.695149,39.565644],[-105.65795,39.56635],[-105.653343,39.566398],[-105.651086,39.567466],[-105.649,39.5703],[-105.64734,39.570498],[-105.643807,39.573401],[-105.644433,39.574284],[-105.647863,39.575349],[-105.648483,39.576699],[-105.649485,39.576844],[-105.65225,39.579513],[-105.654004,39.581571],[-105.657601,39.582736],[-105.657532,39.583885],[-105.659212,39.584019],[-105.661316,39.586449],[-105.661198,39.586993],[-105.665246,39.589626],[-105.660153,39.591471],[-105.65553,39.592003],[-105.656223,39.593153],[-105.656649,39.595238],[-105.657614,39.597148],[-105.656566,39.600213],[-105.65411,39.600952],[-105.652469,39.602539],[-105.652979,39.604687],[-105.654103,39.605338],[-105.655731,39.607719],[-105.655042,39.609039],[-105.650985,39.613396],[-105.655372,39.614422],[-105.659757,39.61731],[-105.661431,39.617142],[-105.662557,39.615858],[-105.665387,39.615059],[-105.66689,39.615304],[-105.668989,39.615019],[-105.671019,39.614332],[-105.672832,39.61305],[-105.67528,39.611794],[-105.67842,39.61179],[-105.680429,39.612901],[-105.681599,39.615237],[-105.682631,39.616009],[-105.68943,39.618084],[-105.69163,39.618887],[-105.692297,39.620276],[-105.692464,39.624987],[-105.6904,39.631026],[-105.689375,39.638692],[-105.689902,39.644265],[-105.691407,39.64948],[-105.6912,39.654038],[-105.691572,39.663919],[-105.692477,39.667869],[-105.692423,39.671661],[-105.691993,39.673195],[-105.690488,39.674554],[-105.686074,39.677706],[-105.683386,39.680134],[-105.68297,39.684798],[-105.682491,39.686945],[-105.679682,39.690357],[-105.676916,39.694028],[-105.675923,39.695975],[-105.674505,39.699799],[-105.671363,39.704192],[-105.67106,39.706266],[-105.671491,39.709538],[-105.675442,39.709387],[-105.674784,39.710052],[-105.671624,39.711271],[-105.674104,39.714709],[-105.674019,39.715607],[-105.670249,39.720411],[-105.668988,39.722325],[-105.665618,39.722488],[-105.664651,39.724024],[-105.661868,39.726929],[-105.659849,39.727432],[-105.660023,39.726857],[-105.65811,39.727071],[-105.656705,39.727788],[-105.656703,39.728682],[-105.658831,39.730778],[-105.660995,39.73184],[-105.661587,39.732805],[-105.660436,39.734693],[-105.658934,39.73846],[-105.658026,39.742638],[-105.657682,39.745784],[-105.657829,39.748228],[-105.658943,39.750474],[-105.661009,39.751812],[-105.660541,39.752159],[-105.661051,39.752593],[-105.661183,39.752706],[-105.661296,39.752799],[-105.661359,39.752851],[-105.66191,39.753305],[-105.666034,39.753561],[-105.670135,39.75259],[-105.676122,39.751848],[-105.679502,39.749987],[-105.683632,39.743737],[-105.687365,39.740375],[-105.69086,39.738938],[-105.694101,39.738312],[-105.701361,39.736553],[-105.704672,39.735384],[-105.711628,39.732505],[-105.715685,39.729391],[-105.71805,39.727212],[-105.720542,39.725356],[-105.725632,39.723017],[-105.727958,39.721541],[-105.731721,39.718508],[-105.735452,39.714425],[-105.740756,39.716885],[-105.747271,39.719521],[-105.750561,39.720229],[-105.752034,39.720262],[-105.756871,39.718931],[-105.76049,39.717121],[-105.765911,39.713817],[-105.767473,39.713745],[-105.772784,39.716043],[-105.779654,39.720024],[-105.782467,39.720575],[-105.787903,39.720824],[-105.79659,39.720418],[-105.80279,39.72027],[-105.808334,39.719542],[-105.811562,39.71933],[-105.817651,39.719434],[-105.822828,39.719813],[-105.825247,39.72048],[-105.82969,39.723066],[-105.833856,39.725922],[-105.839843,39.730369],[-105.844122,39.728831],[-105.847192,39.726646],[-105.849183,39.724827],[-105.85329,39.722436],[-105.856416,39.721096],[-105.857698,39.721049],[-105.865075,39.722079],[-105.872543,39.723526],[-105.875566,39.723983],[-105.888492,39.726646],[-105.903841,39.728418],[-105.903857,39.728815],[-105.899959,39.728781],[-105.891755,39.730387],[-105.88944,39.731548],[-105.88695,39.734176],[-105.883714,39.737012],[-105.882375,39.740328],[-105.883266,39.743807],[-105.882343,39.745579],[-105.883166,39.747635],[-105.885001,39.749986],[-105.884588,39.752859],[-105.882121,39.755769],[-105.880481,39.759303],[-105.881524,39.760517],[-105.882849,39.763383],[-105.885106,39.764155],[-105.886667,39.765936],[-105.887079,39.767074],[-105.887544,39.770477],[-105.889638,39.773658],[-105.889567,39.775673],[-105.890029,39.77864],[-105.89209,39.7808],[-105.892657,39.782638],[-105.892346,39.784108],[-105.890739,39.786384],[-105.887695,39.789022],[-105.887902,39.790134],[-105.887622,39.7966],[-105.883358,39.798009],[-105.878139,39.7986],[-105.875566,39.799258],[-105.874746,39.799035],[-105.872306,39.796692],[-105.868735,39.796629],[-105.860115,39.796944],[-105.85735,39.795788],[-105.855761,39.795505],[-105.854942,39.796154],[-105.853357,39.792274],[-105.852075,39.791127],[-105.850901,39.789091],[-105.8511,39.78776],[-105.849926,39.788564],[-105.847823,39.789194],[-105.844512,39.789491],[-105.840723,39.788937],[-105.838609,39.788132],[-105.833419,39.787889],[-105.829997,39.788219],[-105.827139,39.786998],[-105.825687,39.786859],[-105.822954,39.785605],[-105.822155,39.786206],[-105.821416,39.788064],[-105.819871,39.789491],[-105.818413,39.790013],[-105.814177,39.790298],[-105.810511,39.791475],[-105.80972,39.794963],[-105.808989,39.796418],[-105.807517,39.798054],[-105.804861,39.799033],[-105.80194,39.799336],[-105.801265,39.801452],[-105.800095,39.802917],[-105.799013,39.80343],[-105.797558,39.802928],[-105.795804,39.802919],[-105.793731,39.801944],[-105.79094,39.803101],[-105.786708,39.802474],[-105.784662,39.802434],[-105.782314,39.801177],[-105.779712,39.79905],[-105.777187,39.798165],[-105.777029,39.798108],[-105.773374,39.797237],[-105.76946,39.795704],[-105.765958,39.794855],[-105.763882,39.794984],[-105.76096,39.797101],[-105.756781,39.798222],[-105.752667,39.79994],[-105.750561,39.801303],[-105.749682,39.800944],[-105.747074,39.801325],[-105.74449,39.803375],[-105.741444,39.804481],[-105.73856,39.805015],[-105.73613,39.804892],[-105.735925,39.804985],[-105.736149,39.805945],[-105.734981,39.810231],[-105.734007,39.811011],[-105.733457,39.812542],[-105.731426,39.814319],[-105.730037,39.81484],[-105.725176,39.817328],[-105.724125,39.819018],[-105.723884,39.819332],[-105.724197,39.821267],[-105.724558,39.821986],[-105.724501,39.822889],[-105.724245,39.824073],[-105.72394,39.824637],[-105.723279,39.825353],[-105.721909,39.826204],[-105.719243,39.827544],[-105.719054,39.827794],[-105.718965,39.828962],[-105.71926,39.830237],[-105.71934,39.831051],[-105.719012,39.831913],[-105.71836,39.832903],[-105.716981,39.835472],[-105.715578,39.836452],[-105.713369,39.838212],[-105.713098,39.838171],[-105.712339,39.83771],[-105.710464,39.837383],[-105.708142,39.836724],[-105.706818,39.836624],[-105.705127,39.836612],[-105.703271,39.836712],[-105.702102,39.83691],[-105.701266,39.837126],[-105.700085,39.837623],[-105.696345,39.838919],[-105.695747,39.839482],[-105.694618,39.843712],[-105.694268,39.844783],[-105.693795,39.845475],[-105.693957,39.846265],[-105.693828,39.846983],[-105.693542,39.847853],[-105.692734,39.848632],[-105.69225,39.849381],[-105.691901,39.850348],[-105.691311,39.851338],[-105.690348,39.851996],[-105.691106,39.852571],[-105.692699,39.854993],[-105.693656,39.857253],[-105.693577,39.858228],[-105.696125,39.861516],[-105.696542,39.863581],[-105.696181,39.864612],[-105.696938,39.865501],[-105.697769,39.867986],[-105.696851,39.8717],[-105.699154,39.874141],[-105.699704,39.876531],[-105.700773,39.878942],[-105.657372,39.879813],[-105.617627,39.880656],[-105.607705,39.88089],[-105.594977,39.881198],[-105.564615,39.881722],[-105.555155,39.881873],[-105.555366,39.872267],[-105.555423,39.869656],[-105.555783,39.853276],[-105.546025,39.853362],[-105.537695,39.853476],[-105.522564,39.853418],[-105.502492,39.853425],[-105.495271,39.853558],[-105.479843,39.853795],[-105.477814,39.853849],[-105.477076,39.853835],[-105.476039,39.853843],[-105.45927,39.853832],[-105.449939,39.853816],[-105.44395,39.853835],[-105.428928,39.85397],[-105.409395,39.854199],[-105.397503,39.854334],[-105.397949,39.861073],[-105.397948,39.861244],[-105.397952,39.861587],[-105.397568,39.866061],[-105.39758,39.866356],[-105.397755,39.866598],[-105.397877,39.866849],[-105.397999,39.871433],[-105.398045,39.873443],[-105.397949,39.877701],[-105.397937,39.88116],[-105.397849,39.881699],[-105.397759,39.882455],[-105.397649,39.883187],[-105.39789,39.897995],[-105.397749,39.906653],[-105.397749,39.907643],[-105.397822,39.908349],[-105.397849,39.910637],[-105.397849,39.912886],[-105.396421,39.912886],[-105.376919,39.913141],[-105.373943,39.913181],[-105.372692,39.913293],[-105.370352,39.913283],[-105.357839,39.913482],[-105.357666,39.913485],[-105.35106,39.913572],[-105.342281,39.913737],[-105.339547,39.913786],[-105.314702,39.913883],[-105.307088,39.913982],[-105.282977,39.913689],[-105.269445,39.913986],[-105.264773,39.914152],[-105.263945,39.913986],[-105.24527,39.914084],[-105.238933,39.914367],[-105.231343,39.914085],[-105.214955,39.914223],[-105.206273,39.914086],[-105.20345,39.91404],[-105.201254,39.914002],[-105.200992,39.913999],[-105.200796,39.913994],[-105.199494,39.914028],[-105.196647,39.914186],[-105.192439,39.914107],[-105.192184,39.914102],[-105.191895,39.914097],[-105.166565,39.913893],[-105.16615,39.914047],[-105.166045,39.914139],[-105.166771,39.91414],[-105.165043,39.915698],[-105.164333,39.916933],[-105.164299,39.91852],[-105.165763,39.922867],[-105.166487,39.921463],[-105.166495,39.919673],[-105.165783,39.919671],[-105.165791,39.917851],[-105.175109,39.917859],[-105.175208,39.925095],[-105.172053,39.925077],[-105.170955,39.926025],[-105.169187,39.926383],[-105.169187,39.928693],[-105.16601,39.928718],[-105.165977,39.936256],[-105.16784,39.936143],[-105.169463,39.938928],[-105.175664,39.942681],[-105.176009,39.944459],[-105.183328,39.941931],[-105.184248,39.941909],[-105.18661,39.94091],[-105.188832,39.940377],[-105.192968,39.939938],[-105.192176,39.940943],[-105.190021,39.942036],[-105.18651,39.944398],[-105.186003,39.945578],[-105.184776,39.94665],[-105.185104,39.947402],[-105.183869,39.949],[-105.184532,39.949069],[-105.184642,39.949121],[-105.184228,39.949908],[-105.183149,39.951492],[-105.182785,39.951612],[-105.179556,39.951909],[-105.17825,39.952097],[-105.177408,39.952593],[-105.17758,39.954993],[-105.178981,39.957654],[-105.175369,39.95758],[-105.175371,39.958164],[-105.177035,39.958194],[-105.177029,39.95944],[-105.175263,39.959405],[-105.175256,39.960673],[-105.178056,39.960634],[-105.178026,39.962208],[-105.179023,39.962595],[-105.179082,39.962508],[-105.1791,39.962482],[-105.180013,39.962826],[-105.180379,39.962869],[-105.180397,39.962881],[-105.180444,39.962914],[-105.180491,39.962945],[-105.180539,39.962976],[-105.180588,39.963006],[-105.180637,39.963035],[-105.180687,39.963064],[-105.180738,39.963092],[-105.180789,39.96312],[-105.180841,39.963147],[-105.180894,39.963173],[-105.180947,39.963198],[-105.181001,39.963223],[-105.181055,39.963247],[-105.18111,39.96327],[-105.181165,39.963292],[-105.181221,39.963314],[-105.181278,39.963335],[-105.181335,39.963355],[-105.181366,39.963366],[-105.181418,39.963383],[-105.18145,39.963393],[-105.181468,39.963399],[-105.181508,39.963411],[-105.181567,39.963428],[-105.181589,39.963434],[-105.181745,39.963474],[-105.181866,39.963501],[-105.181987,39.963525],[-105.182015,39.96353],[-105.18211,39.963545],[-105.182172,39.963554],[-105.182234,39.963562],[-105.182259,39.963565],[-105.182296,39.96357],[-105.182342,39.96357],[-105.18241,39.963578],[-105.182484,39.963587],[-105.18261,39.963594],[-105.182735,39.963598],[-105.182861,39.963599],[-105.182987,39.963597],[-105.183112,39.963592],[-105.183237,39.963583],[-105.183362,39.963571],[-105.183486,39.963555],[-105.183548,39.963547],[-105.183671,39.963526],[-105.183746,39.963514],[-105.184092,39.962584],[-105.18419,39.962583],[-105.184582,39.962638],[-105.184678,39.962622],[-105.185268,39.962453],[-105.186272,39.962443],[-105.187245,39.962272],[-105.188308,39.961957],[-105.189091,39.961603],[-105.189271,39.961474],[-105.189263,39.962664],[-105.186746,39.963026],[-105.184673,39.963459],[-105.183133,39.963903],[-105.182466,39.964301],[-105.182316,39.964378],[-105.183653,39.964898],[-105.191885,39.968101],[-105.198912,39.970831],[-105.204837,39.973133],[-105.209005,39.974807],[-105.212831,39.976562],[-105.220543,39.980126],[-105.221155,39.980408],[-105.221214,39.9803],[-105.231791,39.985185],[-105.233672,39.985785],[-105.235669,39.985802],[-105.236071,39.985802],[-105.234625,39.983441],[-105.23441,39.978656],[-105.235735,39.978681],[-105.23653,39.977756],[-105.236531,39.977403],[-105.236552,39.971457],[-105.237117,39.971478],[-105.237169,39.97148],[-105.237211,39.971482],[-105.237853,39.971487],[-105.237676,39.971111],[-105.237568,39.97104],[-105.237388,39.970921],[-105.237382,39.970896],[-105.237296,39.970559],[-105.246283,39.97058],[-105.246408,39.970278],[-105.247487,39.967661],[-105.248875,39.964325],[-105.260082,39.964362],[-105.260088,39.966873],[-105.258871,39.966969],[-105.260089,39.967261],[-105.261502,39.967265],[-105.266721,39.971389],[-105.268559,39.971421],[-105.269507,39.972231],[-105.271945,39.97312],[-105.270925,39.973117],[-105.269263,39.972754],[-105.26858,39.97207],[-105.267227,39.972205],[-105.267572,39.973191],[-105.266655,39.973665],[-105.266787,39.97446],[-105.26579,39.975183],[-105.263847,39.976239],[-105.26253,39.97769],[-105.262386,39.977757],[-105.262086,39.977875],[-105.261525,39.978032],[-105.261503,39.978036],[-105.260115,39.978076],[-105.260113,39.978761],[-105.260176,39.980044],[-105.259887,39.980122],[-105.25719,39.980714],[-105.256279,39.980944],[-105.258008,39.982501],[-105.25853,39.981906],[-105.259825,39.982399],[-105.261857,39.982402],[-105.263286,39.981732],[-105.263861,39.982257],[-105.264425,39.982779],[-105.265889,39.98361],[-105.266313,39.983825],[-105.267173,39.984283],[-105.269313,39.984874],[-105.269315,39.985686],[-105.276845,39.985685],[-105.277067,39.985696],[-105.27707,39.98576],[-105.277278,39.989293],[-105.277488,39.992791],[-105.27749,39.992885],[-105.277557,39.994028],[-105.27734,39.994029],[-105.276151,39.996108],[-105.277708,39.996594],[-105.27782,39.992876],[-105.282602,39.992733],[-105.28266,39.99353],[-105.283239,39.999962],[-105.283445,39.999962],[-105.284008,39.999961],[-105.284256,39.99996],[-105.285421,39.999959],[-105.285868,39.999959],[-105.286644,39.999961],[-105.286755,39.999961],[-105.286756,40.000061],[-105.287773,40.000056],[-105.290586,40.000061],[-105.291336,40.002],[-105.290852,40.003654],[-105.289133,40.003744],[-105.289173,40.004102],[-105.2902,40.004107],[-105.290198,40.004465],[-105.289928,40.004465],[-105.289812,40.004464],[-105.289673,40.004464],[-105.289181,40.004463],[-105.289179,40.004531],[-105.289296,40.005855],[-105.291431,40.005861],[-105.291427,40.007201],[-105.293986,40.007241],[-105.296091,40.008435],[-105.296159,40.01081],[-105.297034,40.01213],[-105.29858,40.011832],[-105.299359,40.012524],[-105.301069,40.012927],[-105.301432,40.012983],[-105.301004,40.014125],[-105.297895,40.013424],[-105.295972,40.013627],[-105.293927,40.014891],[-105.293934,40.015456],[-105.292191,40.017722],[-105.292074,40.019425],[-105.292941,40.020056],[-105.293351,40.020471],[-105.293474,40.020489],[-105.293766,40.02052],[-105.293887,40.020526],[-105.294316,40.020551],[-105.294451,40.020558],[-105.294517,40.020562],[-105.294857,40.020581],[-105.294901,40.020583],[-105.294936,40.020584],[-105.294963,40.020585],[-105.295042,40.020586],[-105.295063,40.020586],[-105.295146,40.020583],[-105.295183,40.020581],[-105.295228,40.020578],[-105.295332,40.020569],[-105.295369,40.020564],[-105.295445,40.020554],[-105.295466,40.020551],[-105.295792,40.020486],[-105.296068,40.020432],[-105.296234,40.020399],[-105.296063,40.020551],[-105.29863,40.020382],[-105.300141,40.021623],[-105.296884,40.021694],[-105.296646,40.021701],[-105.296545,40.021705],[-105.296517,40.021732],[-105.296515,40.021771],[-105.296501,40.02192],[-105.296479,40.022121],[-105.297324,40.022589],[-105.300787,40.024332],[-105.308103,40.030109],[-105.320798,40.039349],[-105.323378,40.042941],[-105.323638,40.043136],[-105.323711,40.045395],[-105.323767,40.047163],[-105.32322,40.047234],[-105.323244,40.050853],[-105.323743,40.050853],[-105.323665,40.056902],[-105.323342,40.05811],[-105.321056,40.058235],[-105.317782,40.060035],[-105.316764,40.06097],[-105.316768,40.061064],[-105.315263,40.061092],[-105.313045,40.062974],[-105.311335,40.063799],[-105.309627,40.063987],[-105.307532,40.064932],[-105.305765,40.064263],[-105.300728,40.064847],[-105.301028,40.065059],[-105.298864,40.065447],[-105.298826,40.06387],[-105.29733,40.063628],[-105.298198,40.065345],[-105.298736,40.067884],[-105.298501,40.072195],[-105.298358,40.079946],[-105.2822,40.080015],[-105.282139,40.087028],[-105.282132,40.097108],[-105.281977,40.100723],[-105.281985,40.100941],[-105.282135,40.103924],[-105.281822,40.108859],[-105.282132,40.112027],[-105.282292,40.114463],[-105.2823,40.119799],[-105.28231,40.129321],[-105.282306,40.12998],[-105.282278,40.132382],[-105.279758,40.131617],[-105.27739,40.130834],[-105.263509,40.130767],[-105.263536,40.125661],[-105.263256,40.123461],[-105.259158,40.12339],[-105.258806,40.123073],[-105.258829,40.118941],[-105.258836,40.116233],[-105.239931,40.116212],[-105.238718,40.116219],[-105.235112,40.116212],[-105.23518,40.121834],[-105.234827,40.123456],[-105.23087,40.123458],[-105.229865,40.124447],[-105.227852,40.125123],[-105.225853,40.127429],[-105.227098,40.128213],[-105.225885,40.129546],[-105.225704,40.133984],[-105.225703,40.134139],[-105.225663,40.145044],[-105.225665,40.147259],[-105.226643,40.150186],[-105.226348,40.152319],[-105.225162,40.152329],[-105.226643,40.155567],[-105.228569,40.155874],[-105.229142,40.157873],[-105.228435,40.159307],[-105.230519,40.161893],[-105.231737,40.162716],[-105.231515,40.163699],[-105.230012,40.164189],[-105.227429,40.165689],[-105.227293,40.166584],[-105.225619,40.167722],[-105.225741,40.168952],[-105.224904,40.169469],[-105.224776,40.171649],[-105.225751,40.173368],[-105.226986,40.174294],[-105.22092,40.174315],[-105.220935,40.177],[-105.21991,40.176599],[-105.220267,40.17583],[-105.219465,40.175127],[-105.220043,40.174313],[-105.219424,40.172921],[-105.220802,40.171873],[-105.220755,40.169442],[-105.221667,40.167745],[-105.224078,40.165707],[-105.22566,40.164527],[-105.224352,40.163131],[-105.223753,40.163838],[-105.220674,40.163846],[-105.216372,40.163458],[-105.21611,40.161628],[-105.213904,40.159996],[-105.211512,40.159702],[-105.211452,40.162742],[-105.210325,40.162719],[-105.210342,40.164183],[-105.207582,40.163705],[-105.204403,40.162753],[-105.202022,40.162762],[-105.202016,40.159723],[-105.202035,40.152399],[-105.193647,40.152399],[-105.189788,40.151453],[-105.186746,40.151408],[-105.18204,40.152353],[-105.178324,40.15241],[-105.178296,40.157999],[-105.178288,40.159654],[-105.178286,40.160324],[-105.178254,40.166947],[-105.178246,40.168108],[-105.178219,40.174258],[-105.178209,40.176413],[-105.178193,40.177386],[-105.178192,40.177511],[-105.178124,40.187461],[-105.178124,40.187596],[-105.178124,40.187732],[-105.178125,40.188728],[-105.178077,40.19341],[-105.178032,40.196902],[-105.178036,40.197645],[-105.178021,40.203323],[-105.177956,40.212999],[-105.177948,40.214114],[-105.177867,40.229375],[-105.177646,40.232309],[-105.17467,40.232294],[-105.17153,40.232288],[-105.165295,40.232313],[-105.159632,40.232346],[-105.159638,40.233968],[-105.159677,40.239236],[-105.159717,40.246862],[-105.159438,40.253193],[-105.159656,40.254521],[-105.161034,40.255238],[-105.160738,40.256026],[-105.159208,40.257618],[-105.158788,40.259466],[-105.15906,40.261219],[-105.154789,40.261192],[-105.148877,40.261273],[-105.142948,40.261283],[-105.131155,40.261283],[-105.128642,40.261579],[-105.114426,40.261377],[-105.109974,40.261284],[-105.107406,40.261384],[-105.102451,40.261367],[-105.0998,40.261485],[-105.087962,40.261581],[-105.08789,40.261582],[-105.083247,40.261538],[-105.075953,40.261598],[-105.074075,40.261626],[-105.071919,40.261638],[-105.055089,40.261793],[-105.0551,40.25612],[-105.052565,40.256065],[-105.050896,40.256982],[-105.050522,40.258569],[-105.04826,40.259141],[-105.047372,40.25875],[-105.045641,40.259372],[-105.044166,40.261662],[-105.042297,40.261641],[-105.036613,40.26269],[-105.036604,40.262059],[-105.035133,40.262079],[-105.029609,40.262166],[-105.029542,40.263344],[-105.0276,40.264124],[-105.026745,40.264946],[-105.027361,40.262214],[-105.017697,40.262332],[-105.016949,40.26294],[-105.016814,40.263486],[-105.017048,40.264172],[-105.017698,40.26472],[-105.017667,40.265545],[-105.017666,40.265887],[-105.017695,40.26943],[-105.01773,40.273484],[-105.017737,40.282415],[-105.017737,40.283033],[-105.013012,40.283076],[-105.013755,40.283763],[-105.014408,40.286202],[-105.014307,40.28774],[-105.008238,40.287809],[-105.008225,40.281817],[-105.00822,40.281035],[-105.008214,40.276952],[-104.998687,40.277031],[-104.998534,40.277031],[-104.989112,40.277177],[-104.989116,40.269829],[-104.981122,40.269885],[-104.980665,40.269886],[-104.980663,40.270711],[-104.980605,40.277236],[-104.980319,40.277262],[-104.980002,40.27726],[-104.979753,40.277262],[-104.979803,40.270808],[-104.979811,40.269676],[-104.979822,40.268089],[-104.979847,40.264659],[-104.979252,40.262652],[-104.977049,40.262672],[-104.974313,40.26271],[-104.971534,40.262737],[-104.966876,40.262797],[-104.952232,40.262829],[-104.951417,40.262831],[-104.941712,40.262832],[-104.923309,40.262592],[-104.904868,40.262306],[-104.904884,40.254811],[-104.904852,40.247587],[-104.904798,40.240137],[-104.904735,40.233074],[-104.904658,40.225312],[-104.905139,40.219376],[-104.904887,40.210806],[-104.904726,40.204162],[-104.900837,40.204114],[-104.885905,40.204045],[-104.886276,40.232933],[-104.890045,40.232712],[-104.889378,40.235313],[-104.888894,40.239913],[-104.888386,40.245651],[-104.884424,40.246735],[-104.884751,40.2482],[-104.886304,40.24875],[-104.887378,40.249983],[-104.885614,40.25244],[-104.887596,40.254152],[-104.887442,40.254625],[-104.885949,40.255272],[-104.885966,40.257027],[-104.886017,40.262067],[-104.886037,40.265066],[-104.88611,40.276476],[-104.886261,40.290938],[-104.88639,40.301674],[-104.886415,40.305401],[-104.886522,40.319626],[-104.886523,40.31971],[-104.886523,40.319791],[-104.886654,40.327042],[-104.896348,40.327201],[-104.898242,40.327219],[-104.900129,40.327236],[-104.900249,40.327237],[-104.900398,40.327238],[-104.906057,40.327293],[-104.905978,40.320126],[-104.923798,40.320432],[-104.923779,40.327857],[-104.922846,40.328189],[-104.91965,40.329787],[-104.917233,40.331062],[-104.916723,40.331384],[-104.916365,40.331436],[-104.91495,40.33205],[-104.911433,40.333954],[-104.911032,40.334195],[-104.910271,40.334647],[-104.910157,40.334748],[-104.908855,40.334706],[-104.90878,40.334705],[-104.907496,40.334686],[-104.906144,40.334669],[-104.906146,40.334538],[-104.904869,40.334524],[-104.9029,40.334481],[-104.902398,40.33447],[-104.901069,40.334444],[-104.901067,40.334517],[-104.900399,40.334505],[-104.886743,40.334242],[-104.886739,40.334374],[-104.886542,40.341475],[-104.886628,40.344809],[-104.88671,40.348931],[-104.888397,40.348877],[-104.888217,40.357653],[-104.888247,40.363411],[-104.888213,40.370665],[-104.878989,40.370687],[-104.874968,40.370697],[-104.869789,40.37071],[-104.869822,40.37783],[-104.869822,40.377917],[-104.86998,40.377917],[-104.870013,40.392405],[-104.878967,40.392413],[-104.878989,40.385124],[-104.888195,40.385216],[-104.888121,40.392434],[-104.888302,40.392431],[-104.888478,40.39243],[-104.888691,40.392428],[-104.888867,40.392427],[-104.889097,40.392422],[-104.889887,40.392417],[-104.890604,40.39241],[-104.891866,40.392397],[-104.90739,40.392381],[-104.907501,40.392382],[-104.907298,40.406551],[-104.907296,40.406803],[-104.926268,40.406858],[-104.939482,40.406878],[-104.944568,40.406964],[-104.944562,40.407348],[-104.944545,40.408492],[-104.944427,40.414196],[-104.944327,40.421433],[-104.944222,40.435894],[-104.925079,40.435967],[-104.913935,40.435999],[-104.90975,40.436023],[-104.90532,40.436034],[-104.905363,40.436894],[-104.905842,40.439152],[-104.905941,40.439273],[-104.906562,40.441224],[-104.910839,40.444144],[-104.91211,40.448664],[-104.912628,40.450868],[-104.912633,40.450949],[-104.912642,40.45176],[-104.912592,40.455784],[-104.912551,40.4572],[-104.91219,40.458112],[-104.91249,40.458202],[-104.912394,40.459807],[-104.912319,40.460581],[-104.912357,40.461595],[-104.912362,40.463655],[-104.912372,40.465158],[-104.912925,40.466306],[-104.914029,40.466894],[-104.914026,40.46804],[-104.91469,40.468197],[-104.916848,40.470073],[-104.916928,40.471078],[-104.917059,40.471351],[-104.917108,40.472268],[-104.925259,40.472049],[-104.925259,40.471731],[-104.925283,40.468874],[-104.927146,40.4697],[-104.929105,40.471054],[-104.9309,40.472429],[-104.930896,40.476823],[-104.930899,40.477188],[-104.930867,40.478252],[-104.930859,40.479423],[-104.929028,40.479433],[-104.926431,40.479455],[-104.926428,40.480981],[-104.926436,40.482034],[-104.92645,40.483799],[-104.926422,40.485315],[-104.926422,40.4854],[-104.926423,40.485472],[-104.926489,40.486718],[-104.926504,40.488449],[-104.92652,40.49028],[-104.92653,40.492066],[-104.928431,40.492061],[-104.930044,40.492855],[-104.931806,40.493912],[-104.933319,40.493901],[-104.934831,40.49389],[-104.93539,40.493886],[-104.944088,40.493822],[-104.944154,40.504925],[-104.944164,40.508104],[-104.944165,40.508226],[-104.947296,40.508312],[-104.94961,40.508375],[-104.953494,40.510813],[-104.954453,40.50983],[-104.954707,40.509164],[-104.954748,40.508514],[-104.958242,40.50861],[-104.958488,40.506456],[-104.959193,40.506675],[-104.959349,40.504447],[-104.959501,40.503694],[-104.959779,40.502418],[-104.960707,40.502559],[-104.962849,40.502508],[-104.962853,40.501784],[-104.962855,40.501511],[-104.962855,40.501414],[-104.962879,40.499343],[-104.962866,40.498688],[-104.963076,40.486991],[-104.962267,40.486582],[-104.960873,40.485758],[-104.957549,40.485233],[-104.956802,40.482917],[-104.957586,40.480907],[-104.957319,40.479759],[-104.955127,40.479314],[-104.958332,40.479334],[-104.963393,40.479442],[-104.970192,40.479405],[-104.973882,40.479425],[-104.973882,40.479349],[-104.974095,40.47935],[-104.974096,40.479427],[-104.978508,40.479451],[-104.98206,40.479471],[-104.986825,40.479439],[-104.986918,40.47944],[-104.989711,40.479432],[-104.991712,40.479407],[-104.992023,40.479407],[-104.994598,40.479405],[-104.996949,40.479403],[-105.001113,40.479402],[-105.008176,40.479722],[-105.020168,40.480243],[-105.023068,40.48016],[-105.024738,40.481397],[-105.026471,40.482536],[-105.028666,40.483574],[-105.031163,40.482845],[-105.032224,40.481356],[-105.033667,40.480474],[-105.034884,40.480342],[-105.039388,40.4802],[-105.042109,40.480175],[-105.044883,40.480157],[-105.05189,40.480101],[-105.05547,40.480064],[-105.057153,40.480047],[-105.058273,40.480021],[-105.060277,40.480036],[-105.060662,40.480038],[-105.062389,40.480049],[-105.062557,40.480063],[-105.062804,40.480053],[-105.063974,40.480065],[-105.064571,40.480069],[-105.064828,40.480071],[-105.065043,40.480073],[-105.065139,40.480074],[-105.067844,40.480093],[-105.067842,40.480177],[-105.067842,40.483546],[-105.067842,40.484237],[-105.070045,40.484095],[-105.072336,40.48487],[-105.074292,40.484868],[-105.077397,40.485461],[-105.077398,40.484801],[-105.077415,40.480171],[-105.082301,40.480125],[-105.096443,40.479978],[-105.096347,40.486942],[-105.096346,40.487228],[-105.101177,40.487186],[-105.101271,40.480026],[-105.115652,40.480031],[-105.1246,40.480135],[-105.124615,40.472795],[-105.13494,40.47281],[-105.13524,40.472806],[-105.137475,40.472832],[-105.150858,40.472871],[-105.154021,40.472915],[-105.182259,40.473086],[-105.183528,40.472966],[-105.185481,40.476498],[-105.182837,40.476525],[-105.182769,40.477669],[-105.183106,40.478685],[-105.185085,40.479019],[-105.185796,40.480271],[-105.187465,40.48064],[-105.188347,40.47947],[-105.191385,40.47759],[-105.197267,40.477389],[-105.196959,40.475335],[-105.194705,40.468924],[-105.193095,40.46571],[-105.192527,40.464701],[-105.192115,40.462584],[-105.189082,40.453215],[-105.186399,40.446631],[-105.18173,40.43454],[-105.184678,40.434637],[-105.185224,40.434464],[-105.186417,40.434363],[-105.18989,40.43297],[-105.194964,40.432667],[-105.192961,40.428826],[-105.192757,40.425304],[-105.190444,40.42195],[-105.188288,40.418059],[-105.190643,40.417762],[-105.190909,40.417722],[-105.191312,40.417671],[-105.191513,40.417638],[-105.191715,40.417596],[-105.191917,40.417546],[-105.192106,40.417494],[-105.19231,40.417425],[-105.192499,40.417355],[-105.192686,40.417277],[-105.19287,40.417194],[-105.193038,40.417119],[-105.193211,40.417033],[-105.193379,40.416944],[-105.193541,40.416847],[-105.193857,40.416642],[-105.194014,40.416535],[-105.194317,40.41631],[-105.194614,40.416074],[-105.194909,40.415815],[-105.195052,40.415674],[-105.195198,40.415516],[-105.19547,40.415222],[-105.19554,40.415146],[-105.197379,40.413229],[-105.200122,40.412133],[-105.204609,40.411154],[-105.208792,40.41114],[-105.21241,40.410608],[-105.214857,40.411101],[-105.216056,40.412218],[-105.217908,40.414755],[-105.220834,40.418691],[-105.222643,40.42008],[-105.226011,40.421486],[-105.225918,40.421165],[-105.226893,40.421176],[-105.226802,40.417715],[-105.224835,40.417676],[-105.224748,40.416343],[-105.223436,40.415319],[-105.222796,40.414095],[-105.220166,40.410938],[-105.219028,40.407039],[-105.218912,40.40464],[-105.21806,40.398926],[-105.217405,40.396158],[-105.216443,40.394922],[-105.216599,40.38887],[-105.217508,40.387266],[-105.218612,40.386295],[-105.218532,40.385237],[-105.219337,40.383388],[-105.219816,40.380986],[-105.220586,40.37969],[-105.2196,40.377322],[-105.224343,40.37624],[-105.227561,40.37596],[-105.229533,40.375926],[-105.23029,40.375468],[-105.231608,40.378296],[-105.236697,40.378264],[-105.240679,40.378273],[-105.240641,40.381061],[-105.240584,40.385414],[-105.250095,40.385382],[-105.250115,40.384732],[-105.250158,40.381812],[-105.259637,40.381812],[-105.259704,40.383645],[-105.259763,40.385287],[-105.26263,40.38529],[-105.263355,40.385312],[-105.264724,40.385321],[-105.265146,40.385324],[-105.268474,40.385348],[-105.275439,40.385394],[-105.28305,40.385445],[-105.283154,40.374704],[-105.288043,40.374687],[-105.288248,40.373253],[-105.288887,40.37349],[-105.288928,40.367749],[-105.288928,40.366641],[-105.288981,40.363745],[-105.3153,40.363707],[-105.324096,40.363701],[-105.326527,40.363698],[-105.33516,40.36371],[-105.361512,40.363745],[-105.363577,40.363575],[-105.379703,40.363919],[-105.403325,40.364491],[-105.403236,40.349952],[-105.395612,40.349864],[-105.39318,40.331337],[-105.393081,40.329266],[-105.392883,40.320034],[-105.392613,40.309682],[-105.392785,40.309721],[-105.392779,40.307265],[-105.392766,40.303193],[-105.392746,40.288857],[-105.392731,40.270377],[-105.392708,40.270121],[-105.392688,40.257869],[-105.40425,40.257784],[-105.406105,40.257877],[-105.407689,40.257884],[-105.419823,40.258084],[-105.420278,40.258085],[-105.43081,40.258384],[-105.431888,40.258384],[-105.432349,40.258384],[-105.439681,40.258597],[-105.462752,40.259384],[-105.465162,40.259351],[-105.465394,40.259357],[-105.472198,40.259538],[-105.486179,40.259708],[-105.495321,40.259726],[-105.500481,40.260277],[-105.518083,40.260753],[-105.52264,40.260876],[-105.527288,40.260996],[-105.535354,40.261284],[-105.537596,40.261198],[-105.539455,40.261284],[-105.542003,40.261327],[-105.542801,40.26134],[-105.559872,40.261528],[-105.56174,40.261507],[-105.581055,40.261299],[-105.5955,40.260952],[-105.609395,40.260683],[-105.617878,40.260672],[-105.635693,40.260482],[-105.642218,40.260532],[-105.653321,40.260457],[-105.651656,40.258517],[-105.651197,40.257257],[-105.651199,40.254247],[-105.649789,40.252877],[-105.647429,40.251369],[-105.64402,40.249939],[-105.648068,40.249077],[-105.650396,40.249379],[-105.658932,40.249413],[-105.660006,40.248833],[-105.660204,40.245177],[-105.662128,40.243224],[-105.662095,40.242522],[-105.66495,40.238555],[-105.665437,40.23727],[-105.664479,40.235101],[-105.664378,40.233213],[-105.66609,40.231466],[-105.667354,40.230959],[-105.667267,40.229818],[-105.668444,40.22814],[-105.667767,40.226719],[-105.669046,40.224179],[-105.668594,40.223285],[-105.663212,40.220147],[-105.664532,40.219816],[-105.66766,40.22037],[-105.669458,40.220041],[-105.670303,40.219357],[-105.671255,40.217079],[-105.670946,40.214602],[-105.670192,40.213608],[-105.671119,40.212163],[-105.671194,40.209692],[-105.670559,40.207802],[-105.672346,40.206186],[-105.673696,40.204421],[-105.675252,40.203213],[-105.677645,40.202331],[-105.677688,40.201673],[-105.676405,40.199503],[-105.677644,40.197211],[-105.677751,40.192984],[-105.677283,40.19171],[-105.67769,40.190951],[-105.677554,40.188507],[-105.675469,40.186392],[-105.673793,40.185742],[-105.670626,40.185393],[-105.670315,40.183417],[-105.671682,40.182004],[-105.671791,40.180029],[-105.670771,40.178489],[-105.668281,40.176914],[-105.669088,40.176259],[-105.669733,40.174258],[-105.668573,40.17358],[-105.668115,40.170858],[-105.666919,40.169887],[-105.668334,40.169615],[-105.669506,40.168625],[-105.669591,40.167485],[-105.671548,40.166249],[-105.677431,40.167642],[-105.679147,40.168353],[-105.682649,40.168981],[-105.688632,40.166871],[-105.691113,40.166336],[-105.693901,40.165125],[-105.695575,40.162897],[-105.698557,40.161707],[-105.701149,40.162556],[-105.702486,40.162229],[-105.704613,40.16263],[-105.706029,40.163588],[-105.705828,40.165353],[-105.70755,40.167069],[-105.711952,40.168882],[-105.715979,40.168122],[-105.717686,40.168932],[-105.71836,40.169948],[-105.719226,40.172806],[-105.718879,40.173847],[-105.721038,40.175179],[-105.722956,40.177282],[-105.727382,40.179174],[-105.730615,40.17913],[-105.734801,40.177164],[-105.738502,40.176447],[-105.74151,40.175483],[-105.739972,40.177247],[-105.741522,40.179337],[-105.742972,40.179998],[-105.745916,40.182826],[-105.747364,40.185322],[-105.750838,40.185047],[-105.754126,40.183836],[-105.75498,40.181434],[-105.758836,40.179607],[-105.760203,40.180031],[-105.761154,40.180979],[-105.764144,40.182627],[-105.767024,40.182824],[-105.768284,40.182484],[-105.770883,40.183321],[-105.774803,40.183042],[-105.779816,40.18455],[-105.782043,40.186516],[-105.784252,40.1876],[-105.787356,40.18776],[-105.790925,40.187636],[-105.794326,40.188154],[-105.796215,40.188888],[-105.800479,40.189895],[-105.803869,40.189457],[-105.806934,40.189409],[-105.810522,40.187789],[-105.813856,40.186613],[-105.816579,40.186431],[-105.817773,40.187044],[-105.820547,40.18658],[-105.823573,40.186539],[-105.823287,40.184384],[-105.821778,40.182381],[-105.819532,40.180568],[-105.818615,40.178889],[-105.818524,40.177719],[-105.820305,40.175954],[-105.821177,40.175578],[-105.822442,40.172997],[-105.82414,40.171192],[-105.824361,40.169483],[-105.825341,40.16931],[-105.826636,40.167715],[-105.82879,40.16651],[-105.829182,40.164372],[-105.83044,40.161899],[-105.832551,40.160357],[-105.83303,40.158195],[-105.834332,40.157308],[-105.835519,40.157263],[-105.837642,40.158829],[-105.837815,40.159909],[-105.84107,40.158277],[-105.84286,40.159097],[-105.84291,40.160011],[-105.844342,40.160843],[-105.843345,40.161049],[-105.843942,40.1624],[-105.842948,40.164029],[-105.843712,40.165037],[-105.843007,40.166277],[-105.841296,40.16697],[-105.842986,40.167777],[-105.84315,40.168492],[-105.844982,40.168371],[-105.845789,40.168941],[-105.847932,40.171561],[-105.847605,40.172518],[-105.846116,40.173948],[-105.846635,40.174787],[-105.848159,40.174519],[-105.849708,40.175089],[-105.849972,40.174271],[-105.851379,40.173797],[-105.851907,40.171401],[-105.852833,40.171894],[-105.852948,40.173416],[-105.853759,40.175176],[-105.85321,40.176887],[-105.854276,40.177587],[-105.854181,40.178646],[-105.855657,40.180243],[-105.856749,40.183591],[-105.861598,40.183844],[-105.862275,40.182978],[-105.862997,40.183336],[-105.865242,40.183699],[-105.865414,40.182216],[-105.867911,40.182026],[-105.868532,40.181215],[-105.870609,40.180695],[-105.872917,40.183133],[-105.872817,40.184508],[-105.873956,40.186058],[-105.874215,40.188105],[-105.875887,40.19012],[-105.875288,40.191113],[-105.87447,40.192162],[-105.87485,40.193038],[-105.875798,40.192238],[-105.877706,40.19421],[-105.87833,40.193773],[-105.878454,40.19386],[-105.879871,40.192156],[-105.882633,40.188299],[-105.882679,40.188247],[-105.885734,40.18431],[-105.888651,40.183321],[-105.889062,40.18319],[-105.892273,40.181143],[-105.895218,40.178859],[-105.897872,40.176761],[-105.898551,40.176205],[-105.900396,40.174001],[-105.900702,40.172407],[-105.900303,40.170534],[-105.897818,40.163742],[-105.897044,40.162529],[-105.896543,40.162025],[-105.894615,40.16059],[-105.891921,40.158818],[-105.890797,40.157743],[-105.890283,40.156887],[-105.889916,40.156048],[-105.889847,40.155857],[-105.888671,40.152173],[-105.888747,40.150069],[-105.88954,40.148789],[-105.890451,40.146108],[-105.890503,40.144028],[-105.890966,40.142799],[-105.894443,40.140229],[-105.895653,40.13907],[-105.896617,40.136944],[-105.897479,40.127223],[-105.8983,40.125243],[-105.899686,40.123782],[-105.901578,40.12229],[-105.904611,40.120034],[-105.908366,40.117258],[-105.910668,40.116022],[-105.937559,40.105174],[-105.937,40.103237],[-105.938268,40.101689],[-105.938356,40.100558],[-105.938646,40.094631],[-105.938697,40.093234],[-105.938698,40.093219],[-105.938729,40.092744],[-105.938755,40.091841],[-105.93878,40.091364],[-105.938799,40.09098],[-105.938839,40.090167],[-105.938842,40.089675],[-105.938879,40.089157],[-105.938383,40.089088],[-105.936947,40.088938],[-105.936781,40.088921],[-105.936718,40.088915],[-105.936685,40.088911],[-105.936587,40.088902],[-105.936215,40.088865],[-105.936151,40.088859],[-105.936016,40.088846],[-105.93533,40.088769],[-105.935057,40.088739],[-105.935191,40.087975],[-105.935193,40.087964],[-105.935218,40.087826],[-105.935226,40.087781],[-105.935398,40.086893],[-105.935551,40.086002],[-105.935642,40.085525],[-105.935737,40.085025],[-105.93402,40.084858],[-105.932355,40.084697],[-105.931276,40.084469],[-105.930145,40.083432],[-105.929616,40.08197],[-105.929431,40.081463],[-105.927363,40.075178],[-105.927249,40.074833],[-105.926947,40.073927],[-105.926756,40.073353],[-105.926574,40.072826],[-105.926419,40.072377],[-105.926263,40.071919],[-105.926078,40.071354],[-105.925396,40.069156],[-105.924645,40.066538],[-105.926033,40.063372],[-105.926119,40.063218],[-105.927489,40.060555],[-105.927886,40.059831],[-105.928773,40.058189],[-105.930012,40.055657],[-105.933195,40.049733],[-105.93405,40.047955],[-105.935176,40.045856],[-105.935353,40.045331],[-105.935503,40.043621],[-105.935552,40.042173],[-105.935814,40.038441],[-105.936283,40.037059],[-105.93951,40.032235],[-105.94001,40.031037],[-105.940322,40.029387],[-105.940893,40.02621],[-105.941917,40.020292],[-105.941558,40.017841],[-105.940683,40.016128],[-105.939247,40.01435],[-105.937409,40.013307],[-105.93398,40.01288],[-105.931486,40.012869],[-105.927272,40.012005],[-105.924272,40.011158],[-105.921944,40.010153],[-105.92109,40.009322],[-105.921022,40.009249],[-105.920091,40.008182],[-105.917472,40.005413],[-105.919603,40.004676],[-105.920302,40.002968],[-105.921188,40.00243],[-105.923893,40.001872],[-105.924832,40.001228],[-105.925937,39.999171],[-105.925956,39.996557],[-105.926602,39.994405],[-105.926701,39.991191],[-105.926274,39.988767],[-105.927136,39.987724],[-105.928103,39.987973],[-105.930616,39.98766],[-105.936544,39.985801],[-105.940116,39.984424],[-105.93997,39.983025],[-105.940603,39.982483],[-105.944625,39.981963],[-105.943169,39.980007],[-105.943468,39.979354],[-105.946745,39.979043],[-105.94851,39.978555],[-105.950505,39.976716],[-105.951606,39.97617],[-105.952115,39.97577],[-105.953212,39.974233],[-105.959486,39.972745],[-105.96351,39.973316],[-105.964546,39.972892],[-105.965286,39.971319],[-105.966912,39.970386],[-105.969082,39.969809],[-105.971594,39.968599],[-105.973772,39.969376],[-105.974368,39.969378],[-105.9759,39.969074],[-105.976528,39.968927],[-105.977623,39.968512],[-105.980099,39.967212],[-105.980643,39.966831],[-105.982789,39.965753],[-105.988794,39.965679],[-105.990653,39.967771],[-105.994437,39.969551],[-106.000572,39.977037],[-106.001123,39.977165],[-106.002992,39.979323],[-106.00508,39.981133],[-106.006489,39.983438],[-106.008885,39.986337],[-106.012922,39.992662],[-106.014335,39.995855],[-106.01747,39.999985],[-106.018574,40.002636],[-106.021321,40.004859],[-106.029722,40.009111],[-106.031285,40.010699],[-106.029421,40.011697],[-106.026694,40.010749],[-106.024609,40.012619],[-106.02562,40.013307],[-106.028978,40.013138],[-106.02859,40.014319],[-106.027277,40.015778],[-106.026456,40.015922],[-106.02716,40.017123],[-106.027735,40.017363],[-106.029113,40.018653],[-106.034845,40.020461],[-106.036852,40.020835],[-106.038183,40.022428],[-106.0365,40.025728],[-106.037293,40.031273],[-106.03693,40.032253],[-106.035484,40.032863],[-106.03408,40.034152],[-106.032376,40.03311],[-106.029623,40.032172],[-106.02911,40.032315],[-106.029326,40.033973],[-106.030492,40.036829],[-106.03195,40.037675],[-106.032845,40.037283],[-106.035145,40.037958],[-106.035271,40.038677],[-106.033898,40.039958],[-106.034442,40.04154],[-106.036361,40.042249],[-106.036214,40.044287],[-106.037162,40.04598],[-106.038933,40.046652],[-106.040755,40.046565],[-106.043067,40.048877],[-106.044737,40.049418],[-106.042359,40.049172],[-106.040112,40.048353],[-106.039208,40.048683],[-106.033402,40.048413],[-106.03058,40.049878],[-106.031523,40.051178],[-106.031215,40.052427],[-106.028057,40.054908],[-106.024724,40.055871],[-106.019761,40.05513],[-106.013909,40.055501],[-106.012584,40.056916],[-106.012529,40.059249],[-106.013382,40.06186],[-106.013825,40.066157],[-106.012862,40.069786],[-106.00664,40.073193],[-106.002418,40.073712],[-105.998417,40.075738],[-105.998441,40.090755],[-105.998264,40.096349],[-105.998598,40.10704],[-105.998788,40.108597],[-105.998866,40.108887],[-105.998938,40.110029],[-105.99861,40.117197],[-105.998776,40.119593],[-105.999342,40.121135],[-106.00048,40.122475],[-106.001711,40.124952],[-106.003802,40.136426],[-106.006519,40.14419],[-106.009233,40.149391],[-106.013676,40.153226],[-106.019916,40.15383],[-106.027183,40.15425],[-106.03325,40.155304],[-106.037487,40.156488],[-106.040294,40.158862],[-106.042982,40.161994],[-106.050713,40.168981],[-106.055316,40.172751],[-106.056892,40.171759],[-106.05848,40.172835],[-106.060332,40.174892],[-106.062238,40.175107],[-106.065774,40.176691],[-106.066165,40.177636],[-106.068147,40.178706],[-106.072762,40.177938],[-106.07462,40.176458],[-106.076974,40.175117],[-106.078957,40.175892],[-106.080133,40.177271],[-106.081753,40.177503],[-106.081915,40.175293],[-106.08347,40.174402],[-106.084707,40.173555],[-106.087549,40.174499],[-106.090433,40.174183],[-106.093267,40.173237],[-106.0926,40.172104],[-106.093812,40.170529],[-106.094842,40.170425],[-106.099112,40.171512],[-106.10168,40.171001],[-106.104159,40.169874],[-106.107632,40.16735],[-106.108949,40.167018],[-106.108346,40.165137],[-106.108941,40.16438],[-106.110943,40.164578],[-106.112854,40.165263],[-106.114584,40.16667],[-106.117541,40.167913],[-106.118875,40.167733],[-106.12057,40.165371],[-106.123491,40.163911],[-106.122986,40.162829],[-106.135099,40.161466],[-106.137227,40.160621],[-106.138501,40.159613],[-106.139703,40.157654],[-106.139281,40.156326],[-106.140217,40.155354],[-106.142612,40.154175],[-106.144471,40.154167],[-106.146455,40.154832],[-106.148106,40.154582],[-106.150726,40.156772],[-106.153614,40.156858],[-106.155619,40.159799],[-106.154437,40.16029],[-106.154343,40.161459],[-106.153725,40.159928],[-106.153153,40.16122],[-106.150345,40.162312],[-106.149238,40.164154],[-106.146601,40.163697],[-106.14427,40.165609],[-106.143288,40.165854],[-106.143464,40.167056],[-106.142627,40.167376],[-106.139354,40.168301],[-106.139586,40.169017],[-106.138503,40.170705],[-106.13921,40.172904],[-106.136682,40.174765],[-106.135995,40.175705],[-106.135698,40.177869],[-106.136383,40.180329],[-106.138817,40.181155],[-106.138268,40.182669],[-106.138384,40.18464],[-106.139813,40.186648],[-106.138684,40.187516],[-106.140101,40.189659],[-106.139461,40.191958],[-106.139742,40.195321],[-106.139086,40.196212],[-106.138815,40.198001],[-106.140713,40.200032],[-106.142414,40.198342],[-106.147686,40.19311],[-106.147951,40.190702],[-106.148889,40.188467],[-106.150594,40.186486],[-106.149995,40.184438],[-106.151446,40.183397],[-106.152865,40.181184],[-106.153197,40.179253],[-106.155307,40.177591],[-106.157708,40.176391],[-106.160559,40.175978],[-106.163297,40.173315],[-106.163147,40.172264],[-106.166242,40.168738],[-106.167407,40.167876],[-106.170058,40.1673],[-106.174968,40.169412],[-106.176186,40.171283],[-106.17698,40.171707],[-106.178885,40.171165],[-106.180451,40.17141],[-106.180886,40.170757],[-106.187118,40.167829],[-106.189544,40.166164],[-106.193206,40.164027],[-106.195605,40.162885],[-106.197498,40.159694],[-106.199436,40.157089],[-106.200919,40.15592],[-106.201276,40.153521],[-106.202038,40.151467],[-106.203928,40.148114],[-106.203551,40.145397],[-106.202393,40.144292],[-106.200762,40.140721],[-106.200304,40.137189],[-106.201503,40.135787],[-106.202284,40.134148],[-106.204962,40.132877],[-106.204044,40.131418],[-106.203406,40.128533],[-106.202438,40.126273],[-106.199714,40.122921],[-106.198097,40.121345],[-106.196809,40.11899],[-106.193768,40.116156],[-106.192924,40.114838],[-106.1911,40.113136],[-106.190506,40.11173],[-106.189963,40.111137],[-106.189533,40.109962],[-106.18934,40.108688],[-106.189433,40.10827],[-106.189345,40.106457],[-106.189082,40.10598],[-106.188803,40.105124],[-106.188031,40.104355],[-106.187316,40.103767],[-106.186923,40.103152],[-106.187287,40.101977],[-106.18728,40.101263],[-106.186785,40.100366],[-106.185455,40.099073],[-106.184731,40.098198],[-106.184078,40.09691],[-106.183816,40.095424],[-106.183959,40.094552],[-106.184407,40.093977],[-106.184693,40.093286],[-106.18457,40.092482],[-106.184309,40.091781],[-106.183526,40.088709],[-106.182282,40.088187],[-106.181953,40.085952],[-106.182954,40.08492],[-106.182304,40.082487],[-106.182997,40.080713],[-106.18452,40.078588],[-106.18853,40.075485],[-106.188781,40.07342],[-106.190432,40.072278],[-106.192011,40.07029],[-106.193527,40.069559],[-106.193505,40.067039],[-106.192092,40.064897],[-106.196685,40.06572],[-106.202561,40.066513],[-106.207057,40.066818],[-106.211481,40.067076],[-106.220858,40.067648],[-106.22378,40.067668],[-106.228157,40.067107],[-106.234357,40.065498],[-106.23863,40.06357],[-106.240499,40.063167],[-106.247357,40.062673],[-106.250628,40.063129],[-106.255011,40.065225],[-106.257645,40.066157],[-106.265847,40.067655],[-106.268065,40.067777],[-106.271648,40.067301],[-106.278231,40.064679],[-106.280824,40.064545],[-106.283437,40.064866],[-106.28725,40.065243],[-106.289529,40.065122],[-106.294275,40.064059],[-106.294581,40.063979],[-106.294924,40.055967],[-106.29491,40.055664],[-106.294747,40.05193],[-106.295084,40.050499],[-106.295135,40.048991],[-106.296025,40.021799],[-106.296141,40.019368],[-106.296726,40.002157],[-106.296801,40.000005],[-106.294685,40.000025],[-106.294604,39.99189],[-106.294605,39.978625],[-106.293915,39.978544],[-106.29408,39.967153],[-106.293824,39.960629],[-106.294645,39.927985],[-106.294777,39.91892],[-106.294769,39.918696],[-106.294624,39.91396],[-106.325952,39.91375],[-106.338535,39.913703],[-106.343518,39.913798],[-106.362355,39.913736],[-106.366043,39.913787],[-106.367623,39.913822],[-106.375585,39.913636],[-106.380781,39.914002],[-106.380867,39.914006],[-106.387411,39.913912],[-106.395433,39.914016],[-106.395257,39.924589],[-106.407648,39.924766],[-106.419898,39.924826],[-106.434508,39.924914],[-106.442574,39.924804],[-106.44378,39.924948],[-106.472907,39.925109],[-106.485398,39.925045],[-106.486254,39.92525],[-106.500619,39.924986],[-106.522119,39.925032],[-106.527859,39.925166],[-106.534298,39.924947],[-106.553,39.924919],[-106.562052,39.924807],[-106.578486,39.924953],[-106.57902,39.924954],[-106.607927,39.925085],[-106.615157,39.925292],[-106.618779,39.925225],[-106.625591,39.924672],[-106.626569,39.924785],[-106.626555,39.918671],[-106.627563,39.883352],[-106.62763,39.881524],[-106.627665,39.88069],[-106.627681,39.880292],[-106.628615,39.846617],[-106.629112,39.828779],[-106.626319,39.8288],[-106.622843,39.825424],[-106.62266,39.823927],[-106.623503,39.823658],[-106.623789,39.821906],[-106.624975,39.822159],[-106.624793,39.819901],[-106.624172,39.818324],[-106.622341,39.816971],[-106.622195,39.816216],[-106.618783,39.816173],[-106.616169,39.814859],[-106.615537,39.809795],[-106.615882,39.808574],[-106.614107,39.806607],[-106.612032,39.807294],[-106.607732,39.807228],[-106.604573,39.807514],[-106.602149,39.80626],[-106.601681,39.805221],[-106.601423,39.802621],[-106.599938,39.801578],[-106.596591,39.803354],[-106.593213,39.800679],[-106.591226,39.800635],[-106.590232,39.798594],[-106.587715,39.798835],[-106.585638,39.798368],[-106.584021,39.797192],[-106.58283,39.795623],[-106.581499,39.79465],[-106.582234,39.794604],[-106.585255,39.792887],[-106.586098,39.790974],[-106.587997,39.788732],[-106.58892,39.786629],[-106.588779,39.785153],[-106.591646,39.781898],[-106.59241,39.780031],[-106.592616,39.777884],[-106.593822,39.775462],[-106.596651,39.773594],[-106.597279,39.772495],[-106.600108,39.770618],[-106.602515,39.770684],[-106.603661,39.77029],[-106.605484,39.77085],[-106.606744,39.770283],[-106.606682,39.769131],[-106.604723,39.767242],[-106.607575,39.767988],[-106.61001,39.76908],[-106.612507,39.768754],[-106.613603,39.767707],[-106.615803,39.767512],[-106.615102,39.76695],[-106.616532,39.765381],[-106.618036,39.76582],[-106.619742,39.767463],[-106.621522,39.768053],[-106.621065,39.766208],[-106.621611,39.76508],[-106.623145,39.76375],[-106.626383,39.763328],[-106.628131,39.762717],[-106.629513,39.763966],[-106.630119,39.762655],[-106.629525,39.761153],[-106.629487,39.758994],[-106.631053,39.757951],[-106.633708,39.75731],[-106.635444,39.757317],[-106.636227,39.755516],[-106.637594,39.754555],[-106.640575,39.753414],[-106.644056,39.751505],[-106.647883,39.750815],[-106.64996,39.751249],[-106.653567,39.751294],[-106.65593,39.75046],[-106.656646,39.749752],[-106.659822,39.747606],[-106.660328,39.745432],[-106.663081,39.742154],[-106.663132,39.741325],[-106.663378,39.74107],[-106.664782,39.740205],[-106.668553,39.736812],[-106.672693,39.734589],[-106.673916,39.733984],[-106.676184,39.733771],[-106.677145,39.730036],[-106.67861,39.729059],[-106.678951,39.733299],[-106.679421,39.73566],[-106.679121,39.736824],[-106.679054,39.737231],[-106.678381,39.74187],[-106.67767,39.744243],[-106.67518,39.748114],[-106.673814,39.750678],[-106.671358,39.75305],[-106.67101,39.75389],[-106.671152,39.756421],[-106.673164,39.759447],[-106.677127,39.761546],[-106.677796,39.76249],[-106.677805,39.762939],[-106.677795,39.764687],[-106.679175,39.767076],[-106.682053,39.771145],[-106.683394,39.773731],[-106.683409,39.774681],[-106.681758,39.777575],[-106.679594,39.780766],[-106.678006,39.784565],[-106.677927,39.787794],[-106.679827,39.792747],[-106.679648,39.796487],[-106.679833,39.798486],[-106.677662,39.802456],[-106.678444,39.804312],[-106.67759,39.805827],[-106.677945,39.807307],[-106.677847,39.808178],[-106.674543,39.808847],[-106.673681,39.809923],[-106.675503,39.811972],[-106.675731,39.812779],[-106.674641,39.814487],[-106.674047,39.819555],[-106.672644,39.820077],[-106.670155,39.819042],[-106.671043,39.821644],[-106.671165,39.823202],[-106.67274,39.824556],[-106.675633,39.830501],[-106.677013,39.833336],[-106.678561,39.834036],[-106.684136,39.834417],[-106.685646,39.83241],[-106.687964,39.834146],[-106.689047,39.834382],[-106.68961,39.835404],[-106.692017,39.836645],[-106.693334,39.836167],[-106.694923,39.837611],[-106.695686,39.839049],[-106.698243,39.839812],[-106.702681,39.841481],[-106.70526,39.841854],[-106.708707,39.843172],[-106.710794,39.842809],[-106.71368,39.843033],[-106.716879,39.844779],[-106.717236,39.846064],[-106.718569,39.847502],[-106.723178,39.848368],[-106.725844,39.852326],[-106.727256,39.853671],[-106.730463,39.854801],[-106.732295,39.856118],[-106.736441,39.856051],[-106.737525,39.85722],[-106.740583,39.858207],[-106.742494,39.860347],[-106.743499,39.861022],[-106.749308,39.86327],[-106.752667,39.86209],[-106.754584,39.860838],[-106.75696,39.86028],[-106.759132,39.860271],[-106.760957,39.85944],[-106.761567,39.859265],[-106.764497,39.858586],[-106.765979,39.858833],[-106.771558,39.857666],[-106.773175,39.857881],[-106.775426,39.859056],[-106.77743,39.859207],[-106.780102,39.858911],[-106.782361,39.857835],[-106.784037,39.856399],[-106.787305,39.855177],[-106.789606,39.855556],[-106.794051,39.857407],[-106.794984,39.856699],[-106.798283,39.856507],[-106.79983,39.855958],[-106.800691,39.854899],[-106.799808,39.854902],[-106.800515,39.854345],[-106.802582,39.854192],[-106.804113,39.85484],[-106.804626,39.853313],[-106.803308,39.851227],[-106.79959,39.849497],[-106.797667,39.848986],[-106.797275,39.847954],[-106.79756,39.845719],[-106.796905,39.84378],[-106.797041,39.842435],[-106.796116,39.835099],[-106.796473,39.832776],[-106.795664,39.831564],[-106.795445,39.829818],[-106.808908,39.830235],[-106.808929,39.829823],[-106.811891,39.82983],[-106.818524,39.829822],[-106.82115,39.829818],[-106.851011,39.829786],[-106.862594,39.829774],[-106.87511,39.814483],[-106.876629,39.812533],[-106.883575,39.808456],[-106.886575,39.802398],[-106.888621,39.796941],[-106.887985,39.795033],[-106.890114,39.795998],[-106.894836,39.794416],[-106.895486,39.793874],[-106.89596,39.791984],[-106.894666,39.789509],[-106.893624,39.785174],[-106.893468,39.783294],[-106.894831,39.780614],[-106.894818,39.779299],[-106.892005,39.77721],[-106.890419,39.77556],[-106.890697,39.774204],[-106.889974,39.772549],[-106.887736,39.771423],[-106.887243,39.769981],[-106.886525,39.770531],[-106.8845,39.768331],[-106.883776,39.767037],[-106.880678,39.766015],[-106.879049,39.76377],[-106.879166,39.762797],[-106.878271,39.761556],[-106.878679,39.758536],[-106.877932,39.757714],[-106.876796,39.756338],[-106.875868,39.756119],[-106.873873,39.753952],[-106.872946,39.751366],[-106.871552,39.749324],[-106.868135,39.746959],[-106.867644,39.74619],[-106.8652,39.745013],[-106.865165,39.744943],[-106.865065,39.74462],[-106.864929,39.744405],[-106.864687,39.744153],[-106.864381,39.743972],[-106.864075,39.743769],[-106.863897,39.74356],[-106.863371,39.743165],[-106.862951,39.742858],[-106.862687,39.742655],[-106.862652,39.7426],[-106.862332,39.742397],[-106.862068,39.742243],[-106.861905,39.742084],[-106.861663,39.74198],[-106.861108,39.741804],[-106.860816,39.741645],[-106.860588,39.741552],[-106.860389,39.741536],[-106.860126,39.741437],[-106.859962,39.741311],[-106.859855,39.741185],[-106.859699,39.740938],[-106.859606,39.74074],[-106.859542,39.740641],[-106.859414,39.740504],[-106.859186,39.740422],[-106.85908,39.740345],[-106.859023,39.740284],[-106.858958,39.740169],[-106.858866,39.740087],[-106.858688,39.74001],[-106.858624,39.739972],[-106.858446,39.739854],[-106.858389,39.739703],[-106.85836,39.739329],[-106.858232,39.739159],[-106.85794,39.738835],[-106.857834,39.738671],[-106.857705,39.738588],[-106.857535,39.738566],[-106.857279,39.738577],[-106.857137,39.738512],[-106.857008,39.738358],[-106.856895,39.738248],[-106.856638,39.738111],[-106.856553,39.738029],[-106.856546,39.737924],[-106.85656,39.737809],[-106.856524,39.737732],[-106.85646,39.737688],[-106.856375,39.737661],[-106.856304,39.737655],[-106.85614,39.737628],[-106.855991,39.73759],[-106.855891,39.737529],[-106.855841,39.73748],[-106.855763,39.737436],[-106.855599,39.73726],[-106.855407,39.737118],[-106.855037,39.737074],[-106.854931,39.737046],[-106.854859,39.736964],[-106.854753,39.736915],[-106.85466,39.736882],[-106.854482,39.736679],[-106.854369,39.736624],[-106.854148,39.736591],[-106.854013,39.736564],[-106.853878,39.736503],[-106.853735,39.736399],[-106.853614,39.736377],[-106.853472,39.736366],[-106.853366,39.736267],[-106.853266,39.736185],[-106.853024,39.736136],[-106.852964,39.736102],[-106.852916,39.736073],[-106.852756,39.73619],[-106.851795,39.735436],[-106.845415,39.731895],[-106.844966,39.731143],[-106.84338,39.730611],[-106.842575,39.729156],[-106.840676,39.727806],[-106.840234,39.725412],[-106.841365,39.725175],[-106.843092,39.722561],[-106.844384,39.71993],[-106.847553,39.714471],[-106.849357,39.712538],[-106.848824,39.710907],[-106.849818,39.709973],[-106.85045,39.708485],[-106.852588,39.706298],[-106.853349,39.706079],[-106.855525,39.707033],[-106.857979,39.709767],[-106.861138,39.711775],[-106.862184,39.712961],[-106.863314,39.713163],[-106.864874,39.715749],[-106.866581,39.716281],[-106.867069,39.718666],[-106.867559,39.716224],[-106.865722,39.713227],[-106.865522,39.712118],[-106.866423,39.71041],[-106.868391,39.708377],[-106.868376,39.70774],[-106.871437,39.703702],[-106.872862,39.699995],[-106.87279,39.698205],[-106.873889,39.695794],[-106.874023,39.69419],[-106.874797,39.693981],[-106.877772,39.690547],[-106.877738,39.688713],[-106.879019,39.686133],[-106.878897,39.685653],[-106.878793,39.684634],[-106.879811,39.682059],[-106.881247,39.681626],[-106.883437,39.680249],[-106.884191,39.678887],[-106.886467,39.676796],[-106.887343,39.674446],[-106.886015,39.672403],[-106.885939,39.670459],[-106.886565,39.669345],[-106.885642,39.668197],[-106.884941,39.665264],[-106.885602,39.664287],[-106.884956,39.663606],[-106.884922,39.662024],[-106.883282,39.660574],[-106.883716,39.659877],[-106.882125,39.659382],[-106.882069,39.658245],[-106.880833,39.657646],[-106.880429,39.656553],[-106.879016,39.655295],[-106.876467,39.653976],[-106.875562,39.652883],[-106.8748,39.652658],[-106.879069,39.651798],[-106.881008,39.651584],[-106.882413,39.651608],[-106.883365,39.651706],[-106.886987,39.652328],[-106.888681,39.65251],[-106.889516,39.652502],[-106.891295,39.652262],[-106.894609,39.651573],[-106.896115,39.651371],[-106.897392,39.651391],[-106.898666,39.651597],[-106.908808,39.654132],[-106.910158,39.654389],[-106.911205,39.654427],[-106.912704,39.654228],[-106.914528,39.653832],[-106.916138,39.653643],[-106.91712,39.653648],[-106.920804,39.653755],[-106.922479,39.653768],[-106.924229,39.653724],[-106.929494,39.653458],[-106.93113,39.653408],[-106.933076,39.653415],[-106.93924,39.653621],[-106.941096,39.653568],[-106.950311,39.652572],[-106.950955,39.652525],[-106.950956,39.652844],[-106.953957,39.65302],[-106.953943,39.652489],[-106.954335,39.652443],[-106.955453,39.652433],[-106.955432,39.652312],[-106.955389,39.652081],[-106.954984,39.650831],[-106.954056,39.650014],[-106.953812,39.649784],[-106.953335,39.649416],[-106.953139,39.649248],[-106.952537,39.648758],[-106.951605,39.647028],[-106.955051,39.646994],[-106.962252,39.64624],[-106.964424,39.646403],[-106.966614,39.64777],[-106.96937,39.650303],[-106.97564,39.652292],[-106.975838,39.653177],[-106.976342,39.6531],[-106.976783,39.65327],[-106.978233,39.654604],[-106.97846,39.654664],[-106.978716,39.654313],[-106.978381,39.653539],[-106.978331,39.652984],[-106.978558,39.652556],[-106.97902,39.652402],[-106.979053,39.652543],[-106.980437,39.652823],[-106.981236,39.653171],[-106.981677,39.652906],[-106.982328,39.652985],[-106.982694,39.652881],[-106.983588,39.652984],[-106.983815,39.652737],[-106.983457,39.651846],[-106.98367,39.651446],[-106.98433,39.65124],[-106.985363,39.651494],[-106.986841,39.651559],[-106.987213,39.651413],[-106.987293,39.65138],[-106.988066,39.651071],[-106.988252,39.650996],[-106.988339,39.651124],[-106.988384,39.651194],[-106.988438,39.651271],[-106.988464,39.651314],[-106.988686,39.651225],[-106.988901,39.65114],[-106.990869,39.650353],[-106.991335,39.650307],[-106.992921,39.649672],[-106.9938,39.649021],[-106.993975,39.648894],[-106.994058,39.648834],[-106.994802,39.648655],[-106.995167,39.648572],[-106.995371,39.648524],[-106.99548,39.648498],[-106.995538,39.648485],[-106.995861,39.648261],[-106.995861,39.648086],[-106.99586,39.647442],[-106.99586,39.647302],[-106.995861,39.647219],[-106.995861,39.647143],[-106.995857,39.646711],[-106.995857,39.646663],[-106.995857,39.646615],[-106.995857,39.64647],[-106.995942,39.64647],[-107.000764,39.646473],[-107.001181,39.646473],[-107.001796,39.646473],[-107.002971,39.646476],[-107.004303,39.646478],[-107.004818,39.646479],[-107.005388,39.646478],[-107.006855,39.646479],[-107.00848,39.646482],[-107.014517,39.646481],[-107.014517,39.646914],[-107.014517,39.647078],[-107.015294,39.646766],[-107.015602,39.646445],[-107.015694,39.645969],[-107.01561,39.645382],[-107.015267,39.644718],[-107.015423,39.644258],[-107.016215,39.644135],[-107.019362,39.643901],[-107.020303,39.644282],[-107.020885,39.644424],[-107.02225,39.644488],[-107.022875,39.644395],[-107.02421,39.643304],[-107.024482,39.642847],[-107.025034,39.642669],[-107.025887,39.642697],[-107.028077,39.643258],[-107.028479,39.643262],[-107.030064,39.643354],[-107.031131,39.64321],[-107.032155,39.64329],[-107.033289,39.642688],[-107.033657,39.642022],[-107.034583,39.641614],[-107.035239,39.641657],[-107.03604,39.642171],[-107.036567,39.642832],[-107.037212,39.643104],[-107.038146,39.643234],[-107.038886,39.643467],[-107.039983,39.643409],[-107.041417,39.642905],[-107.042101,39.642217],[-107.042853,39.641904],[-107.04402,39.641771],[-107.045875,39.642107],[-107.046687,39.642346],[-107.048026,39.642888],[-107.049539,39.643285],[-107.049435,39.643055],[-107.052887,39.644304],[-107.05301,39.644301],[-107.053133,39.644292],[-107.053255,39.644277],[-107.053375,39.644256],[-107.053493,39.644228],[-107.053608,39.644194],[-107.05372,39.644154],[-107.053821,39.644114],[-107.053868,39.644206],[-107.053885,39.64424],[-107.053965,39.644397],[-107.053998,39.644461],[-107.054055,39.644574],[-107.055216,39.644571],[-107.056792,39.646218],[-107.056741,39.646119],[-107.058815,39.645061],[-107.059956,39.643872],[-107.060922,39.641429],[-107.061738,39.640726],[-107.065751,39.639677],[-107.06786,39.639914],[-107.068407,39.641138],[-107.070374,39.642406],[-107.073975,39.643784],[-107.07688,39.644503],[-107.078274,39.643952],[-107.081063,39.642092],[-107.082305,39.64039],[-107.086075,39.637276],[-107.089328,39.637456],[-107.092643,39.636346],[-107.094105,39.634468],[-107.095561,39.634413],[-107.099452,39.632649],[-107.099685,39.631397],[-107.100863,39.629832],[-107.101848,39.626026],[-107.103139,39.624983],[-107.105327,39.62428],[-107.10707,39.624636],[-107.1092,39.624899],[-107.113865,39.624463],[-107.113864,39.624201],[-107.113686,39.60214],[-107.113599,39.591336],[-107.113703,39.566381],[-107.113745,39.556471],[-107.11388,39.524607],[-107.113947,39.508613],[-107.113633,39.499831],[-107.113608,39.495476],[-107.113577,39.49008],[-107.113643,39.487268],[-107.113643,39.486866],[-107.113653,39.472369],[-107.113654,39.472001],[-107.113659,39.46728],[-107.113662,39.465331],[-107.113624,39.460034],[-107.113561,39.452899],[-107.113549,39.446401],[-107.113542,39.442401],[-107.11354,39.44118],[-107.11353,39.435943],[-107.113525,39.432336],[-107.113529,39.431953],[-107.113567,39.428106],[-107.113583,39.425219],[-107.113584,39.421304],[-107.113585,39.414053],[-107.113591,39.412026],[-107.113613,39.405799],[-107.11361,39.40402],[-107.113609,39.401808],[-107.113609,39.401589],[-107.113611,39.400261],[-107.113613,39.398236],[-107.113616,39.395962],[-107.117502,39.396106],[-107.119246,39.397249],[-107.122283,39.397827],[-107.125023,39.399307],[-107.126908,39.399773],[-107.13143,39.401429],[-107.132857,39.402237],[-107.136849,39.402895],[-107.140186,39.402259],[-107.142631,39.40079],[-107.145382,39.400793],[-107.148287,39.399561],[-107.151912,39.399234],[-107.154069,39.399658],[-107.155777,39.400264],[-107.160475,39.401011],[-107.162898,39.402265],[-107.165691,39.402234],[-107.168163,39.40331],[-107.169691,39.403344],[-107.173092,39.405235],[-107.173993,39.404896],[-107.177474,39.40482],[-107.181759,39.405384],[-107.185966,39.408185],[-107.187595,39.407988],[-107.19148,39.408195],[-107.194831,39.411219],[-107.196069,39.411383],[-107.197786,39.410368],[-107.200199,39.410267],[-107.201713,39.41085],[-107.202595,39.412901],[-107.203976,39.413156],[-107.205374,39.415166],[-107.207005,39.415302],[-107.209053,39.414806],[-107.213938,39.415243],[-107.215857,39.414703],[-107.219367,39.414332],[-107.219913,39.41449],[-107.218226,39.413427],[-107.21823,39.412583],[-107.217748,39.412109],[-107.217312,39.41146],[-107.215931,39.408887],[-107.215579,39.408323],[-107.215561,39.407248],[-107.215556,39.407137],[-107.215544,39.404727],[-107.215529,39.404154],[-107.211261,39.402416],[-107.211234,39.401724],[-107.212839,39.401684],[-107.212852,39.400932],[-107.212854,39.400527],[-107.214189,39.400522],[-107.215479,39.400828],[-107.217973,39.401147],[-107.219682,39.401104],[-107.218725,39.399631],[-107.21845,39.399274],[-107.218093,39.398834],[-107.217098,39.397811],[-107.216683,39.397495],[-107.215454,39.396891],[-107.213825,39.396562],[-107.21182,39.395678],[-107.21169,39.395574],[-107.209512,39.392523],[-107.211268,39.39203],[-107.212365,39.391846],[-107.213881,39.391485],[-107.213733,39.389629],[-107.211427,39.387859],[-107.208944,39.386646],[-107.208303,39.387335],[-107.207822,39.387626],[-107.207788,39.387672],[-107.207762,39.387725],[-107.207736,39.387781],[-107.207655,39.388055],[-107.207648,39.388083],[-107.20762,39.388166],[-107.206981,39.388825],[-107.206179,39.387577],[-107.205513,39.386589],[-107.204991,39.385784],[-107.204078,39.3842],[-107.203432,39.382617],[-107.203094,39.381328],[-107.202981,39.380625],[-107.202837,39.377809],[-107.203223,39.365987],[-107.202431,39.365964],[-107.192563,39.365979],[-107.16104,39.366036],[-107.160916,39.359573],[-107.165672,39.359497],[-107.165507,39.356043],[-107.160827,39.356031],[-107.160321,39.340427],[-107.159967,39.327747],[-107.144779,39.327941],[-107.144356,39.327928],[-107.137451,39.328],[-107.137424,39.322163],[-107.13738,39.320536],[-107.137363,39.319776],[-107.137312,39.319304],[-107.137355,39.319274],[-107.137354,39.317834],[-107.137267,39.30846],[-107.137248,39.306654],[-107.149117,39.306635],[-107.150138,39.305967],[-107.151205,39.304073],[-107.150839,39.302719],[-107.149496,39.302033],[-107.148299,39.300451],[-107.148192,39.29884],[-107.145828,39.297361],[-107.143902,39.295063],[-107.143558,39.293258],[-107.141808,39.291768],[-107.141034,39.289205],[-107.142626,39.287816],[-107.142054,39.286538],[-107.140076,39.285916],[-107.138171,39.284654],[-107.137138,39.283493],[-107.135247,39.278473],[-107.136307,39.277507],[-107.13918,39.276184],[-107.141717,39.274705],[-107.142625,39.27331],[-107.143608,39.27314],[-107.144023,39.269643],[-107.145556,39.268688],[-107.145467,39.268059],[-107.146703,39.267153],[-107.145955,39.265842],[-107.146974,39.265022],[-107.149726,39.263683],[-107.152507,39.260631],[-107.155233,39.256906],[-107.14747,39.249984],[-107.145266,39.246779],[-107.145736,39.24423],[-107.147444,39.240129],[-107.147717,39.237443],[-107.14575,39.233471],[-107.143727,39.231806],[-107.142241,39.231012],[-107.144421,39.229597],[-107.140477,39.226546],[-107.138616,39.226248],[-107.135119,39.218956],[-107.134747,39.217319],[-107.133854,39.216128],[-107.13058,39.213152],[-107.127146,39.207015],[-107.126152,39.202436],[-107.126242,39.200065],[-107.119862,39.196472],[-107.120841,39.195251],[-107.121275,39.193673],[-107.120613,39.189568],[-107.11943,39.180139],[-107.11837,39.178353],[-107.11675,39.169642],[-107.113587,39.167087],[-107.102269,39.167209],[-107.096915,39.161002],[-107.093508,39.148225],[-107.081339,39.138368],[-107.075863,39.131067],[-107.073314,39.130399],[-107.069693,39.124987],[-107.068683,39.124472],[-107.066377,39.121553],[-107.06696,39.119475],[-107.06632,39.118805],[-107.06317,39.116425],[-107.062924,39.115401],[-107.06019,39.111958],[-107.055394,39.110809],[-107.053233,39.110573],[-107.051747,39.109089],[-107.050769,39.106783],[-107.049788,39.106154],[-107.048593,39.104283],[-107.044754,39.100845],[-107.040725,39.099084],[-107.037806,39.096107],[-107.03633,39.094928],[-107.034171,39.094474],[-107.031733,39.093472],[-107.030079,39.093429],[-107.029266,39.091913],[-107.026229,39.09091],[-107.019565,39.08937],[-107.017967,39.087619],[-107.015253,39.085681],[-107.012486,39.08438],[-107.010939,39.083048],[-107.009282,39.080483],[-107.005705,39.076754],[-107.00555,39.076249],[-107.004254,39.074497],[-107.003056,39.074253],[-107.001468,39.07313],[-107.000601,39.071904],[-106.996958,39.069348],[-106.994246,39.069645],[-106.989119,39.070678],[-106.988506,39.069579],[-106.986821,39.067162],[-106.986278,39.064275],[-106.9864,39.06247],[-106.989086,39.060998],[-106.990047,39.061014],[-106.99085,39.060041],[-106.991058,39.058525],[-106.989326,39.055479],[-106.989756,39.05198],[-106.993248,39.051322],[-106.996836,39.049343],[-106.997811,39.048055],[-106.997726,39.046235],[-106.999674,39.042772],[-107.001622,39.042273],[-106.999386,39.038876],[-106.996898,39.035667],[-106.996145,39.034175],[-106.991441,39.032709],[-106.98801,39.030797],[-106.981988,39.030347],[-106.979526,39.030762],[-106.977627,39.029932],[-106.973785,39.028884],[-106.971144,39.028986],[-106.968068,39.029921],[-106.967337,39.030853],[-106.964307,39.029581],[-106.963943,39.028513],[-106.965231,39.023324],[-106.96413,39.021061],[-106.965022,39.018928],[-106.964695,39.017545],[-106.962932,39.01681],[-106.960781,39.016425],[-106.958107,39.015512],[-106.95519,39.016631],[-106.95098,39.0166],[-106.948336,39.01472],[-106.946077,39.014803],[-106.944638,39.014427],[-106.940707,39.011116],[-106.937815,39.008255],[-106.935762,39.007418],[-106.935065,39.006078],[-106.932847,39.005298],[-106.928392,39.004559],[-106.923326,39.001925],[-106.921533,39.00123],[-106.917875,38.999184],[-106.915372,38.999504],[-106.911581,38.999991],[-106.91108,39.000646],[-106.910073,38.999991],[-106.908439,38.99635],[-106.907631,38.995085],[-106.908196,38.992579],[-106.906422,38.992091],[-106.902726,38.992053],[-106.900328,38.992491],[-106.895899,38.990106],[-106.893133,38.989525],[-106.891198,38.991022],[-106.886893,38.991031],[-106.884353,38.990406],[-106.883699,38.991365],[-106.882053,38.992429],[-106.878041,38.994275],[-106.877615,38.996458],[-106.876815,38.997314],[-106.876634,38.999991],[-106.878672,39.002862],[-106.878749,39.004002],[-106.87809,39.005909],[-106.87649,39.00694],[-106.874704,39.006988],[-106.870522,39.00655],[-106.868968,39.007268],[-106.867752,39.006859],[-106.865156,39.008371],[-106.861687,39.009439],[-106.859823,39.008294],[-106.859128,39.006482],[-106.859547,39.005729],[-106.858308,39.003677],[-106.858333,39.002942],[-106.856821,39.001131],[-106.856945,38.999991],[-106.854835,38.996912],[-106.852882,38.995601],[-106.851039,38.993724],[-106.849693,38.991469],[-106.848979,38.989333],[-106.846898,38.987007],[-106.843863,38.985705],[-106.840848,38.985612],[-106.839678,38.984613],[-106.835917,38.983579],[-106.835413,38.982045],[-106.834269,38.980844],[-106.83207,38.980772],[-106.831384,38.979732],[-106.829602,38.978605],[-106.827248,38.97772],[-106.824338,38.978975],[-106.82363,38.979476],[-106.819363,38.980064],[-106.81693,38.981383],[-106.815275,38.98035],[-106.812442,38.979706],[-106.810684,38.978682],[-106.808277,38.978992],[-106.804665,38.978536],[-106.804243,38.978139],[-106.801874,38.978303],[-106.799689,38.97965],[-106.800246,38.982176],[-106.797427,38.983331],[-106.796591,38.984166],[-106.794606,38.984825],[-106.790689,38.984131],[-106.78765,38.984329],[-106.783989,38.986916],[-106.782214,38.990743],[-106.782575,38.992424],[-106.783592,38.993951],[-106.78372,38.995814],[-106.783192,38.99742],[-106.782082,38.99888],[-106.782514,38.99927],[-106.780132,38.99978],[-106.779955,39.000361],[-106.778119,39.001278],[-106.775011,39.006125],[-106.773551,39.006813],[-106.769727,39.007428],[-106.768594,39.008169],[-106.768175,39.010231],[-106.765266,39.01207],[-106.762419,39.014897],[-106.761603,39.016184],[-106.761903,39.019301],[-106.757367,39.01971],[-106.756411,39.020293],[-106.755083,39.021143],[-106.754547,39.022593],[-106.751343,39.025794],[-106.747018,39.026967],[-106.745287,39.026818],[-106.744966,39.029646],[-106.745846,39.032015],[-106.746611,39.035535],[-106.747183,39.04002],[-106.747988,39.041358],[-106.749357,39.042528],[-106.746622,39.042663],[-106.744642,39.043521],[-106.74214,39.043997],[-106.740695,39.045906],[-106.73898,39.046105],[-106.737136,39.045036],[-106.73461,39.044915],[-106.732086,39.046365],[-106.729496,39.046477],[-106.724578,39.045323],[-106.722661,39.045157],[-106.721297,39.046228],[-106.717218,39.048297],[-106.713325,39.048601],[-106.710315,39.047573],[-106.709589,39.048753],[-106.709394,39.050397],[-106.707851,39.053458],[-106.705679,39.05479],[-106.703045,39.055917],[-106.702091,39.055467],[-106.698651,39.055806],[-106.69755,39.055532],[-106.694969,39.055667],[-106.692996,39.055065],[-106.691544,39.053103],[-106.690843,39.051349],[-106.687963,39.049796],[-106.68615,39.047897],[-106.685314,39.045383],[-106.683099,39.045158],[-106.681465,39.045533],[-106.679096,39.045186],[-106.6765,39.045764],[-106.674054,39.045811],[-106.673182,39.04466],[-106.67086,39.043838],[-106.668077,39.043689],[-106.666936,39.042552],[-106.665437,39.04196],[-106.662859,39.041901],[-106.658948,39.04359],[-106.655492,39.04442],[-106.652667,39.041899],[-106.651927,39.040838],[-106.65222,39.038913],[-106.650274,39.037036],[-106.648234,39.036045],[-106.646846,39.033285],[-106.646527,39.030847],[-106.647097,39.029811],[-106.649882,39.027356],[-106.65005,39.026333],[-106.64896,39.024455],[-106.648392,39.022152],[-106.644494,39.021293],[-106.64411,39.020742],[-106.641157,39.020188],[-106.638334,39.019223],[-106.637887,39.014704],[-106.63324,39.012105],[-106.630041,39.01221],[-106.629713,39.010506],[-106.627633,39.007902],[-106.62475,39.006053],[-106.624174,39.003635],[-106.623015,39.003157],[-106.619311,39.002593],[-106.617552,39.001741],[-106.615718,38.999992],[-106.614664,38.999992],[-106.613955,38.998892],[-106.613502,38.996318],[-106.6116,38.995434],[-106.608473,38.996087],[-106.607697,38.995941],[-106.603098,38.996818],[-106.601114,38.997999],[-106.599214,38.997994],[-106.595509,38.991277],[-106.594153,38.990936],[-106.590433,38.991271],[-106.586802,38.992694],[-106.585595,38.992697],[-106.582769,38.991476],[-106.58094,38.99197],[-106.579523,38.991702],[-106.577161,38.990444],[-106.574721,38.992821],[-106.568522,38.994478],[-106.566129,38.993792],[-106.562855,38.996403],[-106.561554,38.997004],[-106.560427,38.998232],[-106.559101,38.998624],[-106.556184,38.99812],[-106.554211,38.998711],[-106.552183,38.993476],[-106.551234,38.992075],[-106.550163,38.991545],[-106.546762,38.991078],[-106.544267,38.989144],[-106.54215,38.988277],[-106.536053,38.983491],[-106.534179,38.982292],[-106.53202,38.981386],[-106.528389,38.980727],[-106.526287,38.976588],[-106.524626,38.972316],[-106.524423,38.971093],[-106.521861,38.968666],[-106.523147,38.965535],[-106.524056,38.964205],[-106.525845,38.963124],[-106.528511,38.959883],[-106.526286,38.955052],[-106.523122,38.954445],[-106.52201,38.953875],[-106.519877,38.953969],[-106.518284,38.951517],[-106.5167,38.950347],[-106.515738,38.948664],[-106.513195,38.947487],[-106.508077,38.94589],[-106.507162,38.946092],[-106.505313,38.9444],[-106.505839,38.94292],[-106.505584,38.939457],[-106.504371,38.936849],[-106.502695,38.936445],[-106.501793,38.935293],[-106.500583,38.934748],[-106.49876,38.93469],[-106.496258,38.93347],[-106.493856,38.931089],[-106.490714,38.929685],[-106.489938,38.926316],[-106.487359,38.923507],[-106.485652,38.922108],[-106.48212,38.92093],[-106.480905,38.918643],[-106.474912,38.916123],[-106.472209,38.915927],[-106.470044,38.913053],[-106.46901,38.912394],[-106.467483,38.91226],[-106.465032,38.910354],[-106.461941,38.911303],[-106.45873,38.910108],[-106.457811,38.910078],[-106.453808,38.912755],[-106.449951,38.913012],[-106.448005,38.914362],[-106.446065,38.913866],[-106.443705,38.914652],[-106.44215,38.915574],[-106.439333,38.915458],[-106.437175,38.914906],[-106.436953,38.916317],[-106.434864,38.918184],[-106.434333,38.919999],[-106.432062,38.923043],[-106.430262,38.924909],[-106.427448,38.925922],[-106.424952,38.926095],[-106.421831,38.928068],[-106.419354,38.927677],[-106.418227,38.92663],[-106.418244,38.925396],[-106.41718,38.920898],[-106.415627,38.91853],[-106.414274,38.918129],[-106.413166,38.916268],[-106.412091,38.915665],[-106.407602,38.914762],[-106.406071,38.912982],[-106.404977,38.912669],[-106.403208,38.910865],[-106.402124,38.910617],[-106.399497,38.911943],[-106.393959,38.912249],[-106.393075,38.913702],[-106.393386,38.914427],[-106.392991,38.917718],[-106.392344,38.918775],[-106.388994,38.919981],[-106.386913,38.921121],[-106.386257,38.922969],[-106.383451,38.922964],[-106.382999,38.923932],[-106.380836,38.925685],[-106.38036,38.924871],[-106.376982,38.922674],[-106.377168,38.917981],[-106.376495,38.916772],[-106.376699,38.915723],[-106.375745,38.913039],[-106.376222,38.909539],[-106.37344,38.906608],[-106.372211,38.906397],[-106.367482,38.906917],[-106.365773,38.909871],[-106.361544,38.912339],[-106.357073,38.912945],[-106.353035,38.910936],[-106.351501,38.909888],[-106.347334,38.908467],[-106.34673,38.9076],[-106.345241,38.907067],[-106.344049,38.907606],[-106.338128,38.90872],[-106.334984,38.911666],[-106.331056,38.911695],[-106.327884,38.911051],[-106.326099,38.911004],[-106.324894,38.908317],[-106.325118,38.908009],[-106.324115,38.904796],[-106.32472,38.902929],[-106.322889,38.898019],[-106.320863,38.89586],[-106.320555,38.894708],[-106.321313,38.892599],[-106.323019,38.891807],[-106.32471,38.890515],[-106.326039,38.888927],[-106.326697,38.887318],[-106.326446,38.884101],[-106.327505,38.882297],[-106.330522,38.881772],[-106.332483,38.880696],[-106.334065,38.881309],[-106.334344,38.880057],[-106.335245,38.87927],[-106.336068,38.876313],[-106.336779,38.874994],[-106.335846,38.87229],[-106.336188,38.87188],[-106.338819,38.871723],[-106.340854,38.870783],[-106.342674,38.869351],[-106.34478,38.868605],[-106.346982,38.867213],[-106.34925,38.864386],[-106.34898,38.86191],[-106.349106,38.858209],[-106.348906,38.856338],[-106.349303,38.854887],[-106.352693,38.855634],[-106.356891,38.855318],[-106.360566,38.8538],[-106.362372,38.853376],[-106.3643,38.853419],[-106.365378,38.851719],[-106.365371,38.847606],[-106.364458,38.846185],[-106.366442,38.844681],[-106.368357,38.842087],[-106.370126,38.840485],[-106.370204,38.838719],[-106.371525,38.838075],[-106.374579,38.837386],[-106.37601,38.836416],[-106.378819,38.836125],[-106.37902,38.835132],[-106.382822,38.831579],[-106.383589,38.828504],[-106.383632,38.824705],[-106.387848,38.823804],[-106.391269,38.82276],[-106.395024,38.822393],[-106.397529,38.823134],[-106.399021,38.825298],[-106.403505,38.826597],[-106.405284,38.828398],[-106.406987,38.829334],[-106.409307,38.827888],[-106.411888,38.825736],[-106.416263,38.82385],[-106.415334,38.819442],[-106.415045,38.815282],[-106.416025,38.813787],[-106.420551,38.811609],[-106.421018,38.810414],[-106.422432,38.809296],[-106.422711,38.807633],[-106.420666,38.804149],[-106.418581,38.802954],[-106.417911,38.800691],[-106.415055,38.799636],[-106.414363,38.795203],[-106.41287,38.790911],[-106.413091,38.789999],[-106.414518,38.789445],[-106.416586,38.787623],[-106.416635,38.785196],[-106.416033,38.784101],[-106.414737,38.780186],[-106.413816,38.779093],[-106.415498,38.774417],[-106.415498,38.772441],[-106.416426,38.770946],[-106.417452,38.770474],[-106.418058,38.76827],[-106.419259,38.766],[-106.417143,38.764435],[-106.416265,38.761728],[-106.416149,38.759237],[-106.415099,38.757095],[-106.41728,38.755426],[-106.419953,38.751529],[-106.419637,38.749995],[-106.418401,38.74915],[-106.418011,38.742028],[-106.418658,38.739632],[-106.42005,38.738805],[-106.418493,38.735304],[-106.416752,38.733756],[-106.416665,38.727814],[-106.417431,38.725675],[-106.419185,38.723989],[-106.423467,38.720847],[-106.422786,38.718857],[-106.423222,38.716166],[-106.424709,38.712693],[-106.425275,38.710307],[-106.429468,38.709811],[-106.431656,38.708708],[-106.434437,38.709211],[-106.438142,38.708631],[-106.443493,38.709231],[-106.44468,38.708037],[-106.444553,38.706926],[-106.44553,38.705533],[-106.448313,38.704928],[-106.449421,38.702945],[-106.450135,38.70266],[-106.452126,38.698777],[-106.451867,38.698343],[-106.451054,38.695365],[-106.448358,38.692945],[-106.446183,38.689832],[-106.445959,38.688988],[-106.440176,38.68687],[-106.437861,38.6825],[-106.437032,38.679375],[-106.437055,38.678069],[-106.438072,38.676635],[-106.436179,38.673735],[-106.435907,38.67115],[-106.43409,38.668878],[-106.432209,38.667921],[-106.43114,38.665066],[-106.431317,38.663289],[-106.429088,38.65762],[-106.430159,38.653468],[-106.429545,38.651235],[-106.427139,38.650673],[-106.424037,38.648846],[-106.421804,38.646789],[-106.420179,38.6467],[-106.418164,38.645188],[-106.417223,38.644919],[-106.414676,38.645407],[-106.411752,38.647029],[-106.407944,38.647679],[-106.407174,38.647159],[-106.404184,38.646732],[-106.401719,38.645783],[-106.401507,38.643076],[-106.402238,38.642163],[-106.401189,38.639702],[-106.398468,38.639748],[-106.397267,38.640297],[-106.392825,38.640085],[-106.390164,38.641034],[-106.38899,38.640897],[-106.386632,38.639656],[-106.385788,38.638627],[-106.383164,38.638922],[-106.379899,38.638483],[-106.380362,38.637057],[-106.381919,38.635415],[-106.384177,38.633827],[-106.385174,38.632362],[-106.386269,38.627783],[-106.385925,38.626719],[-106.385368,38.624995],[-106.384208,38.623869],[-106.382641,38.623416],[-106.382125,38.621719],[-106.379149,38.620118],[-106.37558,38.621224],[-106.374393,38.620791],[-106.369126,38.618678],[-106.365251,38.615899],[-106.363843,38.613625],[-106.363646,38.610224],[-106.364697,38.605889],[-106.362608,38.603493],[-106.362052,38.602346],[-106.359822,38.600605],[-106.359317,38.599393],[-106.361235,38.59588],[-106.361024,38.594487],[-106.358188,38.592713],[-106.357242,38.591037],[-106.355951,38.5901],[-106.355449,38.587936],[-106.353139,38.58518],[-106.3513,38.58349],[-106.35342,38.581467],[-106.351975,38.578837],[-106.351673,38.576905],[-106.350905,38.576462],[-106.349877,38.574764],[-106.347383,38.572598],[-106.344619,38.568564],[-106.346867,38.565104],[-106.346681,38.562783],[-106.347451,38.561041],[-106.346641,38.558864],[-106.350144,38.555583],[-106.35083,38.553777],[-106.350543,38.552667],[-106.352034,38.551691],[-106.353533,38.549973],[-106.353584,38.547133],[-106.354964,38.542868],[-106.353706,38.53922],[-106.354543,38.536146],[-106.354185,38.533384],[-106.350423,38.53145],[-106.347131,38.528761],[-106.346408,38.526253],[-106.345032,38.524494],[-106.344063,38.522585],[-106.342597,38.521537],[-106.343703,38.51746],[-106.345044,38.516671],[-106.345813,38.51496],[-106.348108,38.512499],[-106.347269,38.511484],[-106.3466,38.509661],[-106.345455,38.50823],[-106.345425,38.507134],[-106.34423,38.50459],[-106.342824,38.50288],[-106.341359,38.502412],[-106.338962,38.50081],[-106.338879,38.49926],[-106.337741,38.497862],[-106.336308,38.49665],[-106.332465,38.49453],[-106.330169,38.49369],[-106.327844,38.497329],[-106.326289,38.497206],[-106.323024,38.496944],[-106.320109,38.497691],[-106.319883,38.496883],[-106.31832,38.495155],[-106.315546,38.494477],[-106.311756,38.494961],[-106.310535,38.491228],[-106.309633,38.490561],[-106.309422,38.489463],[-106.309428,38.489147],[-106.309297,38.487963],[-106.30825,38.485868],[-106.306809,38.484141],[-106.306484,38.482341],[-106.304121,38.480052],[-106.304547,38.478708],[-106.303015,38.476957],[-106.29982,38.475718],[-106.295598,38.475586],[-106.292991,38.474802],[-106.290332,38.473253],[-106.290494,38.471802],[-106.289396,38.470465],[-106.290026,38.466857],[-106.289138,38.464328],[-106.289281,38.462756],[-106.288532,38.461373],[-106.283807,38.456794],[-106.280609,38.454337],[-106.277246,38.454282],[-106.272655,38.455196],[-106.27179,38.452442],[-106.272247,38.448776],[-106.274119,38.446886],[-106.272152,38.446389],[-106.270484,38.44552],[-106.268555,38.443543],[-106.266071,38.441735],[-106.261333,38.442355],[-106.253087,38.441003],[-106.250103,38.439556],[-106.245363,38.439171],[-106.248141,38.436029],[-106.249484,38.433244],[-106.248384,38.428156],[-106.248618,38.426043],[-106.24791,38.423959],[-106.24694,38.422768],[-106.224616,38.422693],[-106.176197,38.422386],[-106.172975,38.422394],[-106.131062,38.422112],[-106.130646,38.42211],[-106.129399,38.422106],[-106.128984,38.422105],[-106.128687,38.422114],[-106.125571,38.422092],[-106.100438,38.422207],[-106.08813,38.42228],[-106.087615,38.42253],[-106.086068,38.424113],[-106.084078,38.422876],[-106.080137,38.423538],[-106.076535,38.423652],[-106.074555,38.424979],[-106.074282,38.426503],[-106.07213,38.427387],[-106.071212,38.429159],[-106.069773,38.429875],[-106.069237,38.431237],[-106.070226,38.432005],[-106.068832,38.432937],[-106.066402,38.433796],[-106.065144,38.435874],[-106.064046,38.436654],[-106.062602,38.4392],[-106.062089,38.439384],[-106.058838,38.443209],[-106.057982,38.444691],[-106.059111,38.448364],[-106.060378,38.448818],[-106.062244,38.45033],[-106.060043,38.452737],[-106.06031,38.454964],[-106.058571,38.456945],[-106.055684,38.45489],[-106.052074,38.454221],[-106.050866,38.454364],[-106.049091,38.455272],[-106.043234,38.457671],[-106.042771,38.458267],[-106.041598,38.457256],[-106.03601,38.455115],[-106.033554,38.454479],[-106.030665,38.453538],[-106.02354,38.453917],[-106.021489,38.454469],[-106.019043,38.454423],[-106.018054,38.453687],[-106.016917,38.451796],[-106.01768,38.448693],[-106.015977,38.447624],[-106.010751,38.446566],[-106.012304,38.445357],[-106.0127,38.444124],[-106.012483,38.442462],[-106.012789,38.440777],[-106.012307,38.438945],[-106.011016,38.437231],[-106.008662,38.435459],[-106.007934,38.433715],[-106.006477,38.432518],[-106.00193,38.431466],[-106.001038,38.429923],[-106.000303,38.42702],[-106.000814,38.425809],[-105.999788,38.423622],[-105.997751,38.422031],[-105.996768,38.420303],[-105.993932,38.419375],[-105.992008,38.419569],[-105.987308,38.418802],[-105.98395,38.41999],[-105.9835,38.419392],[-105.980409,38.417277],[-105.98001,38.415484],[-105.979222,38.414127],[-105.976919,38.41298],[-105.974647,38.411115],[-105.973389,38.409459],[-105.970226,38.41004],[-105.967933,38.408772],[-105.964721,38.40626],[-105.963391,38.40475],[-105.960669,38.403095],[-105.95982,38.401278],[-105.959945,38.398023],[-105.959495,38.397095],[-105.957172,38.39518],[-105.955668,38.394437],[-105.950654,38.393733],[-105.949969,38.392336],[-105.947606,38.390526],[-105.947067,38.385495],[-105.945432,38.38274],[-105.944637,38.378638],[-105.943614,38.377999],[-105.940433,38.376973],[-105.938536,38.374074],[-105.93577,38.373219],[-105.932624,38.370432],[-105.93136,38.369791],[-105.92701,38.36872],[-105.924638,38.368737],[-105.92407,38.367936],[-105.919851,38.367156],[-105.918406,38.363874],[-105.916969,38.362941],[-105.912489,38.361539],[-105.910804,38.359241],[-105.910236,38.356413],[-105.908447,38.354478],[-105.906307,38.353268],[-105.902602,38.352385],[-105.899831,38.350721],[-105.897647,38.350051],[-105.895423,38.347412],[-105.894365,38.346618],[-105.893478,38.346292],[-105.892574,38.343342],[-105.890765,38.341374],[-105.888766,38.340811],[-105.888291,38.337886],[-105.888866,38.337315],[-105.88876,38.33436],[-105.88692,38.332545],[-105.887058,38.331706],[-105.885858,38.330604],[-105.885142,38.32889],[-105.883532,38.328167],[-105.882247,38.327492],[-105.881404,38.324881],[-105.880044,38.323222],[-105.87998,38.321841],[-105.879292,38.320628],[-105.877626,38.319064],[-105.876718,38.318802],[-105.876881,38.31714],[-105.876376,38.315951],[-105.87391,38.315142],[-105.871944,38.311302],[-105.872008,38.310835],[-105.870112,38.309392],[-105.868612,38.308725],[-105.868474,38.307796],[-105.866817,38.3057],[-105.864981,38.304653],[-105.861623,38.303422],[-105.860738,38.302499],[-105.858315,38.298359],[-105.853233,38.296412],[-105.850176,38.294456],[-105.849631,38.29312],[-105.848269,38.29135],[-105.846169,38.290204],[-105.845479,38.291154],[-105.843387,38.292413],[-105.84278,38.293226],[-105.84083,38.29246],[-105.837202,38.288411],[-105.836366,38.287892],[-105.832825,38.286741],[-105.830769,38.285062],[-105.828244,38.28113],[-105.827123,38.278568],[-105.824185,38.277475],[-105.821474,38.276117],[-105.820215,38.274474],[-105.818973,38.273597],[-105.817868,38.273916],[-105.814604,38.272668],[-105.810874,38.2725],[-105.808435,38.271837],[-105.806642,38.270917],[-105.804015,38.270891],[-105.803272,38.270452],[-105.800013,38.269922],[-105.797671,38.266757],[-105.796855,38.266326],[-105.796897,38.265047],[-105.783414,38.265003],[-105.765552,38.265008],[-105.76295,38.264892],[-105.750562,38.265013],[-105.737431,38.264825],[-105.721303,38.265034],[-105.687418,38.264967],[-105.684308,38.265003],[-105.6823,38.264832],[-105.665773,38.264823],[-105.660301,38.264896],[-105.656089,38.265079],[-105.652032,38.26498],[-105.639168,38.265162],[-105.625017,38.26486],[-105.612555,38.264871],[-105.602889,38.264874],[-105.60192,38.264872],[-105.594249,38.264896],[-105.589891,38.264857],[-105.58758,38.264804],[-105.587417,38.2648],[-105.584354,38.26473],[-105.582565,38.264688],[-105.569017,38.264377],[-105.556334,38.264035],[-105.549218,38.264243],[-105.546805,38.2642],[-105.539492,38.263584],[-105.53585,38.263334],[-105.522789,38.263095],[-105.521556,38.263072],[-105.517438,38.262997],[-105.51048,38.262871],[-105.50112,38.262778],[-105.499633,38.262457],[-105.492927,38.262461],[-105.478209,38.262137],[-105.469586,38.262008],[-105.467197,38.262002],[-105.464267,38.261844],[-105.449994,38.261522],[-105.435583,38.261212],[-105.427307,38.26102],[-105.420482,38.260757],[-105.413653,38.260491],[-105.391854,38.259755],[-105.368889,38.259399],[-105.340858,38.25897],[-105.328931,38.258926],[-105.304045,38.258225],[-105.303958,38.258229],[-105.2998,38.25828],[-105.295973,38.258298],[-105.29183,38.258352],[-105.290321,38.258405],[-105.290284,38.258399],[-105.285282,38.258516],[-105.284481,38.257818],[-105.282538,38.257357],[-105.281667,38.256671],[-105.281198,38.254829],[-105.279824,38.254254],[-105.278794,38.252778],[-105.277233,38.252743],[-105.275726,38.251574],[-105.275654,38.249298],[-105.275496,38.24791],[-105.276381,38.246175],[-105.276252,38.245424],[-105.274803,38.245163],[-105.273208,38.243137],[-105.272533,38.2409],[-105.272791,38.23889],[-105.274417,38.236323],[-105.27414,38.235805],[-105.273123,38.235724],[-105.272355,38.2348],[-105.269773,38.233484],[-105.269659,38.232519],[-105.267878,38.230904],[-105.265692,38.230322],[-105.264621,38.228085],[-105.262187,38.226859],[-105.258246,38.224851],[-105.257302,38.224011],[-105.255248,38.223161],[-105.252224,38.22199],[-105.25144,38.221027],[-105.249402,38.220029],[-105.246355,38.216706],[-105.244636,38.214449],[-105.244794,38.213727],[-105.243068,38.211991],[-105.243081,38.209668],[-105.243695,38.208392],[-105.243356,38.206843],[-105.242438,38.205205],[-105.243163,38.203635],[-105.244317,38.203053],[-105.245177,38.20122],[-105.246109,38.200791],[-105.248465,38.200336],[-105.251798,38.198855],[-105.254214,38.196698],[-105.256486,38.196353],[-105.260196,38.196182],[-105.263693,38.19407],[-105.265361,38.194037],[-105.266279,38.1938],[-105.269682,38.193112],[-105.273641,38.191005],[-105.273947,38.189876],[-105.275473,38.187772],[-105.275355,38.186427],[-105.276839,38.185274],[-105.279963,38.183511],[-105.284156,38.182442],[-105.288844,38.182168],[-105.293816,38.180866],[-105.296072,38.17999],[-105.298505,38.17903],[-105.299682,38.177957],[-105.300413,38.176158],[-105.300142,38.175217],[-105.296614,38.172732],[-105.29203,38.170833],[-105.287571,38.164445],[-105.289485,38.163756],[-105.303297,38.158122],[-105.308043,38.15661],[-105.315194,38.152459],[-105.319291,38.148225],[-105.324616,38.145183],[-105.328831,38.143917],[-105.331167,38.144062],[-105.333102,38.143571],[-105.334936,38.143749],[-105.337156,38.144704],[-105.338473,38.144279],[-105.339868,38.143205],[-105.342049,38.141381],[-105.343069,38.140938],[-105.343452,38.140924],[-105.34656,38.141649],[-105.350544,38.144028],[-105.351425,38.145031],[-105.350817,38.149383],[-105.351056,38.150389],[-105.353283,38.151626],[-105.356951,38.152028],[-105.358992,38.151832],[-105.360269,38.151065],[-105.362789,38.148826],[-105.367206,38.146475],[-105.37187,38.144133],[-105.375189,38.142505],[-105.378453,38.140932],[-105.38431,38.138433],[-105.388599,38.137491],[-105.412047,38.135411],[-105.417003,38.134989],[-105.42142,38.135142],[-105.427234,38.135874],[-105.439647,38.136169],[-105.440615,38.136193],[-105.440822,38.136198],[-105.440537,38.136453],[-105.43982,38.136983],[-105.439615,38.13716],[-105.438203,38.138885],[-105.434932,38.144846],[-105.434921,38.144866],[-105.434412,38.145912],[-105.434599,38.146415],[-105.435348,38.160104],[-105.435709,38.161064],[-105.437855,38.164348],[-105.441377,38.164549],[-105.443461,38.164978],[-105.446892,38.164516],[-105.449664,38.16474],[-105.45392,38.164417],[-105.456002,38.164171],[-105.460549,38.162605],[-105.461902,38.160737],[-105.464542,38.158617],[-105.465395,38.157134],[-105.465843,38.156857],[-105.466218,38.15171],[-105.466637,38.14886],[-105.467442,38.145554],[-105.4678,38.14412],[-105.468331,38.141901],[-105.469052,38.139544],[-105.467583,38.138044],[-105.467335,38.137149],[-105.467331,38.136489],[-105.467367,38.135996],[-105.46615,38.135972],[-105.46493,38.135959],[-105.463719,38.135923],[-105.463735,38.135441],[-105.463789,38.134755],[-105.463797,38.133581],[-105.463835,38.132388],[-105.463836,38.130924],[-105.465106,38.130932],[-105.46569,38.130955],[-105.466308,38.130973],[-105.467527,38.130993],[-105.468142,38.131001],[-105.468778,38.131015],[-105.469367,38.131027],[-105.473032,38.131116],[-105.481834,38.131345],[-105.486368,38.131465],[-105.489118,38.131528],[-105.501581,38.13181],[-105.511631,38.13203],[-105.514206,38.132073],[-105.537242,38.132616],[-105.548506,38.132758],[-105.562498,38.132984],[-105.569502,38.133218],[-105.574817,38.133254],[-105.577639,38.132662],[-105.577036,38.130849],[-105.57877,38.129382],[-105.583142,38.126837],[-105.58467,38.125524],[-105.587519,38.124033],[-105.589257,38.122785],[-105.591121,38.122733],[-105.591421,38.122114],[-105.594054,38.122194],[-105.596651,38.120103],[-105.598082,38.117095],[-105.599632,38.115413],[-105.600639,38.112721],[-105.60077,38.110622],[-105.601679,38.107495],[-105.60115,38.106133],[-105.60343,38.105138],[-105.603374,38.104154],[-105.604305,38.103286],[-105.605437,38.10089],[-105.608273,38.098983],[-105.609231,38.097894],[-105.611358,38.096822],[-105.612499,38.09725],[-105.612944,38.098365],[-105.615962,38.098413],[-105.61862,38.097621],[-105.622612,38.094932],[-105.625964,38.093498],[-105.629226,38.091247],[-105.630444,38.08877],[-105.632249,38.089035],[-105.632725,38.088623],[-105.637541,38.090465],[-105.638365,38.090311],[-105.64248,38.091365],[-105.647216,38.093403],[-105.648398,38.09265],[-105.653649,38.09088],[-105.651965,38.089397],[-105.652007,38.088822],[-105.650105,38.086953],[-105.646449,38.085037],[-105.645284,38.082404],[-105.64248,38.07993],[-105.641241,38.078883],[-105.639369,38.078481],[-105.636484,38.075584],[-105.637276,38.072797],[-105.634159,38.06944],[-105.631397,38.068115],[-105.627206,38.06731],[-105.626928,38.064592],[-105.626263,38.063533],[-105.625962,38.061161],[-105.626749,38.059149],[-105.628206,38.057421],[-105.625563,38.055693],[-105.621199,38.054282],[-105.619878,38.053598],[-105.617807,38.05326],[-105.617564,38.049773],[-105.617996,38.047261],[-105.617206,38.045929],[-105.614957,38.043662],[-105.614003,38.039537],[-105.613246,38.038085],[-105.608854,38.034953],[-105.608561,38.033708],[-105.60938,38.032338],[-105.606513,38.031604],[-105.603527,38.031263],[-105.603114,38.027144],[-105.601233,38.024792],[-105.600805,38.023746],[-105.598698,38.022649],[-105.597952,38.020019],[-105.598325,38.016338],[-105.597112,38.013638],[-105.597273,38.012664],[-105.598876,38.011247],[-105.604355,38.008745],[-105.604868,38.007388],[-105.604392,38.006157],[-105.604636,38.005014],[-105.603907,38.003739],[-105.600596,38.002274],[-105.600244,37.999999],[-105.598413,37.997021],[-105.595892,37.99637],[-105.595739,37.995069],[-105.593663,37.992775],[-105.592071,37.992148],[-105.59043,37.988586],[-105.589899,37.987431],[-105.588156,37.986689],[-105.58716,37.984509],[-105.58591,37.979687],[-105.583191,37.979978],[-105.581855,37.977972],[-105.581522,37.975225],[-105.583964,37.973009],[-105.585054,37.970451],[-105.584158,37.969087],[-105.584462,37.967855],[-105.582616,37.965934],[-105.581286,37.96618],[-105.577676,37.965536],[-105.57562,37.963984],[-105.573982,37.961758],[-105.573281,37.961582],[-105.570692,37.958266],[-105.567192,37.957145],[-105.562351,37.953744],[-105.560311,37.951886],[-105.556357,37.95098],[-105.551826,37.950584],[-105.550101,37.953871],[-105.546191,37.956048],[-105.542737,37.95651],[-105.541949,37.956043],[-105.537703,37.955036],[-105.533315,37.955182],[-105.530378,37.953363],[-105.527147,37.949531],[-105.525534,37.94837],[-105.523572,37.948037],[-105.515729,37.942015],[-105.514591,37.93993],[-105.511086,37.939131],[-105.50957,37.937122],[-105.508364,37.936094],[-105.507251,37.932523],[-105.507042,37.93102],[-105.505687,37.927891],[-105.504893,37.927213],[-105.503116,37.923725],[-105.502273,37.92295],[-105.497197,37.920339],[-105.494109,37.9171],[-105.491145,37.915225],[-105.4884,37.910604],[-105.488145,37.909845],[-105.482604,37.905004],[-105.478351,37.903349],[-105.479,37.902629],[-105.478875,37.900505],[-105.477083,37.899298],[-105.476056,37.899389],[-105.473307,37.896649],[-105.473204,37.89597],[-105.471057,37.895264],[-105.46697,37.895515],[-105.461319,37.896891],[-105.459235,37.897169],[-105.45236,37.895681],[-105.440272,37.897461],[-105.437279,37.896011],[-105.431972,37.895167],[-105.431666,37.894407],[-105.429886,37.893837],[-105.42779,37.89132],[-105.426855,37.891634],[-105.424151,37.890173],[-105.421597,37.890652],[-105.418689,37.889703],[-105.417916,37.889976],[-105.415486,37.890815],[-105.413635,37.890527],[-105.411553,37.892532],[-105.409784,37.893205],[-105.408697,37.894442],[-105.405087,37.89515],[-105.403421,37.895782],[-105.401826,37.897286],[-105.399585,37.898816],[-105.394792,37.901366],[-105.39408,37.902918],[-105.390305,37.905196],[-105.389628,37.906522],[-105.38504,37.910178],[-105.383707,37.910622],[-105.38165,37.912707],[-105.378396,37.9138],[-105.377864,37.914353],[-105.377088,37.916102],[-105.375003,37.917115],[-105.369768,37.919048],[-105.367461,37.919974],[-105.36541,37.92142],[-105.363779,37.92207],[-105.361139,37.922597],[-105.360159,37.92245],[-105.356054,37.922854],[-105.353674,37.923581],[-105.350814,37.924889],[-105.347209,37.924759],[-105.344536,37.926378],[-105.342076,37.928412],[-105.340075,37.929324],[-105.337461,37.932055],[-105.33571,37.933468],[-105.331702,37.935801],[-105.329026,37.936945],[-105.327067,37.937434],[-105.324526,37.938434],[-105.320609,37.938572],[-105.317081,37.938949],[-105.314507,37.938444],[-105.313882,37.93712],[-105.311093,37.935945],[-105.310281,37.93354],[-105.306574,37.932292],[-105.306316,37.930967],[-105.304366,37.928393],[-105.303607,37.926188],[-105.300541,37.923085],[-105.300388,37.921586],[-105.301659,37.918119],[-105.300655,37.915887],[-105.301115,37.914627],[-105.300254,37.912488],[-105.298011,37.911263],[-105.297431,37.909349],[-105.294811,37.90822],[-105.292407,37.908625],[-105.291538,37.907555],[-105.291597,37.906431],[-105.290784,37.905368],[-105.29104,37.903897],[-105.289367,37.902869],[-105.286736,37.900194],[-105.285303,37.899552],[-105.284465,37.899512],[-105.280549,37.901215],[-105.278924,37.903645],[-105.277949,37.904407],[-105.276988,37.904103],[-105.276233,37.905875],[-105.273818,37.907677],[-105.273418,37.910716],[-105.272078,37.911601],[-105.271433,37.912815],[-105.269908,37.913661],[-105.268915,37.916346],[-105.267932,37.917416],[-105.26805,37.918304],[-105.264815,37.921377],[-105.264304,37.922882],[-105.263459,37.92324],[-105.261842,37.925637],[-105.263105,37.92769],[-105.2638,37.92882],[-105.263942,37.932059],[-105.263168,37.932458],[-105.261549,37.937168],[-105.260843,37.937098],[-105.257546,37.938131],[-105.256764,37.942555],[-105.255436,37.942916],[-105.251895,37.947764],[-105.250018,37.950378],[-105.249742,37.951521],[-105.248617,37.952109],[-105.246694,37.95211],[-105.244716,37.953728],[-105.241799,37.953809],[-105.240033,37.95508],[-105.237598,37.957568],[-105.238689,37.959419],[-105.239933,37.960393],[-105.238864,37.96256],[-105.235809,37.9628],[-105.234426,37.964019],[-105.232832,37.964196],[-105.231663,37.964866],[-105.229418,37.965245],[-105.228616,37.964657],[-105.226921,37.964568],[-105.226262,37.963898],[-105.224646,37.965036],[-105.224683,37.966674],[-105.223136,37.968804],[-105.220937,37.96946],[-105.218095,37.969903],[-105.216627,37.969447],[-105.215366,37.97052],[-105.216333,37.972592],[-105.216599,37.974528],[-105.216563,37.974847],[-105.216505,37.975378],[-105.216193,37.975676],[-105.215961,37.975899],[-105.214633,37.976887],[-105.213109,37.977331],[-105.214064,37.979958],[-105.214221,37.98026],[-105.214213,37.980277],[-105.213986,37.980809],[-105.2135,37.980938],[-105.213153,37.981031],[-105.209241,37.982228],[-105.207707,37.981655],[-105.205897,37.983268],[-105.205837,37.988619],[-105.206068,37.989668],[-105.201924,37.990448],[-105.198814,37.990181],[-105.197073,37.992416],[-105.199111,37.998413],[-105.200044,38.000835],[-105.198919,38.003785],[-105.197568,38.004366],[-105.194586,38.00756],[-105.192808,38.008616],[-105.189283,38.009752],[-105.18775,38.010598],[-105.185252,38.013379],[-105.181819,38.014693],[-105.181006,38.015595],[-105.178903,38.016474],[-105.176708,38.016352],[-105.173264,38.017142],[-105.171731,38.018044],[-105.168652,38.018946],[-105.166898,38.018129],[-105.166304,38.017104],[-105.16376,38.016193],[-105.161101,38.015866],[-105.160765,38.014947],[-105.158366,38.013133],[-105.157299,38.012955],[-105.152868,38.009747],[-105.151414,38.008448],[-105.147969,38.006239],[-105.147948,38.005392],[-105.150386,38.004547],[-105.15191,38.00333],[-105.153199,38.000784],[-105.152626,37.99823],[-105.152781,37.997391],[-105.152261,37.994356],[-105.152491,37.992113],[-105.150717,37.990789],[-105.147965,37.986841],[-105.146452,37.986589],[-105.143909,37.987838],[-105.140393,37.985982],[-105.139501,37.984607],[-105.141641,37.982034],[-105.142145,37.979799],[-105.14055,37.979774],[-105.13236,37.974643],[-105.131025,37.972681],[-105.131335,37.971188],[-105.133195,37.970423],[-105.13558,37.967294],[-105.13573,37.965638],[-105.133409,37.963039],[-105.128974,37.96285],[-105.127909,37.962592],[-105.127098,37.960999],[-105.126411,37.96075],[-105.126188,37.957812],[-105.127027,37.956025],[-105.126906,37.955134],[-105.125551,37.954592],[-105.125111,37.953087],[-105.125818,37.952542],[-105.125975,37.95117],[-105.123823,37.949627],[-105.122612,37.949177],[-105.120666,37.949597],[-105.117163,37.949141],[-105.115608,37.9475],[-105.112984,37.945449],[-105.108507,37.943399],[-105.103129,37.94494],[-105.101971,37.944957],[-105.099097,37.944943],[-105.093828,37.947329],[-105.090295,37.947637],[-105.088011,37.948588],[-105.085532,37.951141],[-105.084383,37.955384],[-105.084057,37.955594],[-105.08183,37.95425],[-105.0778,37.952964],[-105.074244,37.948513],[-105.072219,37.947789],[-105.070472,37.945802],[-105.066056,37.944209],[-105.065471,37.941802],[-105.066425,37.938525],[-105.06603,37.937447],[-105.064342,37.936635],[-105.063572,37.935001],[-105.063737,37.929269],[-105.065104,37.92742],[-105.066063,37.92625],[-105.066301,37.925048],[-105.065034,37.923241],[-105.065135,37.921456],[-105.06585,37.920763],[-105.0632,37.916976],[-105.061497,37.916061],[-105.060064,37.916139],[-105.057201,37.915946],[-105.054307,37.917509],[-105.049917,37.915479],[-105.044561,37.911656],[-105.044574,37.910305],[-105.043905,37.90954],[-105.039826,37.908124],[-105.038665,37.904444],[-105.03599,37.904115],[-105.032954,37.905322],[-105.031573,37.904147],[-105.033894,37.89779],[-105.034803,37.894583],[-105.033626,37.89356],[-105.030435,37.892063],[-105.021748,37.887491],[-105.019613,37.886967],[-105.015751,37.88551],[-105.013763,37.883489],[-105.013729,37.881271],[-104.987748,37.882841],[-104.9483,37.885001],[-104.946666,37.885124],[-104.945777,37.885062],[-104.921221,37.886358],[-104.901389,37.887317],[-104.875542,37.888681],[-104.868344,37.889185],[-104.855995,37.88974],[-104.846232,37.890199],[-104.829089,37.891111],[-104.828794,37.891127],[-104.828804,37.894199],[-104.828853,37.906512],[-104.828581,37.910206],[-104.827632,37.913079],[-104.825575,37.914059],[-104.824317,37.914981],[-104.823221,37.914987],[-104.821085,37.915932],[-104.820413,37.915113],[-104.818443,37.916009],[-104.817909,37.917454],[-104.815593,37.918701],[-104.813352,37.918515],[-104.812007,37.918899],[-104.811792,37.919894],[-104.809746,37.921251],[-104.809281,37.922894],[-104.807786,37.923575],[-104.806492,37.923574],[-104.802129,37.923491],[-104.791984,37.923263],[-104.79186,37.936996],[-104.790458,37.938314],[-104.789556,37.939995],[-104.789188,37.941781],[-104.788438,37.94289],[-104.78637,37.943148],[-104.785322,37.943692],[-104.784503,37.945335],[-104.782012,37.945224],[-104.780722,37.945702],[-104.779611,37.946954],[-104.777647,37.948009],[-104.777037,37.947585],[-104.776501,37.948959],[-104.77752,37.951195],[-104.774553,37.952351],[-104.773454,37.953135],[-104.771898,37.954144],[-104.770865,37.953836],[-104.76813,37.954697],[-104.767873,37.955389],[-104.766096,37.956268],[-104.765333,37.956081],[-104.763034,37.958256],[-104.763679,37.959294],[-104.761728,37.960118],[-104.761103,37.961238],[-104.760299,37.960705],[-104.758542,37.962094],[-104.76022,37.964078],[-104.758991,37.965122],[-104.759497,37.96599],[-104.759135,37.967056],[-104.760841,37.968221],[-104.760271,37.969919],[-104.76086,37.971315],[-104.760144,37.973226],[-104.760522,37.977105],[-104.761376,37.977622],[-104.761215,37.979721],[-104.761686,37.980771],[-104.760541,37.980583],[-104.761581,37.981743],[-104.760747,37.982803],[-104.761822,37.984166],[-104.762536,37.986419],[-104.760647,37.987638],[-104.761111,37.988287],[-104.758917,37.988775],[-104.759597,37.990077],[-104.757542,37.990082],[-104.757797,37.99206],[-104.758283,37.992455],[-104.756783,37.992559],[-104.755749,37.991982],[-104.754998,37.993124],[-104.756435,37.994031],[-104.752384,37.997304],[-104.752779,37.99865],[-104.750107,37.999848],[-104.747603,38.001797],[-104.746242,38.002166],[-104.744806,38.003381],[-104.744543,38.004815],[-104.744933,38.005968],[-104.74372,38.008277],[-104.742435,38.008068],[-104.740936,38.010366],[-104.740708,38.011822],[-104.741072,38.013402],[-104.740565,38.015487],[-104.739649,38.016207],[-104.73801,38.0159],[-104.737031,38.016664],[-104.732331,38.019199],[-104.728082,38.021909],[-104.728798,38.022683],[-104.731069,38.022204],[-104.732006,38.022814],[-104.734112,38.022698],[-104.73698,38.022457],[-104.737157,38.022536],[-104.733426,38.026902],[-104.73139,38.030026],[-104.73061,38.031986],[-104.730145,38.034267],[-104.729447,38.042276],[-104.728824,38.045133],[-104.726756,38.049003],[-104.722465,38.054131],[-104.715816,38.061568],[-104.714585,38.06333],[-104.706997,38.077041],[-104.704891,38.079989],[-104.689575,38.096529],[-104.676726,38.110501],[-104.673749,38.114417],[-104.672216,38.117248],[-104.671397,38.121052],[-104.67109,38.124557],[-104.670278,38.12827],[-104.669327,38.13016],[-104.655809,38.147774],[-104.648624,38.155623],[-104.648149,38.155608],[-104.643902,38.155583],[-104.643927,38.159742],[-104.642874,38.160645],[-104.641524,38.163018],[-104.637011,38.169612],[-104.635847,38.169595],[-104.636031,38.159075],[-104.636034,38.158904],[-104.619775,38.159761],[-104.61805,38.159898],[-104.616451,38.159986],[-104.616151,38.160002],[-104.616141,38.160152],[-104.61613,38.160306],[-104.616093,38.16085],[-104.616053,38.160841],[-104.615603,38.160895],[-104.615644,38.160181],[-104.61572,38.158851],[-104.615682,38.158853],[-104.616035,38.155265],[-104.607637,38.155065],[-104.604173,38.157181],[-104.602539,38.159181],[-104.601495,38.159786],[-104.599994,38.163209],[-104.598373,38.164611],[-104.598047,38.165842],[-104.595841,38.16593],[-104.594094,38.165151],[-104.593223,38.165259],[-104.59255,38.167392],[-104.59365,38.169557],[-104.592976,38.171332],[-104.59196,38.171749],[-104.59038,38.171431],[-104.587179,38.17152],[-104.585933,38.172108],[-104.585913,38.174091],[-104.588349,38.175349],[-104.586874,38.176091],[-104.583749,38.176245],[-104.582573,38.177471],[-104.582372,38.179262],[-104.583409,38.180124],[-104.585302,38.179492],[-104.587919,38.180398],[-104.588783,38.183244],[-104.588554,38.183667],[-104.585296,38.183788],[-104.582902,38.18275],[-104.58002,38.183701],[-104.57867,38.187212],[-104.578873,38.1883],[-104.576172,38.189789],[-104.572506,38.191218],[-104.568355,38.192432],[-104.566496,38.191306],[-104.563454,38.190872],[-104.562124,38.190971],[-104.561574,38.193866],[-104.559903,38.193998],[-104.559743,38.192773],[-104.556854,38.192899],[-104.554682,38.193877],[-104.552677,38.195338],[-104.549536,38.200348],[-104.547336,38.200546],[-104.544934,38.201677],[-104.547872,38.203029],[-104.546813,38.205293],[-104.54441,38.207204],[-104.541876,38.207292],[-104.540643,38.206874],[-104.541667,38.20588],[-104.541591,38.205001],[-104.540595,38.204989],[-104.538478,38.206242],[-104.535324,38.207653],[-104.534522,38.209262],[-104.53107,38.206355],[-104.530436,38.204804],[-104.530221,38.203362],[-104.527534,38.197525],[-104.521582,38.186598],[-104.519566,38.183269],[-104.512167,38.171338],[-104.510322,38.168852],[-104.506583,38.164053],[-104.491382,38.146461],[-104.485779,38.139896],[-104.485703,38.139806],[-104.47965,38.1326],[-104.478773,38.131554],[-104.473654,38.125388],[-104.466387,38.116789],[-104.460954,38.110892],[-104.460663,38.110578],[-104.454361,38.103754],[-104.451558,38.100728],[-104.447334,38.096126],[-104.434825,38.082183],[-104.420357,38.065913],[-104.418917,38.06424],[-104.416947,38.0614],[-104.416933,38.059499],[-104.411633,38.056956],[-104.410602,38.058228],[-104.410184,38.060706],[-104.411176,38.063915],[-104.410995,38.065635],[-104.409459,38.06664],[-104.408798,38.067645],[-104.405385,38.069638],[-104.404606,38.070715],[-104.403153,38.071291],[-104.399783,38.070598],[-104.39434,38.072607],[-104.393686,38.074161],[-104.391356,38.07616],[-104.38859,38.075769],[-104.383914,38.073635],[-104.381927,38.073541],[-104.380279,38.074798],[-104.379631,38.076814],[-104.379949,38.078842],[-104.38179,38.080112],[-104.383414,38.082794],[-104.383198,38.083634],[-104.383723,38.087425],[-104.383104,38.088699],[-104.379439,38.090637],[-104.377908,38.091927],[-104.373957,38.094625],[-104.374154,38.097372],[-104.373351,38.100916],[-104.373282,38.10279],[-104.371907,38.104554],[-104.370092,38.104533],[-104.368731,38.106335],[-104.369476,38.10717],[-104.369254,38.108313],[-104.368288,38.109456],[-104.368304,38.111445],[-104.366915,38.113912],[-104.366958,38.11611],[-104.366076,38.118297],[-104.368221,38.122554],[-104.367522,38.12479],[-104.366453,38.125585],[-104.364761,38.127717],[-104.363105,38.12925],[-104.362993,38.130404],[-104.360841,38.132332],[-104.357353,38.133866],[-104.353372,38.13586],[-104.352242,38.137933],[-104.349794,38.140074],[-104.348071,38.142377],[-104.345736,38.144492],[-104.343475,38.146092],[-104.339366,38.147433],[-104.341679,38.147419],[-104.340066,38.147764],[-104.338161,38.150484],[-104.335912,38.151355],[-104.335589,38.154207],[-104.334514,38.157597],[-104.332341,38.160645],[-104.329813,38.162278],[-104.327829,38.163397],[-104.323767,38.165164],[-104.321217,38.166227],[-104.318123,38.169399],[-104.31586,38.172002],[-104.314564,38.174914],[-104.31325,38.176867],[-104.313595,38.178064],[-104.313198,38.179299],[-104.310219,38.182382],[-104.307276,38.183068],[-104.305915,38.18609],[-104.305988,38.188058],[-104.306879,38.18903],[-104.307036,38.191343],[-104.307005,38.192948],[-104.305204,38.196019],[-104.30504,38.197281],[-104.303854,38.198618],[-104.301931,38.199467],[-104.29811,38.199997],[-104.294251,38.200254],[-104.291772,38.201998],[-104.287027,38.206332],[-104.285273,38.208546],[-104.281309,38.210892],[-104.27763,38.21242],[-104.273086,38.216047],[-104.272376,38.217507],[-104.268806,38.221087],[-104.264819,38.223632],[-104.261309,38.22539],[-104.261406,38.225494],[-104.259591,38.22709],[-104.256725,38.230822],[-104.255419,38.231598],[-104.254731,38.233145],[-104.257314,38.232608],[-104.261491,38.233423],[-104.264934,38.234207],[-104.266665,38.234035],[-104.268334,38.233349],[-104.272307,38.233882],[-104.27397,38.234798],[-104.276749,38.236833],[-104.279089,38.237125],[-104.282348,38.236806],[-104.284733,38.237142],[-104.284964,38.245391],[-104.293818,38.245425],[-104.307789,38.245314],[-104.310265,38.244892],[-104.311512,38.24526],[-104.312434,38.245648],[-104.3138,38.246807],[-104.315939,38.246884],[-104.319854,38.245754],[-104.322632,38.245661],[-104.323476,38.246298],[-104.325319,38.249032],[-104.327774,38.250517],[-104.332541,38.251546],[-104.335901,38.252586],[-104.341222,38.253493],[-104.342797,38.253383],[-104.344936,38.252121],[-104.345596,38.249732],[-104.34414,38.246917],[-104.344111,38.244911],[-104.34523,38.243791],[-104.349076,38.242215],[-104.355163,38.242216],[-104.360406,38.241544],[-104.362774,38.242891],[-104.365014,38.242156],[-104.367898,38.242872],[-104.369155,38.244133],[-104.37085,38.245143],[-104.37245,38.245478],[-104.380716,38.24413],[-104.382828,38.244738],[-104.382685,38.24678],[-104.383516,38.248802],[-104.385772,38.249346],[-104.390828,38.24813],[-104.392817,38.248036],[-104.397002,38.24796],[-104.399018,38.248259],[-104.399964,38.249332],[-104.402481,38.249952],[-104.404477,38.249734],[-104.407335,38.250312],[-104.410102,38.251759],[-104.414015,38.252664],[-104.416183,38.253945],[-104.421679,38.255251],[-104.422148,38.255996],[-104.421937,38.257959],[-104.422877,38.259173],[-104.424833,38.259565],[-104.427984,38.259077],[-104.429877,38.258315],[-104.433248,38.258031],[-104.438002,38.26131],[-104.439815,38.26107],[-104.442078,38.258946],[-104.445221,38.258256],[-104.448173,38.258435],[-104.449372,38.259471],[-104.449512,38.262984],[-104.450441,38.264607],[-104.453541,38.266833],[-104.456592,38.267299],[-104.457667,38.266579],[-104.457694,38.274461],[-104.445434,38.273495],[-104.445483,38.273595],[-104.445472,38.273775],[-104.445532,38.274267],[-104.445412,38.276644],[-104.447553,38.277368],[-104.451918,38.285995],[-104.456603,38.295644],[-104.460655,38.303315],[-104.460132,38.317271],[-104.467722,38.317293],[-104.467763,38.318329],[-104.469456,38.319644],[-104.471333,38.32256],[-104.475017,38.328284],[-104.479437,38.334853],[-104.488741,38.347817],[-104.490126,38.350126],[-104.496996,38.3631],[-104.49709,38.375118],[-104.496285,38.375064],[-104.478249,38.375201],[-104.459934,38.375395],[-104.44892,38.375462],[-104.450634,38.377179],[-104.506407,38.432986],[-104.527306,38.432908],[-104.527311,38.432945],[-104.552875,38.43286],[-104.552948,38.442823],[-104.553115,38.462908],[-104.553546,38.490789],[-104.553938,38.493506],[-104.557812,38.501764],[-104.563332,38.512853],[-104.564833,38.515292],[-104.567087,38.520001],[-104.573719,38.519939],[-104.590997,38.520004],[-104.605255,38.520279],[-104.612424,38.520162],[-104.626127,38.519935],[-104.626137,38.519957],[-104.628189,38.51993],[-104.630682,38.519917],[-104.631129,38.519914],[-104.631445,38.519917],[-104.644691,38.519842],[-104.660376,38.519754],[-104.684322,38.51944],[-104.68728,38.519454],[-104.690795,38.51947],[-104.704989,38.519536],[-104.717994,38.51956],[-104.734088,38.519631],[-104.737859,38.519652],[-104.75053,38.519871],[-104.770777,38.519842],[-104.775787,38.519927],[-104.787217,38.520119],[-104.796104,38.520165],[-104.800085,38.51999],[-104.815976,38.520029],[-104.820466,38.519913],[-104.825906,38.519776],[-104.836167,38.51998],[-104.840641,38.51993],[-104.86615,38.519857],[-104.866674,38.520017],[-104.882012,38.520087],[-104.88757,38.519904],[-104.895683,38.5203],[-104.911325,38.520285],[-104.923716,38.520289],[-104.932949,38.520286],[-104.934082,38.520191],[-104.941533,38.519569]],[[-104.923897,40.349052],[-104.917143,40.349045],[-104.906382,40.349029],[-104.906284,40.34182],[-104.906224,40.3382],[-104.906229,40.338121],[-104.907412,40.338141],[-104.908694,40.338155],[-104.909852,40.338169],[-104.910168,40.338164],[-104.911237,40.338204],[-104.912528,40.338227],[-104.913874,40.338249],[-104.915011,40.338274],[-104.915015,40.337135],[-104.915009,40.336573],[-104.914993,40.336112],[-104.914966,40.334781],[-104.915003,40.33478],[-104.916043,40.334774],[-104.916125,40.334774],[-104.917295,40.334782],[-104.919346,40.334796],[-104.920846,40.334808],[-104.923734,40.334821],[-104.927227,40.334991],[-104.927381,40.334999],[-104.933139,40.335272],[-104.933376,40.34254],[-104.923761,40.342102],[-104.923801,40.344252],[-104.923897,40.349052]]]]}},{"type":"Feature","properties":{"id":4,"NAME":"4","text-color":"#000000","text-size":16,"labelx":-105.239902,"labely":38.942286,"TotalPop":524738,"PopDevPct":-0.00027643,"DemPct":0.5500932,"RepPct":0.40622285,"WhitePct":0.69632796,"MinorityPct":0.30367204,"BlackPct":0.02154868,"HispanicPct":0.21245002,"PacificPct":0.00285228,"AsianPct":0.04157533,"NativePct":0.03079978,"TotalVAP":411951,"Margin":0.0500932,"color":"#2020ff","opacity":"0.5"},"geometry":{"type":"MultiPolygon","coordinates":[[[[-105.724125,39.819018],[-105.725176,39.817328],[-105.730037,39.81484],[-105.731426,39.814319],[-105.733457,39.812542],[-105.734007,39.811011],[-105.734981,39.810231],[-105.736149,39.805945],[-105.735925,39.804985],[-105.73613,39.804892],[-105.73856,39.805015],[-105.741444,39.804481],[-105.74449,39.803375],[-105.747074,39.801325],[-105.749682,39.800944],[-105.750561,39.801303],[-105.752667,39.79994],[-105.756781,39.798222],[-105.76096,39.797101],[-105.763882,39.794984],[-105.765958,39.794855],[-105.76946,39.795704],[-105.773374,39.797237],[-105.777029,39.798108],[-105.777187,39.798165],[-105.779712,39.79905],[-105.782314,39.801177],[-105.784662,39.802434],[-105.786708,39.802474],[-105.79094,39.803101],[-105.793731,39.801944],[-105.795804,39.802919],[-105.797558,39.802928],[-105.799013,39.80343],[-105.800095,39.802917],[-105.801265,39.801452],[-105.80194,39.799336],[-105.804861,39.799033],[-105.807517,39.798054],[-105.808989,39.796418],[-105.80972,39.794963],[-105.810511,39.791475],[-105.814177,39.790298],[-105.818413,39.790013],[-105.819871,39.789491],[-105.821416,39.788064],[-105.822155,39.786206],[-105.822954,39.785605],[-105.825687,39.786859],[-105.827139,39.786998],[-105.829997,39.788219],[-105.833419,39.787889],[-105.838609,39.788132],[-105.840723,39.788937],[-105.844512,39.789491],[-105.847823,39.789194],[-105.849926,39.788564],[-105.8511,39.78776],[-105.850901,39.789091],[-105.852075,39.791127],[-105.853357,39.792274],[-105.854942,39.796154],[-105.855761,39.795505],[-105.85735,39.795788],[-105.860115,39.796944],[-105.868735,39.796629],[-105.872306,39.796692],[-105.874746,39.799035],[-105.875566,39.799258],[-105.878139,39.7986],[-105.883358,39.798009],[-105.887622,39.7966],[-105.887902,39.790134],[-105.887695,39.789022],[-105.890739,39.786384],[-105.892346,39.784108],[-105.892657,39.782638],[-105.89209,39.7808],[-105.890029,39.77864],[-105.889567,39.775673],[-105.889638,39.773658],[-105.887544,39.770477],[-105.887079,39.767074],[-105.886667,39.765936],[-105.885106,39.764155],[-105.882849,39.763383],[-105.881524,39.760517],[-105.880481,39.759303],[-105.882121,39.755769],[-105.884588,39.752859],[-105.885001,39.749986],[-105.883166,39.747635],[-105.882343,39.745579],[-105.883266,39.743807],[-105.882375,39.740328],[-105.883714,39.737012],[-105.88695,39.734176],[-105.88944,39.731548],[-105.891755,39.730387],[-105.899959,39.728781],[-105.903857,39.728815],[-105.903841,39.728418],[-105.888492,39.726646],[-105.875566,39.723983],[-105.872543,39.723526],[-105.865075,39.722079],[-105.857698,39.721049],[-105.856416,39.721096],[-105.85329,39.722436],[-105.849183,39.724827],[-105.847192,39.726646],[-105.844122,39.728831],[-105.839843,39.730369],[-105.833856,39.725922],[-105.82969,39.723066],[-105.825247,39.72048],[-105.822828,39.719813],[-105.817651,39.719434],[-105.811562,39.71933],[-105.808334,39.719542],[-105.80279,39.72027],[-105.79659,39.720418],[-105.787903,39.720824],[-105.782467,39.720575],[-105.779654,39.720024],[-105.772784,39.716043],[-105.767473,39.713745],[-105.765911,39.713817],[-105.76049,39.717121],[-105.756871,39.718931],[-105.752034,39.720262],[-105.750561,39.720229],[-105.747271,39.719521],[-105.740756,39.716885],[-105.735452,39.714425],[-105.731721,39.718508],[-105.727958,39.721541],[-105.725632,39.723017],[-105.720542,39.725356],[-105.71805,39.727212],[-105.715685,39.729391],[-105.711628,39.732505],[-105.704672,39.735384],[-105.701361,39.736553],[-105.694101,39.738312],[-105.69086,39.738938],[-105.687365,39.740375],[-105.683632,39.743737],[-105.679502,39.749987],[-105.676122,39.751848],[-105.670135,39.75259],[-105.666034,39.753561],[-105.66191,39.753305],[-105.661359,39.752851],[-105.661296,39.752799],[-105.661183,39.752706],[-105.661051,39.752593],[-105.660541,39.752159],[-105.661009,39.751812],[-105.658943,39.750474],[-105.657829,39.748228],[-105.657682,39.745784],[-105.658026,39.742638],[-105.658934,39.73846],[-105.660436,39.734693],[-105.661587,39.732805],[-105.660995,39.73184],[-105.658831,39.730778],[-105.656703,39.728682],[-105.656705,39.727788],[-105.65811,39.727071],[-105.660023,39.726857],[-105.659849,39.727432],[-105.661868,39.726929],[-105.664651,39.724024],[-105.665618,39.722488],[-105.668988,39.722325],[-105.670249,39.720411],[-105.674019,39.715607],[-105.674104,39.714709],[-105.671624,39.711271],[-105.674784,39.710052],[-105.675442,39.709387],[-105.671491,39.709538],[-105.67106,39.706266],[-105.671363,39.704192],[-105.674505,39.699799],[-105.675923,39.695975],[-105.676916,39.694028],[-105.679682,39.690357],[-105.682491,39.686945],[-105.68297,39.684798],[-105.683386,39.680134],[-105.686074,39.677706],[-105.690488,39.674554],[-105.691993,39.673195],[-105.692423,39.671661],[-105.692477,39.667869],[-105.691572,39.663919],[-105.6912,39.654038],[-105.691407,39.64948],[-105.689902,39.644265],[-105.689375,39.638692],[-105.6904,39.631026],[-105.692464,39.624987],[-105.692297,39.620276],[-105.69163,39.618887],[-105.68943,39.618084],[-105.682631,39.616009],[-105.681599,39.615237],[-105.680429,39.612901],[-105.67842,39.61179],[-105.67528,39.611794],[-105.672832,39.61305],[-105.671019,39.614332],[-105.668989,39.615019],[-105.66689,39.615304],[-105.665387,39.615059],[-105.662557,39.615858],[-105.661431,39.617142],[-105.659757,39.61731],[-105.655372,39.614422],[-105.650985,39.613396],[-105.655042,39.609039],[-105.655731,39.607719],[-105.654103,39.605338],[-105.652979,39.604687],[-105.652469,39.602539],[-105.65411,39.600952],[-105.656566,39.600213],[-105.657614,39.597148],[-105.656649,39.595238],[-105.656223,39.593153],[-105.65553,39.592003],[-105.660153,39.591471],[-105.665246,39.589626],[-105.661198,39.586993],[-105.661316,39.586449],[-105.659212,39.584019],[-105.657532,39.583885],[-105.657601,39.582736],[-105.654004,39.581571],[-105.65225,39.579513],[-105.649485,39.576844],[-105.648483,39.576699],[-105.647863,39.575349],[-105.644433,39.574284],[-105.643807,39.573401],[-105.64734,39.570498],[-105.649,39.5703],[-105.651086,39.567466],[-105.653343,39.566398],[-105.65795,39.56635],[-105.695149,39.565644],[-105.721601,39.565269],[-105.724054,39.565375],[-105.750561,39.564897],[-105.77172,39.564889],[-105.776642,39.56492],[-105.829662,39.564865],[-105.828521,39.563453],[-105.828906,39.561547],[-105.827707,39.559493],[-105.826061,39.557442],[-105.825771,39.555678],[-105.822337,39.553012],[-105.818724,39.552074],[-105.815807,39.551976],[-105.816308,39.54815],[-105.818928,39.545815],[-105.819066,39.544064],[-105.817631,39.53831],[-105.819268,39.537572],[-105.821234,39.532468],[-105.822809,39.530802],[-105.82308,39.529865],[-105.823931,39.53056],[-105.830016,39.532043],[-105.836057,39.529285],[-105.838571,39.527821],[-105.840831,39.526932],[-105.844329,39.525992],[-105.845377,39.52375],[-105.847211,39.52484],[-105.851285,39.526121],[-105.854562,39.527868],[-105.857732,39.532058],[-105.859114,39.531813],[-105.860506,39.530487],[-105.861662,39.528605],[-105.859649,39.526495],[-105.856362,39.523702],[-105.854947,39.523332],[-105.853473,39.521976],[-105.850879,39.51892],[-105.849316,39.517473],[-105.846571,39.51588],[-105.840039,39.511396],[-105.835518,39.507437],[-105.833153,39.503845],[-105.828545,39.499986],[-105.825295,39.495312],[-105.823788,39.492406],[-105.823847,39.49188],[-105.821395,39.488378],[-105.819563,39.487509],[-105.814306,39.485999],[-105.811146,39.484809],[-105.808011,39.484254],[-105.804856,39.483368],[-105.80267,39.483528],[-105.799834,39.482566],[-105.793661,39.482152],[-105.791779,39.482557],[-105.789609,39.48176],[-105.786652,39.481486],[-105.780532,39.480255],[-105.779952,39.479767],[-105.776527,39.478501],[-105.774642,39.478114],[-105.77164,39.476857],[-105.7686,39.475212],[-105.764249,39.474063],[-105.762334,39.473095],[-105.759344,39.473472],[-105.754464,39.471863],[-105.753938,39.471075],[-105.75153,39.470164],[-105.749252,39.468771],[-105.747352,39.468395],[-105.744886,39.467232],[-105.743102,39.465007],[-105.741335,39.464304],[-105.736623,39.461288],[-105.73312,39.460591],[-105.730837,39.459741],[-105.725847,39.458864],[-105.724373,39.45776],[-105.721273,39.456673],[-105.721822,39.456563],[-105.723004,39.456148],[-105.727464,39.453429],[-105.729512,39.451946],[-105.732886,39.448368],[-105.736396,39.447791],[-105.738391,39.447091],[-105.74069,39.444536],[-105.744222,39.442486],[-105.745728,39.442292],[-105.747846,39.441939],[-105.74958,39.440941],[-105.751605,39.438893],[-105.755278,39.435454],[-105.759688,39.432751],[-105.760073,39.432518],[-105.761935,39.431306],[-105.764491,39.427443],[-105.764934,39.426076],[-105.765178,39.421748],[-105.764247,39.419156],[-105.762476,39.417118],[-105.758147,39.412406],[-105.75644,39.409891],[-105.754718,39.404737],[-105.75537,39.402985],[-105.757788,39.401956],[-105.762165,39.402141],[-105.76739,39.404609],[-105.770207,39.40565],[-105.773057,39.406377],[-105.774511,39.406395],[-105.777377,39.405683],[-105.778667,39.404886],[-105.780689,39.401928],[-105.785353,39.394155],[-105.786925,39.391536],[-105.781182,39.391427],[-105.763093,39.391181],[-105.751967,39.390873],[-105.747994,39.38694],[-105.747201,39.38504],[-105.742277,39.384456],[-105.740631,39.383292],[-105.737406,39.38169],[-105.736686,39.37926],[-105.735472,39.378086],[-105.731846,39.375842],[-105.729036,39.374178],[-105.727654,39.371596],[-105.726948,39.37106],[-105.72364,39.369778],[-105.722872,39.368326],[-105.722584,39.365828],[-105.720004,39.364367],[-105.717758,39.362594],[-105.71626,39.359737],[-105.715069,39.358601],[-105.713183,39.357548],[-105.71088,39.356614],[-105.708215,39.356503],[-105.703968,39.355487],[-105.700875,39.35537],[-105.697341,39.353274],[-105.691964,39.351269],[-105.690362,39.349864],[-105.688437,39.348386],[-105.686436,39.347955],[-105.683645,39.34954],[-105.68316,39.351209],[-105.681946,39.351741],[-105.680997,39.352093],[-105.68065,39.353253],[-105.679691,39.353669],[-105.677879,39.355529],[-105.676769,39.35549],[-105.674784,39.356227],[-105.674405,39.356255],[-105.672758,39.35648],[-105.669558,39.356742],[-105.660934,39.355188],[-105.656624,39.353661],[-105.653068,39.352981],[-105.647195,39.351036],[-105.642659,39.349387],[-105.639951,39.349112],[-105.636167,39.347815],[-105.633337,39.347425],[-105.629946,39.346235],[-105.627343,39.345967],[-105.623336,39.346466],[-105.62227,39.346264],[-105.618758,39.347452],[-105.617627,39.346307],[-105.615189,39.34572],[-105.612185,39.344137],[-105.608918,39.339746],[-105.606313,39.337497],[-105.607344,39.338989],[-105.606809,39.339681],[-105.598931,39.331953],[-105.596963,39.33044],[-105.596806,39.328066],[-105.59579,39.326578],[-105.592041,39.324969],[-105.588961,39.323992],[-105.587487,39.324107],[-105.585659,39.322711],[-105.581946,39.321659],[-105.578646,39.319096],[-105.571426,39.31603],[-105.568775,39.31555],[-105.565563,39.314245],[-105.562174,39.313559],[-105.560082,39.313536],[-105.557991,39.311934],[-105.556076,39.311018],[-105.554705,39.309526],[-105.553425,39.307356],[-105.551268,39.305438],[-105.549808,39.302066],[-105.547166,39.299876],[-105.545243,39.298671],[-105.542763,39.29786],[-105.541894,39.296828],[-105.5392,39.295384],[-105.537821,39.293309],[-105.537092,39.291353],[-105.536488,39.291014],[-105.526992,39.288236],[-105.526065,39.288375],[-105.525162,39.287263],[-105.522404,39.287448],[-105.519437,39.286197],[-105.51807,39.283902],[-105.515544,39.282234],[-105.512415,39.282535],[-105.511303,39.283555],[-105.507302,39.284759],[-105.503709,39.282934],[-105.500087,39.282256],[-105.499453,39.281168],[-105.49992,39.279913],[-105.499085,39.278358],[-105.497653,39.277508],[-105.497474,39.276725],[-105.495809,39.275705],[-105.493939,39.273523],[-105.49364,39.272263],[-105.492555,39.271258],[-105.4912,39.271507],[-105.490626,39.270635],[-105.488977,39.270237],[-105.488043,39.270953],[-105.486512,39.27086],[-105.485198,39.270181],[-105.480921,39.270279],[-105.479833,39.270635],[-105.478508,39.270064],[-105.476856,39.270918],[-105.475334,39.27051],[-105.470887,39.271077],[-105.468147,39.270458],[-105.467796,39.269972],[-105.465796,39.270882],[-105.464155,39.269924],[-105.464839,39.268182],[-105.463607,39.265862],[-105.462544,39.264623],[-105.459126,39.264925],[-105.459186,39.263465],[-105.458148,39.260603],[-105.457209,39.258877],[-105.455524,39.25809],[-105.454875,39.256381],[-105.453846,39.254988],[-105.454013,39.253888],[-105.453647,39.249222],[-105.45254,39.248262],[-105.451962,39.246687],[-105.449884,39.246209],[-105.449194,39.245193],[-105.447721,39.244992],[-105.440731,39.244685],[-105.438267,39.243541],[-105.438059,39.241131],[-105.436663,39.240848],[-105.434737,39.238967],[-105.433845,39.23907],[-105.432149,39.238125],[-105.42991,39.235579],[-105.429607,39.234143],[-105.428233,39.234179],[-105.425109,39.234966],[-105.422482,39.233534],[-105.421068,39.233386],[-105.420197,39.232375],[-105.420242,39.23101],[-105.420909,39.230169],[-105.417608,39.228262],[-105.417092,39.227272],[-105.414194,39.227075],[-105.414201,39.226165],[-105.415203,39.223639],[-105.414585,39.222559],[-105.411922,39.22283],[-105.411273,39.223279],[-105.409767,39.220103],[-105.40789,39.21878],[-105.409099,39.217433],[-105.411237,39.217165],[-105.411628,39.216109],[-105.409996,39.213677],[-105.40801,39.213509],[-105.406953,39.212981],[-105.406849,39.21098],[-105.402454,39.208419],[-105.401846,39.205997],[-105.399644,39.204765],[-105.397881,39.203277],[-105.397819,39.194425],[-105.397828,39.181203],[-105.397723,39.161516],[-105.397759,39.158624],[-105.397875,39.129564],[-105.442723,39.129077],[-105.45367,39.12891],[-105.461651,39.128817],[-105.463134,39.132197],[-105.463228,39.133212],[-105.463728,39.135378],[-105.466762,39.137539],[-105.468414,39.139441],[-105.469555,39.141701],[-105.471044,39.143489],[-105.471552,39.145777],[-105.472512,39.147189],[-105.474209,39.147721],[-105.478068,39.147215],[-105.480101,39.147528],[-105.480747,39.148482],[-105.480538,39.150849],[-105.479886,39.152363],[-105.480604,39.15385],[-105.48413,39.157061],[-105.48531,39.15839],[-105.48964,39.161539],[-105.492646,39.161975],[-105.494511,39.163529],[-105.495394,39.164792],[-105.498244,39.166683],[-105.50017,39.16698],[-105.503281,39.166961],[-105.50604,39.166598],[-105.507033,39.166467],[-105.511821,39.16629],[-105.517236,39.171968],[-105.52328,39.176068],[-105.52471,39.176447],[-105.526377,39.179049],[-105.528418,39.181579],[-105.531401,39.183691],[-105.533232,39.184197],[-105.535986,39.184224],[-105.540349,39.185345],[-105.541866,39.186146],[-105.546261,39.19105],[-105.549341,39.191777],[-105.550382,39.193834],[-105.549462,39.195749],[-105.550562,39.196925],[-105.554236,39.198082],[-105.556363,39.198494],[-105.559037,39.199596],[-105.562567,39.202381],[-105.564228,39.202914],[-105.565278,39.204776],[-105.566582,39.206246],[-105.570953,39.209529],[-105.57392,39.210456],[-105.57694,39.211985],[-105.579063,39.212514],[-105.58473,39.213507],[-105.587694,39.214972],[-105.590636,39.215763],[-105.595037,39.216548],[-105.597043,39.217117],[-105.600562,39.218667],[-105.60219,39.220271],[-105.602358,39.221456],[-105.604259,39.220261],[-105.608659,39.221637],[-105.60971,39.221617],[-105.612135,39.222505],[-105.615953,39.22272],[-105.618275,39.223912],[-105.619156,39.223683],[-105.621376,39.225104],[-105.622814,39.224983],[-105.625447,39.224001],[-105.628671,39.223663],[-105.62975,39.22482],[-105.632099,39.22634],[-105.633117,39.22619],[-105.634749,39.223608],[-105.63757,39.221449],[-105.637605,39.219705],[-105.643991,39.214028],[-105.644312,39.214128],[-105.645678,39.213055],[-105.647317,39.210839],[-105.647358,39.208325],[-105.64645,39.204299],[-105.645207,39.202188],[-105.64337,39.197117],[-105.643519,39.194887],[-105.643048,39.193313],[-105.642597,39.189023],[-105.641607,39.182651],[-105.640009,39.179526],[-105.638049,39.172911],[-105.635849,39.168037],[-105.633765,39.163846],[-105.633678,39.163603],[-105.631034,39.160633],[-105.630442,39.159321],[-105.629613,39.157246],[-105.62628,39.153049],[-105.625727,39.151816],[-105.62389,39.149518],[-105.622216,39.147137],[-105.621991,39.144514],[-105.621123,39.14267],[-105.620877,39.137585],[-105.621244,39.136487],[-105.620618,39.135516],[-105.620823,39.131646],[-105.62125,39.130587],[-105.622516,39.128808],[-105.6224,39.127005],[-105.621356,39.123802],[-105.621315,39.121841],[-105.620639,39.118208],[-105.620679,39.115657],[-105.62152,39.113471],[-105.62281,39.112313],[-105.625134,39.111039],[-105.627145,39.109717],[-105.629747,39.109603],[-105.632377,39.110115],[-105.635423,39.10909],[-105.637142,39.10793],[-105.639421,39.105459],[-105.638984,39.103379],[-105.63923,39.100975],[-105.63824,39.097758],[-105.636887,39.096375],[-105.633916,39.094596],[-105.628848,39.092478],[-105.624379,39.090584],[-105.615953,39.090614],[-105.613446,39.089842],[-105.611643,39.090402],[-105.606316,39.089104],[-105.604293,39.086844],[-105.604277,39.083055],[-105.604281,39.079259],[-105.604279,39.07546],[-105.604282,39.071682],[-105.604278,39.0697],[-105.60427,39.067891],[-105.604268,39.064116],[-105.604278,39.060692],[-105.604315,39.06031],[-105.604373,39.056534],[-105.604254,39.049513],[-105.604264,39.047898],[-105.604039,39.047898],[-105.604051,39.040595],[-105.604074,39.037335],[-105.604946,39.028254],[-105.606787,39.00685],[-105.574751,38.983102],[-105.574578,38.982974],[-105.574719,38.982659],[-105.576946,38.978349],[-105.578638,38.975021],[-105.581167,38.970112],[-105.582156,38.968027],[-105.58223,38.967847],[-105.583735,38.964169],[-105.584909,38.960581],[-105.583632,38.95873],[-105.574863,38.954693],[-105.570956,38.952914],[-105.569931,38.951753],[-105.569432,38.947265],[-105.56879,38.94373],[-105.56933,38.942184],[-105.568558,38.940554],[-105.565484,38.938772],[-105.562418,38.936535],[-105.562439,38.934626],[-105.56069,38.930801],[-105.560403,38.929442],[-105.558886,38.928243],[-105.554488,38.928171],[-105.553415,38.927926],[-105.548962,38.926033],[-105.544953,38.925573],[-105.530393,38.921289],[-105.534137,38.918574],[-105.538371,38.916851],[-105.54366,38.915866],[-105.546858,38.915015],[-105.548089,38.913831],[-105.550336,38.913906],[-105.5572,38.911535],[-105.560941,38.910076],[-105.562065,38.908994],[-105.563229,38.908806],[-105.565427,38.907341],[-105.569118,38.904343],[-105.573629,38.902442],[-105.577319,38.901343],[-105.580101,38.899443],[-105.58262,38.896856],[-105.583791,38.894705],[-105.585312,38.890218],[-105.586132,38.889142],[-105.588621,38.887915],[-105.589502,38.887699],[-105.592132,38.884204],[-105.594077,38.882211],[-105.597604,38.880483],[-105.598565,38.879602],[-105.599228,38.877857],[-105.601153,38.87692],[-105.601775,38.875139],[-105.603906,38.87297],[-105.604619,38.872367],[-105.606915,38.871618],[-105.608525,38.872312],[-105.611949,38.872193],[-105.616846,38.872477],[-105.61785,38.871771],[-105.620968,38.870596],[-105.623184,38.868174],[-105.630217,38.858577],[-105.633565,38.852922],[-105.638172,38.849119],[-105.642564,38.849223],[-105.645854,38.847436],[-105.647664,38.847144],[-105.648349,38.846292],[-105.653231,38.841951],[-105.654345,38.841537],[-105.65643,38.839241],[-105.657775,38.836262],[-105.658887,38.83451],[-105.658813,38.832386],[-105.65763,38.8308],[-105.657151,38.829265],[-105.660146,38.826454],[-105.662198,38.82496],[-105.670368,38.822941],[-105.671264,38.821316],[-105.673538,38.820122],[-105.674364,38.818927],[-105.676763,38.8174],[-105.677946,38.814411],[-105.679776,38.813339],[-105.679814,38.811487],[-105.678481,38.810601],[-105.677753,38.809116],[-105.677882,38.807774],[-105.679662,38.806355],[-105.681966,38.80581],[-105.68453,38.804606],[-105.686051,38.803902],[-105.687098,38.802083],[-105.688271,38.801389],[-105.692081,38.798263],[-105.692824,38.796453],[-105.694639,38.795113],[-105.694971,38.794321],[-105.697515,38.794073],[-105.69887,38.794517],[-105.69738,38.79214],[-105.69686,38.790242],[-105.69571,38.789445],[-105.69506,38.788026],[-105.694819,38.785751],[-105.692054,38.781361],[-105.691384,38.779005],[-105.689722,38.777124],[-105.686902,38.77457],[-105.686495,38.773702],[-105.685299,38.771543],[-105.684408,38.771094],[-105.684816,38.770311],[-105.684037,38.768384],[-105.684297,38.76679],[-105.682831,38.764081],[-105.681086,38.762487],[-105.680938,38.760415],[-105.679639,38.759184],[-105.67795,38.758387],[-105.678191,38.757387],[-105.677134,38.754997],[-105.675241,38.753099],[-105.673534,38.752461],[-105.672345,38.752591],[-105.66957,38.751731],[-105.669218,38.751156],[-105.667834,38.749403],[-105.665812,38.748036],[-105.664647,38.745527],[-105.662555,38.74383],[-105.661239,38.744454],[-105.656343,38.743033],[-105.655175,38.741578],[-105.654231,38.738632],[-105.654887,38.738286],[-105.654651,38.736151],[-105.653265,38.734636],[-105.651845,38.734163],[-105.649542,38.73186],[-105.646927,38.731605],[-105.647024,38.731493],[-105.649973,38.72899],[-105.651917,38.7265],[-105.653223,38.724],[-105.652327,38.721627],[-105.652215,38.719605],[-105.651155,38.71802],[-105.650948,38.715217],[-105.649401,38.711532],[-105.648419,38.710457],[-105.648231,38.708811],[-105.649317,38.708007],[-105.64777,38.706356],[-105.648418,38.703545],[-105.648544,38.701488],[-105.650195,38.699416],[-105.650178,38.696649],[-105.649543,38.695],[-105.634235,38.695159],[-105.616179,38.695419],[-105.613586,38.695346],[-105.593096,38.695692],[-105.580392,38.695896],[-105.569381,38.69585],[-105.531547,38.695935],[-105.514458,38.69659],[-105.51104,38.696508],[-105.500548,38.696641],[-105.498448,38.69708],[-105.488521,38.697208],[-105.462363,38.697447],[-105.454695,38.697516],[-105.449367,38.697565],[-105.392205,38.697526],[-105.375545,38.697516],[-105.32896,38.697203],[-105.328962,38.697558],[-105.313663,38.697461],[-105.296621,38.697424],[-105.277883,38.697556],[-105.261929,38.697447],[-105.255485,38.69738],[-105.24209,38.697293],[-105.237043,38.697267],[-105.237069,38.679208],[-105.237816,38.675229],[-105.237908,38.674747],[-105.240303,38.662169],[-105.239927,38.647464],[-105.219885,38.647863],[-105.219505,38.647871],[-105.202261,38.648182],[-105.19042,38.648153],[-105.169212,38.648032],[-105.154184,38.64784],[-105.146491,38.647625],[-105.128166,38.647678],[-105.116212,38.647914],[-105.111252,38.647835],[-105.109887,38.647773],[-105.109579,38.647763],[-105.103161,38.647949],[-105.090756,38.647783],[-105.073469,38.648533],[-105.068866,38.649287],[-105.055006,38.651552],[-105.049799,38.652404],[-105.039685,38.652368],[-105.031364,38.652326],[-105.013197,38.652729],[-104.994968,38.651659],[-104.977531,38.651183],[-104.959688,38.650746],[-104.942425,38.650159],[-104.942528,38.624993],[-104.942359,38.608606],[-104.942144,38.58792],[-104.942095,38.584159],[-104.941933,38.567791],[-104.941783,38.552552],[-104.941557,38.522305],[-104.941533,38.519569],[-104.934082,38.520191],[-104.932949,38.520286],[-104.923716,38.520289],[-104.911325,38.520285],[-104.895683,38.5203],[-104.88757,38.519904],[-104.882012,38.520087],[-104.866674,38.520017],[-104.86615,38.519857],[-104.840641,38.51993],[-104.836167,38.51998],[-104.825906,38.519776],[-104.820466,38.519913],[-104.815976,38.520029],[-104.800085,38.51999],[-104.796104,38.520165],[-104.787217,38.520119],[-104.775787,38.519927],[-104.770777,38.519842],[-104.75053,38.519871],[-104.737859,38.519652],[-104.734088,38.519631],[-104.717994,38.51956],[-104.704989,38.519536],[-104.690795,38.51947],[-104.68728,38.519454],[-104.684322,38.51944],[-104.660376,38.519754],[-104.644691,38.519842],[-104.631445,38.519917],[-104.631129,38.519914],[-104.630682,38.519917],[-104.63216,38.522752],[-104.632055,38.522814],[-104.638347,38.535215],[-104.638168,38.535437],[-104.638703,38.536172],[-104.642108,38.542868],[-104.644294,38.548415],[-104.646768,38.553735],[-104.651552,38.563248],[-104.647269,38.563281],[-104.662535,38.581767],[-104.665982,38.58594],[-104.66738,38.587635],[-104.668045,38.589055],[-104.670319,38.600384],[-104.671196,38.60633],[-104.6725,38.615778],[-104.672824,38.61759],[-104.674733,38.624569],[-104.678938,38.639647],[-104.684084,38.658235],[-104.685484,38.663272],[-104.685829,38.664509],[-104.692405,38.664329],[-104.69246,38.664437],[-104.692483,38.664437],[-104.692835,38.664434],[-104.692902,38.66446],[-104.692969,38.664459],[-104.692968,38.664405],[-104.693074,38.664403],[-104.69566,38.664349],[-104.694967,38.665755],[-104.695335,38.666756],[-104.697959,38.669543],[-104.698994,38.672326],[-104.69976,38.6734],[-104.702762,38.67499],[-104.705089,38.677426],[-104.706612,38.679785],[-104.707123,38.681791],[-104.708267,38.682407],[-104.710199,38.680463],[-104.71176,38.679721],[-104.712721,38.680953],[-104.712774,38.682612],[-104.713492,38.684317],[-104.714525,38.685559],[-104.714767,38.68556],[-104.71477,38.685823],[-104.71488,38.686028],[-104.716159,38.686043],[-104.716298,38.686042],[-104.716496,38.686044],[-104.716872,38.686818],[-104.717188,38.68676],[-104.717584,38.686767],[-104.718902,38.689655],[-104.720669,38.693177],[-104.723669,38.70595],[-104.725959,38.711643],[-104.729395,38.719963],[-104.730688,38.721891],[-104.733566,38.724706],[-104.735942,38.724469],[-104.738381,38.725237],[-104.743099,38.725819],[-104.74901,38.72584],[-104.750928,38.726369],[-104.751521,38.725249],[-104.754428,38.724914],[-104.756186,38.725249],[-104.759419,38.72628],[-104.762855,38.726976],[-104.768065,38.727231],[-104.771791,38.727387],[-104.773448,38.728157],[-104.774289,38.726418],[-104.775456,38.725304],[-104.776763,38.72476],[-104.777974,38.724475],[-104.783912,38.724139],[-104.787407,38.723968],[-104.79163,38.723722],[-104.793489,38.723335],[-104.796781,38.72199],[-104.799138,38.720979],[-104.803787,38.718609],[-104.807296,38.716487],[-104.809684,38.716578],[-104.815771,38.718872],[-104.816422,38.719168],[-104.817257,38.719496],[-104.817724,38.719643],[-104.818002,38.719677],[-104.81862,38.719824],[-104.818773,38.716102],[-104.819395,38.716058],[-104.81958,38.715707],[-104.822393,38.71576],[-104.827983,38.719495],[-104.828252,38.719675],[-104.830777,38.721362],[-104.833031,38.723157],[-104.843654,38.723059],[-104.839467,38.734216],[-104.835239,38.737656],[-104.834659,38.737459],[-104.833682,38.737575],[-104.831034,38.737694],[-104.83111,38.742565],[-104.831116,38.742925],[-104.836573,38.740008],[-104.840189,38.743087],[-104.840625,38.744216],[-104.840736,38.744454],[-104.840819,38.744643],[-104.841067,38.745443],[-104.840523,38.745551],[-104.840499,38.745556],[-104.841205,38.747135],[-104.842652,38.748472],[-104.849816,38.748392],[-104.858744,38.748522],[-104.85883,38.752105],[-104.85938,38.752109],[-104.867567,38.752193],[-104.86812,38.768344],[-104.868208,38.777715],[-104.864088,38.777664],[-104.863793,38.77766],[-104.863691,38.777656],[-104.863684,38.777787],[-104.863667,38.777834],[-104.863685,38.779567],[-104.86369,38.779735],[-104.863689,38.779963],[-104.863705,38.781394],[-104.868403,38.785054],[-104.869286,38.78609],[-104.869443,38.78629],[-104.872574,38.790001],[-104.873521,38.791114],[-104.874824,38.792656],[-104.876525,38.79467],[-104.877528,38.795857],[-104.881252,38.800009],[-104.887183,38.806593],[-104.88741,38.810149],[-104.887253,38.812728],[-104.887232,38.813737],[-104.891971,38.813795],[-104.891695,38.817365],[-104.886988,38.817301],[-104.886793,38.820681],[-104.886616,38.823764],[-104.885353,38.824325],[-104.886599,38.824315],[-104.886575,38.824775],[-104.887152,38.824333],[-104.901289,38.824496],[-104.908818,38.824665],[-104.909493,38.823745],[-104.913201,38.823757],[-104.914773,38.824652],[-104.916458,38.825218],[-104.916429,38.829164],[-104.91641,38.831766],[-104.914947,38.831762],[-104.914942,38.834006],[-104.914553,38.834872],[-104.917414,38.834927],[-104.919456,38.835539],[-104.921782,38.834882],[-104.923891,38.83491],[-104.925874,38.833497],[-104.92781,38.832984],[-104.929839,38.831775],[-104.930148,38.831948],[-104.93118,38.831777],[-104.935129,38.833241],[-104.938059,38.833181],[-104.937141,38.834135],[-104.937497,38.835035],[-104.939727,38.83496],[-104.940809,38.837675],[-104.942195,38.839003],[-104.940262,38.838992],[-104.940276,38.850389],[-104.940249,38.850744],[-104.939942,38.853306],[-104.939932,38.853389],[-104.939031,38.867692],[-104.929903,38.867516],[-104.927491,38.867629],[-104.926994,38.867657],[-104.924867,38.867777],[-104.925325,38.868498],[-104.925677,38.869968],[-104.926021,38.870139],[-104.927161,38.871456],[-104.927311,38.871879],[-104.927795,38.872236],[-104.928307,38.87234],[-104.928846,38.872795],[-104.928542,38.87316],[-104.92864,38.873493],[-104.929557,38.873907],[-104.929614,38.874252],[-104.929438,38.874777],[-104.929707,38.875321],[-104.930355,38.875837],[-104.93193,38.876239],[-104.933368,38.876419],[-104.934694,38.876227],[-104.935547,38.876033],[-104.935684,38.87601],[-104.935885,38.875983],[-104.936104,38.875979],[-104.936315,38.875983],[-104.936523,38.876005],[-104.936798,38.876105],[-104.936949,38.876194],[-104.936886,38.87623],[-104.936825,38.87627],[-104.938014,38.877305],[-104.941093,38.87863],[-104.944787,38.878567],[-104.947098,38.880232],[-104.949737,38.881422],[-104.950709,38.883928],[-104.95331,38.88692],[-104.95576,38.887954],[-104.956872,38.889108],[-104.958586,38.889971],[-104.960069,38.889979],[-104.963108,38.888814],[-104.964853,38.88986],[-104.966542,38.891915],[-104.966014,38.89252],[-104.9645,38.892638],[-104.964486,38.893926],[-104.964412,38.894811],[-104.964389,38.895321],[-104.963362,38.895984],[-104.963248,38.897013],[-104.963287,38.898296],[-104.963488,38.899773],[-104.965299,38.900323],[-104.965554,38.901017],[-104.966719,38.902888],[-104.970129,38.906004],[-104.971363,38.907779],[-104.975035,38.910648],[-104.984299,38.918398],[-104.982039,38.920614],[-104.981303,38.921846],[-104.979767,38.92295],[-104.978887,38.92295],[-104.975045,38.926875],[-104.972145,38.929839],[-104.97191,38.930983],[-104.972922,38.931703],[-104.972131,38.933116],[-104.972453,38.935657],[-104.971586,38.940181],[-104.971736,38.941298],[-104.971411,38.945687],[-104.970606,38.9483],[-104.970904,38.949424],[-104.972217,38.948494],[-104.975005,38.948839],[-104.978628,38.951268],[-104.979825,38.95141],[-104.982224,38.950919],[-104.983997,38.951563],[-104.984564,38.953291],[-104.986296,38.954187],[-104.987041,38.955936],[-104.987914,38.957491],[-104.9901,38.958023],[-104.992191,38.95809],[-104.993379,38.959482],[-104.995048,38.960229],[-104.995669,38.961705],[-104.994616,38.963946],[-104.994363,38.965649],[-104.992429,38.966132],[-104.991658,38.967884],[-104.990672,38.968525],[-104.990298,38.96985],[-104.988297,38.971159],[-104.986181,38.971979],[-104.979385,38.971466],[-104.977685,38.97052],[-104.977804,38.96991],[-104.980111,38.969464],[-104.97838,38.968778],[-104.974886,38.968878],[-104.972963,38.970194],[-104.971818,38.972092],[-104.966769,38.97244],[-104.965843,38.972214],[-104.96408,38.972101],[-104.963063,38.972561],[-104.960323,38.97603],[-104.959476,38.974998],[-104.956912,38.974908],[-104.954961,38.974664],[-104.954374,38.972582],[-104.951966,38.971892],[-104.94979,38.970077],[-104.948753,38.970462],[-104.947679,38.971651],[-104.946479,38.973915],[-104.944506,38.974142],[-104.942199,38.973808],[-104.941484,38.97271],[-104.940146,38.972824],[-104.938673,38.972182],[-104.935674,38.971833],[-104.93367,38.971204],[-104.931882,38.972036],[-104.930195,38.972171],[-104.929241,38.971454],[-104.92697,38.971888],[-104.923846,38.971876],[-104.92093,38.970533],[-104.916986,38.970159],[-104.915766,38.970934],[-104.912368,38.970575],[-104.911674,38.971242],[-104.910428,38.970646],[-104.908384,38.971086],[-104.907925,38.969175],[-104.906206,38.968822],[-104.90498,38.970137],[-104.904485,38.969479],[-104.903029,38.970099],[-104.901977,38.971901],[-104.900902,38.97254],[-104.897844,38.971483],[-104.896205,38.971728],[-104.896207,38.972306],[-104.895249,38.981227],[-104.896302,38.982614],[-104.896332,38.983124],[-104.896372,38.983638],[-104.896357,38.983901],[-104.896603,38.9839],[-104.896888,38.983895],[-104.9042,38.983784],[-104.904675,38.983778],[-104.904756,38.986851],[-104.904862,38.990819],[-104.903002,38.990868],[-104.895881,38.991055],[-104.89615,38.99782],[-104.904399,38.99766],[-104.905584,38.997638],[-104.905498,39.006341],[-104.90489,39.011398],[-104.904682,39.015206],[-104.904697,39.019015],[-104.905342,39.027157],[-104.905368,39.028006],[-104.910104,39.028104],[-104.910135,39.028413],[-104.910491,39.033147],[-104.910634,39.040497],[-104.909657,39.040497],[-104.909583,39.042416],[-104.90584,39.042054],[-104.903409,39.042056],[-104.903499,39.042222],[-104.903537,39.043483],[-104.906025,39.043893],[-104.907366,39.044874],[-104.907538,39.045266],[-104.907762,39.046342],[-104.907159,39.048362],[-104.907586,39.050429],[-104.90616,39.052504],[-104.906649,39.054036],[-104.908018,39.05424],[-104.907509,39.055221],[-104.906475,39.056413],[-104.91017,39.056489],[-104.914499,39.056444],[-104.915211,39.056437],[-104.915156,39.06379],[-104.914477,39.063781],[-104.911224,39.063735],[-104.899739,39.063751],[-104.900407,39.06248],[-104.898765,39.06165],[-104.897672,39.062595],[-104.89665,39.063685],[-104.896465,39.065639],[-104.896416,39.068815],[-104.896381,39.071147],[-104.895953,39.071982],[-104.895308,39.073727],[-104.895201,39.075509],[-104.895174,39.078207],[-104.887181,39.078266],[-104.887112,39.081174],[-104.887034,39.083219],[-104.886944,39.0891],[-104.891176,39.089183],[-104.890502,39.09021],[-104.890423,39.093302],[-104.888955,39.093636],[-104.887035,39.092279],[-104.885071,39.090445],[-104.884439,39.091432],[-104.885052,39.093393],[-104.886255,39.094006],[-104.885467,39.095094],[-104.884629,39.095502],[-104.884293,39.095666],[-104.884308,39.095695],[-104.884522,39.096422],[-104.885012,39.097452],[-104.887288,39.100019],[-104.886757,39.100041],[-104.886747,39.101792],[-104.88604,39.102477],[-104.887069,39.102363],[-104.88878,39.101711],[-104.889852,39.103161],[-104.886979,39.10354],[-104.886015,39.103531],[-104.886638,39.103856],[-104.891252,39.106309],[-104.895915,39.109163],[-104.89858,39.110852],[-104.901133,39.109575],[-104.90122,39.108567],[-104.903125,39.10828],[-104.903096,39.109037],[-104.905087,39.109451],[-104.90507,39.108789],[-104.905057,39.108353],[-104.903921,39.108346],[-104.903905,39.107781],[-104.904092,39.1075],[-104.905034,39.107502],[-104.905016,39.107133],[-104.900725,39.107137],[-104.900454,39.107135],[-104.900521,39.103822],[-104.900796,39.102063],[-104.901061,39.100985],[-104.902519,39.099976],[-104.904287,39.099873],[-104.905535,39.099874],[-104.906015,39.099874],[-104.907505,39.099856],[-104.909005,39.099793],[-104.909884,39.099787],[-104.909836,39.103402],[-104.912937,39.103347],[-104.91452,39.10332],[-104.914523,39.106902],[-104.919143,39.106867],[-104.919138,39.105164],[-104.919723,39.105159],[-104.921145,39.105865],[-104.922162,39.105757],[-104.922951,39.106996],[-104.923732,39.107003],[-104.923733,39.107101],[-104.923736,39.107881],[-104.923769,39.109463],[-104.923799,39.118203],[-104.926049,39.118225],[-104.926054,39.118712],[-104.92607,39.120138],[-104.923789,39.120109],[-104.923787,39.129822],[-104.945267,39.129828],[-104.993898,39.129901],[-105.00054,39.129917],[-105.029549,39.129831],[-105.026753,39.13548],[-105.027403,39.137551],[-105.026484,39.144476],[-105.02512,39.1459],[-105.024824,39.149154],[-105.024029,39.14969],[-105.025451,39.152304],[-105.025409,39.154489],[-105.026301,39.155697],[-105.025028,39.156578],[-105.022207,39.157503],[-105.022393,39.15847],[-105.021045,39.159082],[-105.02182,39.160718],[-105.022355,39.163816],[-105.020749,39.165315],[-105.022195,39.165854],[-105.023808,39.167457],[-105.023051,39.168974],[-105.02385,39.170156],[-105.023969,39.171438],[-105.026414,39.172271],[-105.026599,39.17232],[-105.025918,39.173525],[-105.02533,39.173172],[-105.022251,39.173255],[-105.019387,39.174181],[-105.013742,39.177591],[-105.012095,39.177502],[-105.009305,39.178383],[-105.009131,39.180285],[-105.009363,39.18375],[-105.008009,39.185584],[-105.00809,39.188377],[-105.00941,39.190405],[-105.012364,39.193595],[-105.012526,39.194883],[-105.011542,39.196028],[-105.01182,39.197749],[-105.013337,39.20011],[-105.013257,39.202543],[-105.013755,39.20393],[-105.011821,39.205237],[-105.005637,39.208067],[-105.004015,39.208265],[-105.002984,39.209031],[-105.002764,39.211068],[-105.001091,39.211883],[-105.00054,39.213023],[-105.00054,39.216078],[-104.996775,39.216483],[-104.995096,39.217448],[-104.991481,39.217051],[-104.990149,39.217357],[-104.988293,39.218693],[-104.986268,39.218528],[-104.982851,39.21741],[-104.980801,39.21741],[-104.978217,39.218887],[-104.978142,39.217287],[-104.961059,39.217173],[-104.960711,39.226849],[-104.960747,39.231025],[-104.960543,39.232282],[-104.958828,39.235661],[-104.956641,39.239212],[-104.956588,39.23929],[-104.956063,39.240104],[-104.956065,39.240323],[-104.955928,39.243206],[-104.953477,39.246949],[-104.9526,39.247665],[-104.95024,39.248375],[-104.946276,39.248963],[-104.945067,39.250093],[-104.945087,39.252819],[-104.946995,39.256602],[-104.949204,39.260962],[-104.95125,39.264837],[-104.95175,39.265561],[-104.95595,39.271724],[-104.956038,39.272174],[-104.958084,39.272178],[-104.959928,39.272886],[-104.960863,39.272531],[-104.962303,39.273138],[-104.96301,39.275133],[-104.978246,39.275018],[-104.988679,39.274938],[-104.988714,39.278221],[-104.988761,39.282482],[-104.997576,39.282236],[-104.997904,39.296873],[-105.001316,39.296886],[-105.004174,39.294839],[-105.004547,39.295106],[-105.006376,39.295434],[-105.009458,39.29287],[-105.011128,39.292266],[-105.013017,39.289851],[-105.014177,39.289545],[-105.016102,39.28776],[-105.017574,39.287715],[-105.02104,39.285137],[-105.024125,39.285308],[-105.02438,39.284019],[-105.025175,39.283709],[-105.025042,39.304076],[-105.032484,39.304049],[-105.043962,39.304153],[-105.042763,39.307096],[-105.052373,39.307949],[-105.053765,39.323259],[-105.051128,39.325427],[-105.051726,39.326485],[-105.050234,39.326714],[-105.050004,39.32837],[-105.048415,39.32804],[-105.048538,39.329618],[-105.047894,39.329787],[-105.047011,39.332864],[-105.044715,39.333852],[-105.043813,39.335136],[-105.043082,39.338323],[-105.041586,39.339305],[-105.039185,39.339881],[-105.036862,39.341001],[-105.034784,39.343516],[-105.030986,39.346858],[-105.029552,39.346662],[-105.028394,39.346462],[-105.026477,39.347453],[-105.022191,39.348002],[-105.02113,39.348782],[-105.018347,39.349311],[-105.018892,39.35157],[-105.019766,39.352014],[-105.021792,39.351572],[-105.023533,39.353635],[-105.025878,39.354567],[-105.027868,39.354678],[-105.025546,39.35629],[-105.023204,39.358684],[-105.021861,39.359353],[-105.019406,39.361941],[-105.017547,39.363354],[-105.015335,39.364475],[-105.011501,39.365618],[-105.008611,39.366211],[-105.007039,39.367151],[-105.00487,39.367025],[-105.003441,39.367797],[-105.002195,39.367487],[-104.997524,39.367633],[-104.994352,39.367381],[-104.992481,39.366595],[-104.989404,39.366683],[-104.984765,39.367366],[-104.983428,39.36814],[-104.976648,39.368563],[-104.972282,39.368684],[-104.970845,39.369068],[-104.968349,39.368745],[-104.966527,39.369256],[-104.965465,39.369083],[-104.957117,39.368815],[-104.955788,39.370368],[-104.955632,39.370552],[-104.953733,39.373171],[-104.95079,39.378997],[-104.948536,39.385556],[-104.948074,39.388443],[-104.948421,39.390503],[-104.949519,39.39258],[-104.949948,39.395879],[-104.950672,39.399526],[-104.952273,39.405055],[-104.952599,39.406783],[-104.952567,39.410881],[-104.954638,39.417906],[-104.955601,39.41973],[-104.960025,39.425216],[-104.965398,39.431388],[-104.964579,39.43223],[-104.966427,39.431911],[-104.96841,39.430406],[-104.97023,39.430399],[-104.971682,39.431185],[-104.974211,39.431623],[-104.975218,39.432518],[-104.978101,39.434088],[-104.980141,39.433071],[-104.982543,39.434466],[-104.983147,39.437025],[-104.982758,39.438597],[-104.98662,39.438966],[-104.988034,39.438596],[-104.98989,39.437279],[-104.992228,39.436657],[-104.993999,39.434788],[-104.996343,39.434395],[-104.999751,39.434614],[-105.007408,39.434618],[-105.007453,39.434614],[-105.008979,39.434525],[-105.009632,39.433934],[-105.008243,39.434107],[-105.006826,39.432782],[-105.007418,39.427871],[-105.006465,39.427024],[-105.007092,39.42561],[-105.010426,39.422825],[-105.009776,39.421782],[-105.009903,39.421473],[-105.01132,39.419716],[-105.011901,39.419599],[-105.01247,39.417698],[-105.016623,39.416027],[-105.018185,39.414687],[-105.020299,39.413759],[-105.021309,39.411785],[-105.023574,39.411271],[-105.025293,39.410172],[-105.025526,39.409495],[-105.025932,39.409649],[-105.026651,39.407738],[-105.027534,39.40681],[-105.027626,39.405377],[-105.028113,39.403764],[-105.029205,39.403052],[-105.031609,39.402403],[-105.033733,39.400933],[-105.035499,39.400645],[-105.037113,39.401122],[-105.038204,39.399779],[-105.038123,39.398986],[-105.039851,39.395804],[-105.04136,39.394353],[-105.04359,39.394947],[-105.044623,39.393757],[-105.047909,39.393026],[-105.048095,39.392305],[-105.047165,39.391053],[-105.048918,39.390503],[-105.050495,39.388087],[-105.052829,39.387734],[-105.054432,39.388023],[-105.05435,39.391371],[-105.063374,39.391433],[-105.063481,39.399795],[-105.063559,39.405689],[-105.072761,39.405861],[-105.072809,39.411661],[-105.072946,39.41386],[-105.072986,39.420106],[-105.090099,39.420092],[-105.096102,39.408471],[-105.097775,39.409043],[-105.099414,39.410366],[-105.102187,39.415716],[-105.103303,39.416616],[-105.104469,39.419598],[-105.10547,39.420327],[-105.105344,39.421832],[-105.106739,39.422272],[-105.105962,39.423372],[-105.106614,39.424345],[-105.109868,39.424801],[-105.111253,39.426458],[-105.114412,39.42586],[-105.115029,39.42631],[-105.116818,39.425957],[-105.118457,39.426415],[-105.118936,39.428514],[-105.118591,39.430488],[-105.11986,39.431748],[-105.120637,39.433689],[-105.122548,39.434644],[-105.122642,39.434637],[-105.122723,39.434622],[-105.122793,39.43461],[-105.123072,39.434547],[-105.123383,39.434546],[-105.123452,39.434554],[-105.123522,39.434561],[-105.123617,39.434698],[-105.123644,39.434737],[-105.123672,39.43477],[-105.12436,39.435561],[-105.124674,39.435879],[-105.12489,39.436221],[-105.124956,39.436437],[-105.124993,39.437041],[-105.125059,39.437371],[-105.125337,39.438086],[-105.125469,39.438337],[-105.125544,39.438521],[-105.125609,39.438619],[-105.125925,39.439101],[-105.126126,39.439761],[-105.126144,39.440187],[-105.125977,39.440532],[-105.125945,39.440598],[-105.12589,39.440746],[-105.12572,39.441212],[-105.125623,39.441386],[-105.12559,39.441448],[-105.125544,39.441509],[-105.125508,39.441586],[-105.125477,39.441653],[-105.125385,39.441854],[-105.125355,39.441922],[-105.125338,39.441944],[-105.125027,39.442174],[-105.124795,39.442508],[-105.124704,39.442736],[-105.124738,39.442872],[-105.124796,39.443097],[-105.124792,39.443533],[-105.124742,39.44402],[-105.124369,39.444892],[-105.124066,39.445419],[-105.123925,39.445914],[-105.12385,39.4463],[-105.123789,39.446621],[-105.123922,39.447053],[-105.123983,39.447461],[-105.123972,39.447473],[-105.123852,39.447603],[-105.12368,39.447676],[-105.123578,39.447721],[-105.123214,39.447831],[-105.123103,39.447957],[-105.123093,39.448138],[-105.123148,39.448379],[-105.123185,39.448538],[-105.123309,39.448696],[-105.123413,39.448828],[-105.123629,39.449025],[-105.123697,39.449087],[-105.123758,39.449276],[-105.123728,39.449464],[-105.123425,39.449716],[-105.123071,39.449975],[-105.123054,39.450042],[-105.123,39.450258],[-105.123025,39.450495],[-105.123062,39.450847],[-105.123078,39.450887],[-105.123316,39.451475],[-105.123492,39.452006],[-105.123597,39.452323],[-105.123621,39.452383],[-105.123881,39.453022],[-105.123984,39.453807],[-105.124036,39.454279],[-105.124092,39.454616],[-105.124184,39.454985],[-105.124229,39.455062],[-105.124317,39.455211],[-105.124509,39.455535],[-105.124824,39.456029],[-105.125017,39.456367],[-105.125027,39.456375],[-105.125096,39.456435],[-105.125362,39.456665],[-105.125543,39.456742],[-105.125661,39.45679],[-105.126201,39.457009],[-105.126377,39.457069],[-105.126696,39.4572],[-105.126821,39.45734],[-105.126825,39.457516],[-105.126846,39.457561],[-105.126881,39.457635],[-105.126908,39.457668],[-105.127184,39.458021],[-105.127226,39.458101],[-105.127712,39.458613],[-105.128661,39.458865],[-105.130399,39.459527],[-105.13086,39.459932],[-105.131879,39.460525],[-105.132529,39.461248],[-105.132941,39.461912],[-105.13304,39.46249],[-105.132638,39.463635],[-105.132577,39.464321],[-105.132975,39.464807],[-105.133132,39.466312],[-105.133456,39.466319],[-105.134173,39.46709],[-105.137183,39.466591],[-105.137916,39.467383],[-105.140395,39.468309],[-105.142439,39.46736],[-105.145426,39.467338],[-105.14723,39.468219],[-105.149183,39.467919],[-105.151219,39.468664],[-105.152255,39.46951],[-105.154638,39.4693],[-105.156432,39.471027],[-105.158769,39.471186],[-105.159805,39.471681],[-105.162095,39.471488],[-105.163423,39.472451],[-105.166946,39.472743],[-105.167657,39.473238],[-105.169855,39.473568],[-105.173574,39.472968],[-105.175936,39.473802],[-105.180337,39.476093],[-105.181399,39.477866],[-105.187595,39.481623],[-105.188785,39.483243],[-105.189996,39.483908],[-105.188472,39.48474],[-105.187486,39.487462],[-105.186601,39.488585],[-105.185001,39.489197],[-105.182653,39.488653],[-105.180517,39.487136],[-105.180436,39.489417],[-105.182171,39.493493],[-105.181251,39.49552],[-105.180603,39.498195],[-105.180938,39.499136],[-105.180603,39.500787],[-105.181353,39.503978],[-105.182234,39.504221],[-105.184773,39.507131],[-105.186124,39.50495],[-105.186529,39.504952],[-105.186932,39.507217],[-105.188178,39.507548],[-105.188126,39.508995],[-105.188766,39.509113],[-105.188836,39.506463],[-105.189919,39.501798],[-105.191147,39.501855],[-105.191382,39.501053],[-105.193225,39.500102],[-105.194316,39.500523],[-105.193722,39.498591],[-105.195635,39.497304],[-105.19772,39.496545],[-105.200903,39.496727],[-105.203706,39.49636],[-105.205213,39.495815],[-105.205808,39.494924],[-105.206092,39.4948],[-105.209107,39.493504],[-105.21117,39.493047],[-105.213698,39.494121],[-105.217372,39.494924],[-105.21935,39.495805],[-105.22188,39.496115],[-105.222805,39.49662],[-105.226724,39.498059],[-105.230582,39.49887],[-105.234658,39.498974],[-105.237429,39.499914],[-105.244418,39.501177],[-105.245606,39.501737],[-105.246947,39.501541],[-105.248431,39.502003],[-105.25041,39.503769],[-105.260856,39.50374],[-105.262852,39.504367],[-105.263657,39.505521],[-105.265148,39.506359],[-105.26812,39.507025],[-105.269038,39.508579],[-105.27101,39.510265],[-105.27623,39.51103],[-105.27914,39.512208],[-105.28043,39.512848],[-105.282325,39.51397],[-105.284276,39.514077],[-105.286723,39.51566],[-105.290391,39.517151],[-105.291385,39.517975],[-105.296068,39.519531],[-105.3013,39.521703],[-105.301262,39.520848],[-105.302279,39.51862],[-105.303949,39.517285],[-105.305046,39.520253],[-105.305953,39.521919],[-105.306114,39.521905],[-105.305791,39.520683],[-105.30566,39.520206],[-105.305625,39.520058],[-105.305249,39.518169],[-105.305896,39.515203],[-105.30673,39.512163],[-105.306951,39.510218],[-105.307324,39.509501],[-105.308002,39.508774],[-105.308483,39.50847],[-105.314175,39.50576],[-105.314141,39.50567],[-105.312027,39.505595],[-105.31101,39.506391],[-105.308565,39.506957],[-105.307746,39.506199],[-105.310376,39.504928],[-105.312575,39.504589],[-105.313367,39.504037],[-105.313502,39.503931],[-105.31221,39.503109],[-105.314816,39.502188],[-105.316075,39.501089],[-105.31754,39.501032],[-105.321736,39.499582],[-105.323784,39.498437],[-105.326347,39.499116],[-105.325108,39.497848],[-105.326524,39.49656],[-105.32608,39.495885],[-105.328724,39.494376],[-105.33012,39.495846],[-105.329909,39.496359],[-105.329889,39.497098],[-105.329968,39.498106],[-105.329924,39.499066],[-105.328817,39.499082],[-105.328778,39.500239],[-105.32872,39.500492],[-105.326124,39.50056],[-105.325253,39.501538],[-105.329354,39.501272],[-105.332428,39.49977],[-105.333329,39.498524],[-105.334569,39.496894],[-105.3352,39.496554],[-105.340066,39.495218],[-105.341887,39.49431],[-105.345426,39.49203],[-105.348086,39.490784],[-105.350943,39.489887],[-105.353877,39.489777],[-105.356599,39.488537],[-105.358948,39.488061],[-105.360242,39.487252],[-105.361658,39.485117],[-105.362588,39.484428],[-105.364641,39.483247],[-105.365807,39.480802],[-105.368047,39.479663],[-105.369344,39.479245],[-105.370981,39.478344],[-105.372214,39.47709],[-105.374312,39.474598],[-105.37468,39.471442],[-105.376068,39.470051],[-105.379013,39.46882],[-105.379969,39.467748],[-105.381782,39.466842],[-105.384791,39.466319],[-105.389379,39.467125],[-105.391555,39.467025],[-105.395243,39.466092],[-105.398341,39.464173],[-105.398055,39.465957],[-105.397898,39.466957],[-105.398051,39.467145],[-105.398139,39.468725],[-105.39815,39.470996],[-105.398156,39.471848],[-105.398118,39.473004],[-105.398087,39.473913],[-105.398051,39.475131],[-105.398052,39.477559],[-105.398139,39.481327],[-105.398039,39.486166],[-105.398051,39.487952],[-105.398254,39.498313],[-105.398251,39.499167],[-105.398251,39.500498],[-105.398251,39.501761],[-105.398251,39.503101],[-105.398343,39.505201],[-105.39835,39.513798],[-105.398518,39.52475],[-105.398851,39.535588],[-105.398807,39.537282],[-105.398751,39.539497],[-105.398851,39.557766],[-105.398949,39.566056],[-105.398984,39.569771],[-105.39904,39.570991],[-105.398986,39.573074],[-105.398994,39.573321],[-105.398996,39.57336],[-105.39915,39.578218],[-105.39915,39.57865],[-105.39915,39.580188],[-105.399089,39.582072],[-105.39905,39.582788],[-105.398957,39.584928],[-105.39895,39.588444],[-105.398951,39.604786],[-105.398875,39.60641],[-105.39875,39.615418],[-105.398665,39.619779],[-105.398653,39.620374],[-105.39855,39.625476],[-105.39845,39.629362],[-105.39845,39.629412],[-105.39845,39.629573],[-105.39845,39.629688],[-105.39845,39.629733],[-105.39845,39.629782],[-105.39845,39.629952],[-105.39845,39.630167],[-105.39845,39.630242],[-105.39845,39.630412],[-105.398451,39.630738],[-105.398451,39.631219],[-105.39845,39.632174],[-105.39835,39.635888],[-105.398251,39.636727],[-105.398252,39.643533],[-105.39825,39.645147],[-105.39825,39.645929],[-105.39825,39.64605],[-105.39825,39.647515],[-105.39825,39.647568],[-105.398249,39.647635],[-105.398248,39.649949],[-105.394246,39.650745],[-105.391304,39.650945],[-105.389383,39.652036],[-105.385897,39.651499],[-105.381553,39.65254],[-105.37479,39.653684],[-105.369112,39.654143],[-105.365614,39.653987],[-105.357809,39.652978],[-105.35598,39.653454],[-105.354575,39.65356],[-105.350802,39.65311],[-105.349526,39.651986],[-105.348179,39.651748],[-105.345993,39.653127],[-105.351959,39.659068],[-105.354973,39.663058],[-105.35509,39.663249],[-105.357135,39.667646],[-105.358208,39.669123],[-105.360629,39.671435],[-105.361447,39.67239],[-105.36452,39.676629],[-105.365176,39.678633],[-105.365105,39.679769],[-105.363463,39.680407],[-105.362564,39.683055],[-105.36189,39.685879],[-105.361423,39.688527],[-105.361143,39.690053],[-105.360088,39.691237],[-105.358497,39.692097],[-105.356686,39.693068],[-105.356195,39.694075],[-105.350848,39.693868],[-105.343999,39.69148],[-105.340258,39.691387],[-105.3389,39.691934],[-105.338245,39.693246],[-105.338406,39.693299],[-105.338565,39.693386],[-105.339385,39.695061],[-105.341064,39.6969],[-105.340785,39.701111],[-105.338972,39.701462],[-105.338704,39.70277],[-105.338597,39.702945],[-105.334954,39.701862],[-105.333995,39.701665],[-105.332653,39.701607],[-105.331857,39.701694],[-105.3308,39.70192],[-105.329708,39.702356],[-105.329092,39.702752],[-105.329048,39.702578],[-105.328935,39.701911],[-105.328585,39.702881],[-105.328485,39.70316],[-105.321392,39.707848],[-105.321341,39.707811],[-105.321289,39.707773],[-105.321146,39.707763],[-105.31978,39.708699],[-105.318407,39.709741],[-105.316484,39.711408],[-105.314668,39.712998],[-105.312308,39.7141],[-105.310535,39.714129],[-105.294736,39.710058],[-105.289734,39.70917],[-105.284718,39.708942],[-105.282523,39.708508],[-105.276994,39.706198],[-105.275026,39.705707],[-105.262981,39.703931],[-105.262778,39.704106],[-105.261604,39.706048],[-105.261568,39.70631],[-105.258771,39.706756],[-105.258163,39.706609],[-105.257999,39.70792],[-105.25713,39.7096],[-105.255891,39.710983],[-105.255667,39.713547],[-105.256987,39.714509],[-105.261016,39.716873],[-105.262158,39.718073],[-105.262583,39.718723],[-105.266055,39.720743],[-105.266275,39.722055],[-105.265344,39.723025],[-105.265958,39.725054],[-105.266858,39.723372],[-105.267789,39.725182],[-105.267536,39.727549],[-105.267912,39.729521],[-105.270642,39.731692],[-105.271331,39.732812],[-105.272619,39.733142],[-105.272753,39.734301],[-105.271771,39.734669],[-105.271557,39.735652],[-105.269835,39.73619],[-105.26933,39.737013],[-105.269209,39.73904],[-105.268985,39.739377],[-105.267199,39.738919],[-105.264114,39.738961],[-105.261161,39.738292],[-105.260057,39.738769],[-105.258552,39.740608],[-105.256366,39.742273],[-105.253361,39.742361],[-105.25139,39.744908],[-105.251479,39.748813],[-105.251048,39.750089],[-105.248015,39.751301],[-105.243551,39.753475],[-105.240507,39.753926],[-105.240482,39.759289],[-105.238668,39.759273],[-105.238673,39.759806],[-105.238685,39.760502],[-105.240474,39.760509],[-105.240415,39.768752],[-105.235906,39.768837],[-105.236465,39.770405],[-105.236272,39.772397],[-105.238096,39.772384],[-105.238087,39.773961],[-105.240421,39.773909],[-105.240417,39.77472],[-105.240427,39.779061],[-105.240345,39.780121],[-105.240405,39.782517],[-105.240443,39.78321],[-105.240513,39.784366],[-105.241443,39.786745],[-105.242197,39.789634],[-105.243634,39.792549],[-105.245127,39.793878],[-105.247593,39.797665],[-105.246142,39.797952],[-105.24633,39.79895],[-105.246522,39.799336],[-105.24737,39.80009],[-105.247936,39.800949],[-105.247971,39.801041],[-105.248004,39.801137],[-105.248448,39.8024],[-105.250615,39.805026],[-105.251931,39.807428],[-105.252949,39.808117],[-105.255446,39.808329],[-105.257163,39.812313],[-105.256502,39.813462],[-105.256349,39.818027],[-105.256676,39.819358],[-105.257425,39.819733],[-105.260275,39.819492],[-105.261766,39.82079],[-105.261881,39.821698],[-105.261911,39.822066],[-105.261981,39.822297],[-105.262081,39.822879],[-105.26204,39.823431],[-105.262051,39.823626],[-105.262154,39.824002],[-105.262266,39.824169],[-105.263242,39.825008],[-105.263876,39.82557],[-105.263964,39.825714],[-105.264015,39.825921],[-105.264175,39.826269],[-105.264328,39.826513],[-105.264738,39.826981],[-105.264985,39.827345],[-105.265338,39.827804],[-105.265752,39.828477],[-105.26609,39.828786],[-105.266557,39.829108],[-105.266767,39.829272],[-105.266909,39.829559],[-105.266925,39.829726],[-105.266846,39.830108],[-105.266854,39.830306],[-105.266989,39.830606],[-105.267149,39.830734],[-105.267283,39.83094],[-105.267346,39.831135],[-105.267423,39.831564],[-105.267548,39.831995],[-105.267553,39.832475],[-105.267583,39.832664],[-105.267812,39.833059],[-105.268469,39.833771],[-105.268629,39.833907],[-105.268784,39.833974],[-105.268925,39.833979],[-105.269391,39.833858],[-105.269626,39.833891],[-105.269768,39.833986],[-105.269855,39.834175],[-105.269841,39.834306],[-105.269705,39.834551],[-105.269673,39.834735],[-105.269699,39.835022],[-105.269864,39.835448],[-105.2701,39.835726],[-105.270284,39.835809],[-105.27104,39.83595],[-105.271189,39.835994],[-105.271453,39.836155],[-105.271639,39.836534],[-105.271886,39.836762],[-105.272074,39.83687],[-105.27238,39.836944],[-105.273253,39.836959],[-105.273991,39.838136],[-105.273927,39.839201],[-105.272279,39.840347],[-105.272077,39.84115],[-105.276101,39.841119],[-105.27607,39.843266],[-105.276073,39.843399],[-105.275955,39.84944],[-105.2764,39.849532],[-105.276532,39.84981],[-105.279773,39.852816],[-105.279997,39.852875],[-105.281533,39.853276],[-105.282229,39.854276],[-105.283869,39.854414],[-105.283495,39.855391],[-105.282481,39.855433],[-105.284372,39.858747],[-105.284325,39.859481],[-105.286349,39.861403],[-105.287724,39.861493],[-105.290453,39.862551],[-105.290982,39.861998],[-105.290606,39.862869],[-105.289347,39.863148],[-105.288631,39.863367],[-105.290848,39.864633],[-105.294467,39.865368],[-105.296856,39.866567],[-105.294173,39.869924],[-105.294468,39.876432],[-105.303666,39.875705],[-105.30382,39.884062],[-105.303814,39.884161],[-105.302191,39.883992],[-105.30064,39.882514],[-105.29772,39.882337],[-105.296975,39.882336],[-105.296405,39.882251],[-105.296155,39.882148],[-105.295899,39.882021],[-105.295634,39.88188],[-105.29463,39.881083],[-105.294317,39.8808],[-105.292499,39.87963],[-105.29207,39.879505],[-105.291727,39.879458],[-105.291281,39.879462],[-105.291009,39.879505],[-105.290696,39.879528],[-105.290667,39.879529],[-105.290658,39.883541],[-105.285271,39.883893],[-105.276085,39.88483],[-105.276128,39.890227],[-105.274066,39.885359],[-105.27479,39.884056],[-105.276073,39.884066],[-105.276025,39.881004],[-105.275314,39.881014],[-105.274981,39.881032],[-105.27509,39.880469],[-105.275579,39.879771],[-105.27629,39.879406],[-105.277239,39.879213],[-105.277966,39.879261],[-105.279897,39.879861],[-105.280701,39.880021],[-105.281745,39.880018],[-105.282804,39.879688],[-105.283374,39.879277],[-105.283709,39.878717],[-105.283749,39.878166],[-105.281437,39.878326],[-105.279891,39.878301],[-105.278905,39.878228],[-105.276891,39.877861],[-105.274767,39.877391],[-105.273979,39.877098],[-105.271279,39.875924],[-105.269273,39.875052],[-105.267881,39.874426],[-105.265623,39.873495],[-105.265478,39.873434],[-105.263089,39.872418],[-105.262522,39.872179],[-105.261928,39.871919],[-105.257349,39.869914],[-105.251972,39.867649],[-105.250961,39.867185],[-105.249916,39.866817],[-105.249505,39.866729],[-105.249242,39.866673],[-105.248496,39.86658],[-105.241165,39.865966],[-105.241,39.865953],[-105.240915,39.865948],[-105.240265,39.865909],[-105.241033,39.868227],[-105.241077,39.870437],[-105.240962,39.870437],[-105.23634,39.870486],[-105.212707,39.870619],[-105.200796,39.870613],[-105.196188,39.870635],[-105.184238,39.870683],[-105.170599,39.870616],[-105.170248,39.870613],[-105.168903,39.870604],[-105.167968,39.870597],[-105.165488,39.87058],[-105.165414,39.870596],[-105.165426,39.870699],[-105.165453,39.872866],[-105.165554,39.890898],[-105.164423,39.891408],[-105.14744,39.88945],[-105.147183,39.889297],[-105.146989,39.889212],[-105.134852,39.889292],[-105.137138,39.890831],[-105.136315,39.891648],[-105.136308,39.89202],[-105.133105,39.892012],[-105.131447,39.892672],[-105.130885,39.892697],[-105.130209,39.89058],[-105.128895,39.890353],[-105.128943,39.892801],[-105.128943,39.893036],[-105.128941,39.894087],[-105.128721,39.896355],[-105.128721,39.896499],[-105.128689,39.898368],[-105.128681,39.899126],[-105.128679,39.899383],[-105.128678,39.899985],[-105.128918,39.899985],[-105.128918,39.900037],[-105.128918,39.900255],[-105.131378,39.900103],[-105.147147,39.900087],[-105.147396,39.900094],[-105.14722,39.910086],[-105.147121,39.91389],[-105.147143,39.913889],[-105.14714,39.914001],[-105.147005,39.925215],[-105.147041,39.928938],[-105.147358,39.928939],[-105.147421,39.929303],[-105.147411,39.929768],[-105.1474,39.929991],[-105.147363,39.930161],[-105.147284,39.930355],[-105.147184,39.930537],[-105.147018,39.930771],[-105.146393,39.931685],[-105.146376,39.931713],[-105.146226,39.93195],[-105.146042,39.932286],[-105.145999,39.932383],[-105.145943,39.932509],[-105.145771,39.933066],[-105.145763,39.933092],[-105.145736,39.933255],[-105.145708,39.933435],[-105.145692,39.933635],[-105.14568,39.93389],[-105.145689,39.934153],[-105.145701,39.934324],[-105.145726,39.934503],[-105.145776,39.934787],[-105.145877,39.935165],[-105.14594,39.935333],[-105.146005,39.935505],[-105.146084,39.93568],[-105.146302,39.936064],[-105.146454,39.936291],[-105.146612,39.936497],[-105.146936,39.936853],[-105.147209,39.937116],[-105.147515,39.937383],[-105.147715,39.93754],[-105.147807,39.937601],[-105.147891,39.937658],[-105.148243,39.937871],[-105.148669,39.938084],[-105.149132,39.93828],[-105.149607,39.938448],[-105.149882,39.938526],[-105.150081,39.938582],[-105.150291,39.938627],[-105.150567,39.938687],[-105.15085,39.93873],[-105.153591,39.939091],[-105.155545,39.939747],[-105.157414,39.941356],[-105.15868,39.943537],[-105.158755,39.943669],[-105.15886,39.943854],[-105.159152,39.944322],[-105.159265,39.944443],[-105.159346,39.944542],[-105.159483,39.944661],[-105.159777,39.944866],[-105.159886,39.944928],[-105.160212,39.945069],[-105.16045,39.945137],[-105.160609,39.945171],[-105.160799,39.945203],[-105.160954,39.945219],[-105.16127,39.945242],[-105.161332,39.945247],[-105.161561,39.945225],[-105.162339,39.94514],[-105.162455,39.945127],[-105.162848,39.945079],[-105.163029,39.94506],[-105.163413,39.944973],[-105.163683,39.94503],[-105.164012,39.947017],[-105.163496,39.946823],[-105.149459,39.946887],[-105.156367,39.951536],[-105.156518,39.951989],[-105.160693,39.955143],[-105.162306,39.956075],[-105.165627,39.957446],[-105.165571,39.95773],[-105.165546,39.957857],[-105.165359,39.958899],[-105.165507,39.959034],[-105.165755,39.959261],[-105.165855,39.961854],[-105.165999,39.96443],[-105.165965,39.964687],[-105.16591,39.968608],[-105.166216,39.970776],[-105.164394,39.972374],[-105.164265,39.972453],[-105.163949,39.972687],[-105.163087,39.973344],[-105.16292,39.973471],[-105.162737,39.973584],[-105.162534,39.973689],[-105.162308,39.97379],[-105.162071,39.973875],[-105.161715,39.973978],[-105.161537,39.974029],[-105.160007,39.974556],[-105.158346,39.975284],[-105.156732,39.975787],[-105.153701,39.976733],[-105.152031,39.977259],[-105.150322,39.977923],[-105.150403,39.978027],[-105.151976,39.979057],[-105.155748,39.97956],[-105.156485,39.978537],[-105.157094,39.978053],[-105.15901,39.977623],[-105.161759,39.977358],[-105.16204,39.977354],[-105.16232,39.977375],[-105.162521,39.977409],[-105.162609,39.977438],[-105.16269,39.977464],[-105.162851,39.977546],[-105.162983,39.977643],[-105.163335,39.978038],[-105.163387,39.978075],[-105.163456,39.978125],[-105.16364,39.978215],[-105.163792,39.978263],[-105.163872,39.978276],[-105.164114,39.978293],[-105.16435,39.978291],[-105.164481,39.97829],[-105.165744,39.978203],[-105.165905,39.978203],[-105.166051,39.978635],[-105.166053,39.979078],[-105.166052,39.979571],[-105.166263,39.980009],[-105.17054,39.979995],[-105.17055,39.980376],[-105.166451,39.980426],[-105.166068,39.980423],[-105.166051,39.980727],[-105.166048,39.980789],[-105.166047,39.981558],[-105.165973,39.986196],[-105.165437,39.986625],[-105.164453,39.98677],[-105.164451,39.986893],[-105.165234,39.986884],[-105.169605,39.986826],[-105.170468,39.986819],[-105.17393,39.986815],[-105.175381,39.986813],[-105.179319,39.986829],[-105.183394,39.986833],[-105.185635,39.98682],[-105.190067,39.986763],[-105.190359,39.986755],[-105.194143,39.986627],[-105.19615,39.986515],[-105.205374,39.986239],[-105.212841,39.986144],[-105.212821,39.987494],[-105.212821,39.987944],[-105.212478,39.993489],[-105.212744,39.996927],[-105.212739,39.998786],[-105.212797,40.00009],[-105.212512,40.003519],[-105.212511,40.003604],[-105.212511,40.003691],[-105.212506,40.005822],[-105.212758,40.007773],[-105.212904,40.008047],[-105.213021,40.008838],[-105.213022,40.008909],[-105.213022,40.008967],[-105.212983,40.009613],[-105.213042,40.01105],[-105.213045,40.011323],[-105.213053,40.01187],[-105.213064,40.01262],[-105.210188,40.012616],[-105.20982,40.012467],[-105.208731,40.01248],[-105.208508,40.014698],[-105.208419,40.014703],[-105.206671,40.014705],[-105.206566,40.01477],[-105.206579,40.016508],[-105.206601,40.019991],[-105.206606,40.020184],[-105.206598,40.02041],[-105.206589,40.020687],[-105.206632,40.020764],[-105.206645,40.02079],[-105.206658,40.020816],[-105.206672,40.020843],[-105.206686,40.020869],[-105.206701,40.020894],[-105.206717,40.02092],[-105.206733,40.020946],[-105.20675,40.020971],[-105.206767,40.020996],[-105.206785,40.02102],[-105.206803,40.021045],[-105.206822,40.021069],[-105.206842,40.021093],[-105.206862,40.021117],[-105.206882,40.021141],[-105.206903,40.021164],[-105.206925,40.021187],[-105.206947,40.02121],[-105.20697,40.021232],[-105.206993,40.021254],[-105.207017,40.021276],[-105.207041,40.021297],[-105.207065,40.021319],[-105.20709,40.021339],[-105.207116,40.02136],[-105.207142,40.02138],[-105.207169,40.0214],[-105.20719,40.021416],[-105.207223,40.021438],[-105.20725,40.021457],[-105.207279,40.021476],[-105.207307,40.021494],[-105.207336,40.021511],[-105.207366,40.021529],[-105.207395,40.021545],[-105.207425,40.021562],[-105.207456,40.021578],[-105.207487,40.021594],[-105.207518,40.021609],[-105.207545,40.021622],[-105.207581,40.021638],[-105.207613,40.021652],[-105.208052,40.021883],[-105.208129,40.021832],[-105.210742,40.022835],[-105.21082,40.022781],[-105.210943,40.022963],[-105.211102,40.023119],[-105.211314,40.023395],[-105.211272,40.023495],[-105.211592,40.023496],[-105.211743,40.023497],[-105.212511,40.02349],[-105.212517,40.023631],[-105.213372,40.023631],[-105.21337,40.023889],[-105.213369,40.023934],[-105.213348,40.025419],[-105.211432,40.025577],[-105.21141,40.029124],[-105.212812,40.029111],[-105.214316,40.029129],[-105.215531,40.02914],[-105.215845,40.029142],[-105.216041,40.029141],[-105.21604,40.029219],[-105.216165,40.029228],[-105.216165,40.029276],[-105.21617,40.0295],[-105.21621,40.029556],[-105.216258,40.029584],[-105.216288,40.029613],[-105.216311,40.029612],[-105.216358,40.029632],[-105.216378,40.029638],[-105.218466,40.029256],[-105.22091,40.029247],[-105.223292,40.028644],[-105.223407,40.028582],[-105.224053,40.029231],[-105.225384,40.029227],[-105.234608,40.029229],[-105.237655,40.029221],[-105.237413,40.029735],[-105.237189,40.029694],[-105.237144,40.031033],[-105.237172,40.033476],[-105.239571,40.033428],[-105.239596,40.036516],[-105.240893,40.036517],[-105.238509,40.038635],[-105.242686,40.038625],[-105.242722,40.038578],[-105.244202,40.03613],[-105.244714,40.035285],[-105.24489,40.034995],[-105.245813,40.033475],[-105.246105,40.033589],[-105.246995,40.033741],[-105.248081,40.033858],[-105.24894,40.033781],[-105.249021,40.033235],[-105.248855,40.032676],[-105.251631,40.032778],[-105.252365,40.032791],[-105.253096,40.032799],[-105.253694,40.032826],[-105.253691,40.033744],[-105.253683,40.036457],[-105.258447,40.036466],[-105.262289,40.03644],[-105.263225,40.036436],[-105.263215,40.037358],[-105.263225,40.039362],[-105.263089,40.040204],[-105.263236,40.040995],[-105.263245,40.041912],[-105.263401,40.045703],[-105.264176,40.045583],[-105.265588,40.045577],[-105.265621,40.043712],[-105.269202,40.043693],[-105.272751,40.043681],[-105.272754,40.044881],[-105.272752,40.046063],[-105.272759,40.047141],[-105.272763,40.047935],[-105.272762,40.048187],[-105.272759,40.048792],[-105.272757,40.049154],[-105.272755,40.050034],[-105.272756,40.050804],[-105.272773,40.052808],[-105.27273,40.054644],[-105.269181,40.054663],[-105.268004,40.054672],[-105.266526,40.054681],[-105.265307,40.054699],[-105.260484,40.051455],[-105.260119,40.051034],[-105.259004,40.051027],[-105.257384,40.05103],[-105.257231,40.05103],[-105.256681,40.051032],[-105.254953,40.05104],[-105.253773,40.051052],[-105.2532,40.051064],[-105.251043,40.051085],[-105.249066,40.051091],[-105.248275,40.051094],[-105.246896,40.051095],[-105.244277,40.051073],[-105.244243,40.051073],[-105.244125,40.051072],[-105.235751,40.051077],[-105.234867,40.05109],[-105.23487,40.052654],[-105.234944,40.062673],[-105.234971,40.065647],[-105.24017,40.065629],[-105.242889,40.065646],[-105.244747,40.065643],[-105.244722,40.074725],[-105.244712,40.078332],[-105.245038,40.078333],[-105.244705,40.080966],[-105.244688,40.087126],[-105.234436,40.086904],[-105.234164,40.086907],[-105.233474,40.087275],[-105.231738,40.08754],[-105.227693,40.087132],[-105.226305,40.08761],[-105.225856,40.088462],[-105.225836,40.089486],[-105.22582,40.090433],[-105.225782,40.09423],[-105.22071,40.094241],[-105.220722,40.09432],[-105.206898,40.09423],[-105.206898,40.094401],[-105.19615,40.094384],[-105.194182,40.094384],[-105.187849,40.094367],[-105.185173,40.094356],[-105.184222,40.094371],[-105.176231,40.101662],[-105.173702,40.104136],[-105.168285,40.108862],[-105.160874,40.11559],[-105.159715,40.11645],[-105.159479,40.116137],[-105.159452,40.109229],[-105.157988,40.109181],[-105.152048,40.108987],[-105.150289,40.108761],[-105.15016,40.109618],[-105.146254,40.109084],[-105.143329,40.109099],[-105.143063,40.110181],[-105.140595,40.11035],[-105.138878,40.110811],[-105.136667,40.112408],[-105.13678,40.113633],[-105.13507,40.11394],[-105.134426,40.114934],[-105.133403,40.114554],[-105.132616,40.115526],[-105.131714,40.115185],[-105.131008,40.116421],[-105.131008,40.116498],[-105.131039,40.123506],[-105.13102,40.130741],[-105.130989,40.132536],[-105.130957,40.134073],[-105.130952,40.134283],[-105.130951,40.134315],[-105.130888,40.137934],[-105.129437,40.137932],[-105.121476,40.137892],[-105.116702,40.137806],[-105.115391,40.137812],[-105.113391,40.137814],[-105.113141,40.137825],[-105.109163,40.137946],[-105.10752,40.137949],[-105.104794,40.138071],[-105.102369,40.138233],[-105.102453,40.135458],[-105.102496,40.134133],[-105.094435,40.134276],[-105.093202,40.134275],[-105.083163,40.134454],[-105.074241,40.134814],[-105.074244,40.139845],[-105.065236,40.139982],[-105.064497,40.13812],[-105.055393,40.138263],[-105.055367,40.131177],[-105.055421,40.116518],[-105.055436,40.109241],[-105.041463,40.109598],[-105.041475,40.10943],[-105.039562,40.109484],[-105.039464,40.109485],[-105.039376,40.109482],[-105.039289,40.109475],[-105.039202,40.109465],[-105.03899,40.109426],[-105.038948,40.109546],[-105.036995,40.109079],[-105.034756,40.109644],[-105.032082,40.109622],[-105.028055,40.10966],[-105.024401,40.109731],[-105.017723,40.10967],[-105.017719,40.11642],[-105.016572,40.117652],[-105.01279,40.120487],[-105.011492,40.121979],[-105.008217,40.125797],[-105.003453,40.131348],[-104.998849,40.131505],[-104.99875,40.131505],[-104.994025,40.131492],[-104.981088,40.131475],[-104.980718,40.131477],[-104.980318,40.131477],[-104.98033,40.13875],[-104.980298,40.146162],[-104.980067,40.1492],[-104.979404,40.153571],[-104.978944,40.153567],[-104.978832,40.153566],[-104.978788,40.153567],[-104.978676,40.153564],[-104.978395,40.153366],[-104.975049,40.15335],[-104.971875,40.153325],[-104.969375,40.153309],[-104.961058,40.15334],[-104.961058,40.153704],[-104.961054,40.155639],[-104.961063,40.157999],[-104.961068,40.160566],[-104.951681,40.160582],[-104.945169,40.160598],[-104.941844,40.160643],[-104.941829,40.164162],[-104.941824,40.165923],[-104.941823,40.166032],[-104.941713,40.166029],[-104.940737,40.167063],[-104.938852,40.168059],[-104.937371,40.168006],[-104.933004,40.167873],[-104.933084,40.164209],[-104.931318,40.164151],[-104.933914,40.160681],[-104.933398,40.160603],[-104.923729,40.160397],[-104.92373,40.160357],[-104.923825,40.156875],[-104.923904,40.154166],[-104.923915,40.153825],[-104.923985,40.151242],[-104.923986,40.151216],[-104.924059,40.148132],[-104.924075,40.147577],[-104.924114,40.145625],[-104.934744,40.1457],[-104.93962,40.145748],[-104.941863,40.145763],[-104.948636,40.145847],[-104.951496,40.145874],[-104.951494,40.145787],[-104.951457,40.139826],[-104.952956,40.139757],[-104.952956,40.138672],[-104.960994,40.138703],[-104.960993,40.131433],[-104.96097,40.126677],[-104.960962,40.125233],[-104.960959,40.124139],[-104.960958,40.123741],[-104.960953,40.122296],[-104.960949,40.121323],[-104.960938,40.118721],[-104.960933,40.116901],[-104.960924,40.113179],[-104.960986,40.102276],[-104.967625,40.102276],[-104.980452,40.102275],[-104.980452,40.102189],[-104.980597,40.097828],[-104.980636,40.087766],[-104.980632,40.087634],[-104.980636,40.087267],[-104.981906,40.087281],[-104.980819,40.083776],[-104.980837,40.080317],[-104.980817,40.058413],[-104.98068,40.058414],[-104.9802,40.058416],[-104.979909,40.058418],[-104.970685,40.058465],[-104.961233,40.05853],[-104.961112,40.073162],[-104.945078,40.073106],[-104.942352,40.073085],[-104.930696,40.072995],[-104.923919,40.072893],[-104.923908,40.072822],[-104.923919,40.065666],[-104.923927,40.059831],[-104.923924,40.058957],[-104.92302,40.058397],[-104.919251,40.058377],[-104.905062,40.058275],[-104.889419,40.058273],[-104.886314,40.058263],[-104.886309,40.053981],[-104.886335,40.043814],[-104.887805,40.042166],[-104.886248,40.040876],[-104.886167,40.033406],[-104.886127,40.029327],[-104.886122,40.02888],[-104.886105,40.02669],[-104.886027,40.014819],[-104.885993,40.007617],[-104.885967,40.000356],[-104.884429,40.000363],[-104.867116,40.00037],[-104.865587,40.00037],[-104.85623,40.000377],[-104.848825,40.000383],[-104.843151,40.000398],[-104.838953,40.000404],[-104.837313,40.000407],[-104.827661,40.000402],[-104.827414,40.000403],[-104.827084,40.000403],[-104.826659,40.000403],[-104.824215,40.000408],[-104.821965,40.000412],[-104.821779,40.000409],[-104.821478,40.000412],[-104.820327,40.000416],[-104.819969,40.000417],[-104.819629,40.000417],[-104.818224,40.000419],[-104.817924,40.000419],[-104.817666,40.00042],[-104.817478,40.00042],[-104.816959,40.000421],[-104.816103,40.000418],[-104.816048,40.000418],[-104.813331,40.000411],[-104.808171,40.000419],[-104.808171,40.000403],[-104.80817,40.000318],[-104.80817,39.999954],[-104.808169,39.999757],[-104.808168,39.999368],[-104.808169,39.998725],[-104.808172,39.997893],[-104.808151,39.997403],[-104.808135,39.997025],[-104.808118,39.99539],[-104.808128,39.994876],[-104.808079,39.993984],[-104.808705,39.993982],[-104.808714,39.992238],[-104.808712,39.990389],[-104.808711,39.99019],[-104.808713,39.989442],[-104.808711,39.988621],[-104.808709,39.987907],[-104.808713,39.986773],[-104.808283,39.986773],[-104.806977,39.986782],[-104.806924,39.986782],[-104.80549,39.986789],[-104.805468,39.986789],[-104.803079,39.986795],[-104.800566,39.98679],[-104.799317,39.986795],[-104.797765,39.98679],[-104.79616,39.986771],[-104.794917,39.986774],[-104.791707,39.986784],[-104.790809,39.986798],[-104.789909,39.986807],[-104.787286,39.986813],[-104.785081,39.986818],[-104.782465,39.986818],[-104.780577,39.986789],[-104.780573,39.983926],[-104.780577,39.982028],[-104.78056,39.9797],[-104.78164,39.9797],[-104.781607,39.978576],[-104.781586,39.97234],[-104.782957,39.972339],[-104.783077,39.972338],[-104.789948,39.97234],[-104.794537,39.972359],[-104.797754,39.972301],[-104.79817,39.971415],[-104.796982,39.970787],[-104.799341,39.969708],[-104.799357,39.961771],[-104.79947,39.961469],[-104.799533,39.957913],[-104.799515,39.957785],[-104.798248,39.957789],[-104.796381,39.957797],[-104.795795,39.9578],[-104.789985,39.957823],[-104.786941,39.957919],[-104.784447,39.958683],[-104.776135,39.958746],[-104.774752,39.9586],[-104.771315,39.956706],[-104.771155,39.956596],[-104.769534,39.955353],[-104.768901,39.955452],[-104.770982,39.95336],[-104.772713,39.952055],[-104.775776,39.949766],[-104.780342,39.946315],[-104.781718,39.945277],[-104.782068,39.944994],[-104.784062,39.943339],[-104.789128,39.936936],[-104.790049,39.93612],[-104.791008,39.935274],[-104.790868,39.935015],[-104.791899,39.933733],[-104.791714,39.933743],[-104.789827,39.933459],[-104.789822,39.933751],[-104.784561,39.933],[-104.783816,39.932633],[-104.781691,39.932472],[-104.781128,39.932936],[-104.780385,39.933247],[-104.779066,39.931639],[-104.77824,39.930729],[-104.778325,39.930247],[-104.777755,39.929192],[-104.777522,39.92844],[-104.777928,39.928118],[-104.777849,39.92684],[-104.779055,39.926807],[-104.779029,39.926753],[-104.779463,39.926523],[-104.781332,39.926045],[-104.78089,39.925947],[-104.779934,39.925952],[-104.778978,39.925842],[-104.776532,39.925226],[-104.775946,39.925244],[-104.775939,39.925047],[-104.775007,39.925303],[-104.771166,39.925296],[-104.771175,39.921579],[-104.771176,39.921365],[-104.77119,39.917331],[-104.771202,39.915993],[-104.771209,39.914557],[-104.77121,39.914371],[-104.771267,39.910855],[-104.771331,39.906119],[-104.771335,39.905891],[-104.771339,39.90537],[-104.771404,39.900028],[-104.766034,39.899994],[-104.765896,39.899993],[-104.764923,39.899986],[-104.763038,39.900005],[-104.76263,39.900002],[-104.762466,39.9],[-104.762345,39.9],[-104.75257,39.89995],[-104.747349,39.89993],[-104.733757,39.899877],[-104.721294,39.899809],[-104.729806,39.896127],[-104.73039,39.896131],[-104.730953,39.845195],[-104.734181,39.845214],[-104.746713,39.845297],[-104.747001,39.845299],[-104.753063,39.845339],[-104.76214,39.845385],[-104.762279,39.84539],[-104.762296,39.843754],[-104.7623,39.843393],[-104.762317,39.841788],[-104.771968,39.841759],[-104.772186,39.841761],[-104.786472,39.841793],[-104.790859,39.841802],[-104.790859,39.841754],[-104.790708,39.827214],[-104.790922,39.819682],[-104.791054,39.810462],[-104.79098,39.80564],[-104.790895,39.798251],[-104.787301,39.798391],[-104.786377,39.798385],[-104.783909,39.798367],[-104.772117,39.79839],[-104.76978,39.798299],[-104.762606,39.798433],[-104.762834,39.799878],[-104.762829,39.800233],[-104.762646,39.801589],[-104.762632,39.803678],[-104.762658,39.805574],[-104.762652,39.809221],[-104.762554,39.811147],[-104.762607,39.812852],[-104.762618,39.814743],[-104.762462,39.823443],[-104.753082,39.823381],[-104.745816,39.823334],[-104.745503,39.82333],[-104.722675,39.823178],[-104.716084,39.823207],[-104.694736,39.823003],[-104.679953,39.822869],[-104.673394,39.82284],[-104.666062,39.822791],[-104.666095,39.820137],[-104.666182,39.813075],[-104.665558,39.813071],[-104.659171,39.813025],[-104.655445,39.812999],[-104.65539,39.822605],[-104.640346,39.822553],[-104.625596,39.822479],[-104.625566,39.82249],[-104.625463,39.82249],[-104.621523,39.822419],[-104.619799,39.822417],[-104.619742,39.826635],[-104.619548,39.842652],[-104.619374,39.855786],[-104.619189,39.870327],[-104.619152,39.87322],[-104.608174,39.873136],[-104.605261,39.873114],[-104.605234,39.875307],[-104.605154,39.881346],[-104.59981,39.881307],[-104.599776,39.884585],[-104.599581,39.899038],[-104.607274,39.899124],[-104.620759,39.899328],[-104.630945,39.899291],[-104.630939,39.906645],[-104.640361,39.906711],[-104.640356,39.913834],[-104.64044,39.9284],[-104.65419,39.928537],[-104.678143,39.928646],[-104.678301,39.943208],[-104.6785,39.954792],[-104.678445,39.972355],[-104.670827,39.972336],[-104.645336,39.972144],[-104.640689,39.972087],[-104.640655,39.978726],[-104.640651,39.986684],[-104.640639,39.989657],[-104.640634,39.991666],[-104.63317,39.9916],[-104.633157,39.993959],[-104.631237,39.993973],[-104.63121,40.000532],[-104.635876,40.000552],[-104.64064,40.000575],[-104.648744,40.00056],[-104.673518,40.000528],[-104.682865,40.000522],[-104.686226,40.000519],[-104.697142,40.00051],[-104.697438,40.012403],[-104.697408,40.013035],[-104.697395,40.014573],[-104.697462,40.015083],[-104.697449,40.015686],[-104.697436,40.016182],[-104.697423,40.016755],[-104.697421,40.017055],[-104.697419,40.017366],[-104.697418,40.017658],[-104.697416,40.017945],[-104.697258,40.025134],[-104.697222,40.029645],[-104.716063,40.029548],[-104.716063,40.029578],[-104.728179,40.029516],[-104.735064,40.029532],[-104.728216,40.029623],[-104.725498,40.029624],[-104.718879,40.029625],[-104.716063,40.029626],[-104.716057,40.033762],[-104.716045,40.036765],[-104.716037,40.040963],[-104.716031,40.04409],[-104.716002,40.056073],[-104.715989,40.058602],[-104.715984,40.064367],[-104.715989,40.06496],[-104.716003,40.065911],[-104.716091,40.070656],[-104.716124,40.073236],[-104.716106,40.080357],[-104.716054,40.087426],[-104.715876,40.102154],[-104.715849,40.116587],[-104.715925,40.131138],[-104.715925,40.131155],[-104.715892,40.145904],[-104.697334,40.145929],[-104.697129,40.16049],[-104.696807,40.174609],[-104.696728,40.189252],[-104.696842,40.200147],[-104.696815,40.21812],[-104.696764,40.232645],[-104.696714,40.241834],[-104.696644,40.261682],[-104.696585,40.276059],[-104.696569,40.290606],[-104.696319,40.3051],[-104.696453,40.319599],[-104.696508,40.330084],[-104.696627,40.337972],[-104.696514,40.342281],[-104.696415,40.344817],[-104.694802,40.345147],[-104.694697,40.345146],[-104.694698,40.345421],[-104.694698,40.345511],[-104.694701,40.345784],[-104.694706,40.34715],[-104.69471,40.348017],[-104.694711,40.348361],[-104.694713,40.348472],[-104.694462,40.348471],[-104.685932,40.348479],[-104.677837,40.34848],[-104.658883,40.348493],[-104.658858,40.356132],[-104.65885,40.361391],[-104.658851,40.361712],[-104.65885,40.363074],[-104.658856,40.36628],[-104.658864,40.377513],[-104.656755,40.377042],[-104.65496,40.377186],[-104.649706,40.37697],[-104.648063,40.377514],[-104.644592,40.377503],[-104.639903,40.377496],[-104.63992,40.384816],[-104.639932,40.386231],[-104.639902,40.393931],[-104.639913,40.394182],[-104.637802,40.393913],[-104.635441,40.393093],[-104.635222,40.394071],[-104.637283,40.395644],[-104.639133,40.397033],[-104.639321,40.397174],[-104.64212,40.39926],[-104.640003,40.399309],[-104.639993,40.400619],[-104.639998,40.404195],[-104.640057,40.409024],[-104.638737,40.410342],[-104.638675,40.412263],[-104.640062,40.413844],[-104.640095,40.417821],[-104.640055,40.421317],[-104.640031,40.422342],[-104.640012,40.422699],[-104.639675,40.422691],[-104.639652,40.425448],[-104.641847,40.425464],[-104.6418,40.431403],[-104.641787,40.432613],[-104.641762,40.435134],[-104.642109,40.435138],[-104.646706,40.435283],[-104.656229,40.435412],[-104.656231,40.435292],[-104.658684,40.435331],[-104.668214,40.435468],[-104.672881,40.435546],[-104.677698,40.434652],[-104.677731,40.439689],[-104.677887,40.450529],[-104.679513,40.45067],[-104.687279,40.451344],[-104.69212,40.451676],[-104.693012,40.451737],[-104.693653,40.451776],[-104.694003,40.451783],[-104.694253,40.451807],[-104.694789,40.451833],[-104.696718,40.451952],[-104.706036,40.451997],[-104.710483,40.45203],[-104.710897,40.452034],[-104.716224,40.452084],[-104.716328,40.452089],[-104.716799,40.452111],[-104.716826,40.452113],[-104.717872,40.45218],[-104.718331,40.452211],[-104.718375,40.452214],[-104.718736,40.452239],[-104.721037,40.452395],[-104.722341,40.452481],[-104.72298,40.45252],[-104.725652,40.452684],[-104.726507,40.45276],[-104.726756,40.452786],[-104.727006,40.452817],[-104.727227,40.45285],[-104.727401,40.452881],[-104.727749,40.452959],[-104.728458,40.453149],[-104.729298,40.453375],[-104.729486,40.453423],[-104.72991,40.453532],[-104.730036,40.45356],[-104.730253,40.45361],[-104.730463,40.453653],[-104.731017,40.453765],[-104.73259,40.454059],[-104.732613,40.454063],[-104.733041,40.454143],[-104.733216,40.454176],[-104.733367,40.454205],[-104.733665,40.454261],[-104.733767,40.454281],[-104.734475,40.454418],[-104.734552,40.454433],[-104.73457,40.454437],[-104.734672,40.454461],[-104.734709,40.454469],[-104.734764,40.454481],[-104.737115,40.45507],[-104.738807,40.455408],[-104.73949,40.455481],[-104.74407,40.45564],[-104.745694,40.455861],[-104.74777,40.455495],[-104.748831,40.455018],[-104.749147,40.454712],[-104.749629,40.453612],[-104.750296,40.452751],[-104.751003,40.452259],[-104.751717,40.45216],[-104.758893,40.452161],[-104.768609,40.452177],[-104.773394,40.452195],[-104.773517,40.452196],[-104.781425,40.452086],[-104.782,40.452074],[-104.782844,40.452064],[-104.782856,40.452064],[-104.782875,40.452064],[-104.787558,40.452015],[-104.792413,40.451954],[-104.811579,40.451574],[-104.811472,40.445325],[-104.81145,40.44064],[-104.81145,40.44058],[-104.8115,40.437035],[-104.812084,40.432439],[-104.812521,40.429007],[-104.81349,40.421434],[-104.813505,40.42132],[-104.832418,40.421539],[-104.84172,40.421312],[-104.846164,40.421193],[-104.850565,40.420537],[-104.855086,40.419002],[-104.858097,40.417393],[-104.860643,40.415983],[-104.869854,40.410792],[-104.875273,40.407794],[-104.87693,40.407159],[-104.879883,40.406803],[-104.907207,40.406802],[-104.907296,40.406803],[-104.907298,40.406551],[-104.907501,40.392382],[-104.90739,40.392381],[-104.891866,40.392397],[-104.890604,40.39241],[-104.889887,40.392417],[-104.889097,40.392422],[-104.888867,40.392427],[-104.888691,40.392428],[-104.888478,40.39243],[-104.888302,40.392431],[-104.888121,40.392434],[-104.888195,40.385216],[-104.878989,40.385124],[-104.878967,40.392413],[-104.870013,40.392405],[-104.86998,40.377917],[-104.869822,40.377917],[-104.869822,40.37783],[-104.869789,40.37071],[-104.874968,40.370697],[-104.878989,40.370687],[-104.888213,40.370665],[-104.888247,40.363411],[-104.888217,40.357653],[-104.888397,40.348877],[-104.88671,40.348931],[-104.886628,40.344809],[-104.886542,40.341475],[-104.886739,40.334374],[-104.886743,40.334242],[-104.900399,40.334505],[-104.901067,40.334517],[-104.901069,40.334444],[-104.902398,40.33447],[-104.9029,40.334481],[-104.904869,40.334524],[-104.906146,40.334538],[-104.906144,40.334669],[-104.907496,40.334686],[-104.90878,40.334705],[-104.908855,40.334706],[-104.910157,40.334748],[-104.910271,40.334647],[-104.911032,40.334195],[-104.911433,40.333954],[-104.91495,40.33205],[-104.916365,40.331436],[-104.916723,40.331384],[-104.917233,40.331062],[-104.91965,40.329787],[-104.922846,40.328189],[-104.923779,40.327857],[-104.923798,40.320432],[-104.905978,40.320126],[-104.906057,40.327293],[-104.900398,40.327238],[-104.900249,40.327237],[-104.900129,40.327236],[-104.898242,40.327219],[-104.896348,40.327201],[-104.886654,40.327042],[-104.886523,40.319791],[-104.886523,40.31971],[-104.886522,40.319626],[-104.886415,40.305401],[-104.88639,40.301674],[-104.886261,40.290938],[-104.88611,40.276476],[-104.886037,40.265066],[-104.886017,40.262067],[-104.885966,40.257027],[-104.885949,40.255272],[-104.887442,40.254625],[-104.887596,40.254152],[-104.885614,40.25244],[-104.887378,40.249983],[-104.886304,40.24875],[-104.884751,40.2482],[-104.884424,40.246735],[-104.888386,40.245651],[-104.888894,40.239913],[-104.889378,40.235313],[-104.890045,40.232712],[-104.886276,40.232933],[-104.885905,40.204045],[-104.900837,40.204114],[-104.904726,40.204162],[-104.904887,40.210806],[-104.905139,40.219376],[-104.904658,40.225312],[-104.904735,40.233074],[-104.904798,40.240137],[-104.904852,40.247587],[-104.904884,40.254811],[-104.904868,40.262306],[-104.923309,40.262592],[-104.941712,40.262832],[-104.951417,40.262831],[-104.952232,40.262829],[-104.966876,40.262797],[-104.971534,40.262737],[-104.974313,40.26271],[-104.977049,40.262672],[-104.979252,40.262652],[-104.979847,40.264659],[-104.979822,40.268089],[-104.979811,40.269676],[-104.979803,40.270808],[-104.979753,40.277262],[-104.980002,40.27726],[-104.980319,40.277262],[-104.980605,40.277236],[-104.980663,40.270711],[-104.980665,40.269886],[-104.981122,40.269885],[-104.989116,40.269829],[-104.989112,40.277177],[-104.998534,40.277031],[-104.998687,40.277031],[-105.008214,40.276952],[-105.00822,40.281035],[-105.008225,40.281817],[-105.008238,40.287809],[-105.014307,40.28774],[-105.014408,40.286202],[-105.013755,40.283763],[-105.013012,40.283076],[-105.017737,40.283033],[-105.017737,40.282415],[-105.01773,40.273484],[-105.017695,40.26943],[-105.017666,40.265887],[-105.017667,40.265545],[-105.017698,40.26472],[-105.017048,40.264172],[-105.016814,40.263486],[-105.016949,40.26294],[-105.017697,40.262332],[-105.027361,40.262214],[-105.026745,40.264946],[-105.0276,40.264124],[-105.029542,40.263344],[-105.029609,40.262166],[-105.035133,40.262079],[-105.036604,40.262059],[-105.036613,40.26269],[-105.042297,40.261641],[-105.044166,40.261662],[-105.045641,40.259372],[-105.047372,40.25875],[-105.04826,40.259141],[-105.050522,40.258569],[-105.050896,40.256982],[-105.052565,40.256065],[-105.0551,40.25612],[-105.055089,40.261793],[-105.071919,40.261638],[-105.074075,40.261626],[-105.075953,40.261598],[-105.083247,40.261538],[-105.08789,40.261582],[-105.087962,40.261581],[-105.0998,40.261485],[-105.102451,40.261367],[-105.107406,40.261384],[-105.109974,40.261284],[-105.114426,40.261377],[-105.128642,40.261579],[-105.131155,40.261283],[-105.142948,40.261283],[-105.148877,40.261273],[-105.154789,40.261192],[-105.15906,40.261219],[-105.158788,40.259466],[-105.159208,40.257618],[-105.160738,40.256026],[-105.161034,40.255238],[-105.159656,40.254521],[-105.159438,40.253193],[-105.159717,40.246862],[-105.159677,40.239236],[-105.159638,40.233968],[-105.159632,40.232346],[-105.165295,40.232313],[-105.17153,40.232288],[-105.17467,40.232294],[-105.177646,40.232309],[-105.177867,40.229375],[-105.177948,40.214114],[-105.177956,40.212999],[-105.178021,40.203323],[-105.178036,40.197645],[-105.178032,40.196902],[-105.178077,40.19341],[-105.178125,40.188728],[-105.178124,40.187732],[-105.178124,40.187596],[-105.178124,40.187461],[-105.178192,40.177511],[-105.178193,40.177386],[-105.178209,40.176413],[-105.178219,40.174258],[-105.178246,40.168108],[-105.178254,40.166947],[-105.178286,40.160324],[-105.178288,40.159654],[-105.178296,40.157999],[-105.178324,40.15241],[-105.18204,40.152353],[-105.186746,40.151408],[-105.189788,40.151453],[-105.193647,40.152399],[-105.202035,40.152399],[-105.202016,40.159723],[-105.202022,40.162762],[-105.204403,40.162753],[-105.207582,40.163705],[-105.210342,40.164183],[-105.210325,40.162719],[-105.211452,40.162742],[-105.211512,40.159702],[-105.213904,40.159996],[-105.21611,40.161628],[-105.216372,40.163458],[-105.220674,40.163846],[-105.223753,40.163838],[-105.224352,40.163131],[-105.22566,40.164527],[-105.224078,40.165707],[-105.221667,40.167745],[-105.220755,40.169442],[-105.220802,40.171873],[-105.219424,40.172921],[-105.220043,40.174313],[-105.219465,40.175127],[-105.220267,40.17583],[-105.21991,40.176599],[-105.220935,40.177],[-105.22092,40.174315],[-105.226986,40.174294],[-105.225751,40.173368],[-105.224776,40.171649],[-105.224904,40.169469],[-105.225741,40.168952],[-105.225619,40.167722],[-105.227293,40.166584],[-105.227429,40.165689],[-105.230012,40.164189],[-105.231515,40.163699],[-105.231737,40.162716],[-105.230519,40.161893],[-105.228435,40.159307],[-105.229142,40.157873],[-105.228569,40.155874],[-105.226643,40.155567],[-105.225162,40.152329],[-105.226348,40.152319],[-105.226643,40.150186],[-105.225665,40.147259],[-105.225663,40.145044],[-105.225703,40.134139],[-105.225704,40.133984],[-105.225885,40.129546],[-105.227098,40.128213],[-105.225853,40.127429],[-105.227852,40.125123],[-105.229865,40.124447],[-105.23087,40.123458],[-105.234827,40.123456],[-105.23518,40.121834],[-105.235112,40.116212],[-105.238718,40.116219],[-105.239931,40.116212],[-105.258836,40.116233],[-105.258829,40.118941],[-105.258806,40.123073],[-105.259158,40.12339],[-105.263256,40.123461],[-105.263536,40.125661],[-105.263509,40.130767],[-105.27739,40.130834],[-105.279758,40.131617],[-105.282278,40.132382],[-105.282306,40.12998],[-105.28231,40.129321],[-105.2823,40.119799],[-105.282292,40.114463],[-105.282132,40.112027],[-105.281822,40.108859],[-105.282135,40.103924],[-105.281985,40.100941],[-105.281977,40.100723],[-105.282132,40.097108],[-105.282139,40.087028],[-105.2822,40.080015],[-105.298358,40.079946],[-105.298501,40.072195],[-105.298736,40.067884],[-105.298198,40.065345],[-105.29733,40.063628],[-105.298826,40.06387],[-105.298864,40.065447],[-105.301028,40.065059],[-105.300728,40.064847],[-105.305765,40.064263],[-105.307532,40.064932],[-105.309627,40.063987],[-105.311335,40.063799],[-105.313045,40.062974],[-105.315263,40.061092],[-105.316768,40.061064],[-105.316764,40.06097],[-105.317782,40.060035],[-105.321056,40.058235],[-105.323342,40.05811],[-105.323665,40.056902],[-105.323743,40.050853],[-105.323244,40.050853],[-105.32322,40.047234],[-105.323767,40.047163],[-105.323711,40.045395],[-105.323638,40.043136],[-105.323378,40.042941],[-105.320798,40.039349],[-105.308103,40.030109],[-105.300787,40.024332],[-105.297324,40.022589],[-105.296479,40.022121],[-105.296501,40.02192],[-105.296515,40.021771],[-105.296517,40.021732],[-105.296545,40.021705],[-105.296646,40.021701],[-105.296884,40.021694],[-105.300141,40.021623],[-105.29863,40.020382],[-105.296063,40.020551],[-105.296234,40.020399],[-105.296068,40.020432],[-105.295792,40.020486],[-105.295466,40.020551],[-105.295445,40.020554],[-105.295369,40.020564],[-105.295332,40.020569],[-105.295228,40.020578],[-105.295183,40.020581],[-105.295146,40.020583],[-105.295063,40.020586],[-105.295042,40.020586],[-105.294963,40.020585],[-105.294936,40.020584],[-105.294901,40.020583],[-105.294857,40.020581],[-105.294517,40.020562],[-105.294451,40.020558],[-105.294316,40.020551],[-105.293887,40.020526],[-105.293766,40.02052],[-105.293474,40.020489],[-105.293351,40.020471],[-105.292941,40.020056],[-105.292074,40.019425],[-105.292191,40.017722],[-105.293934,40.015456],[-105.293927,40.014891],[-105.295972,40.013627],[-105.297895,40.013424],[-105.301004,40.014125],[-105.301432,40.012983],[-105.301069,40.012927],[-105.299359,40.012524],[-105.29858,40.011832],[-105.297034,40.01213],[-105.296159,40.01081],[-105.296091,40.008435],[-105.293986,40.007241],[-105.291427,40.007201],[-105.291431,40.005861],[-105.289296,40.005855],[-105.289179,40.004531],[-105.289181,40.004463],[-105.289673,40.004464],[-105.289812,40.004464],[-105.289928,40.004465],[-105.290198,40.004465],[-105.2902,40.004107],[-105.289173,40.004102],[-105.289133,40.003744],[-105.290852,40.003654],[-105.291336,40.002],[-105.290586,40.000061],[-105.287773,40.000056],[-105.286756,40.000061],[-105.286755,39.999961],[-105.286644,39.999961],[-105.285868,39.999959],[-105.285421,39.999959],[-105.284256,39.99996],[-105.284008,39.999961],[-105.283445,39.999962],[-105.283239,39.999962],[-105.28266,39.99353],[-105.282602,39.992733],[-105.27782,39.992876],[-105.277708,39.996594],[-105.276151,39.996108],[-105.27734,39.994029],[-105.277557,39.994028],[-105.27749,39.992885],[-105.277488,39.992791],[-105.277278,39.989293],[-105.27707,39.98576],[-105.277067,39.985696],[-105.276845,39.985685],[-105.269315,39.985686],[-105.269313,39.984874],[-105.267173,39.984283],[-105.266313,39.983825],[-105.265889,39.98361],[-105.264425,39.982779],[-105.263861,39.982257],[-105.263286,39.981732],[-105.261857,39.982402],[-105.259825,39.982399],[-105.25853,39.981906],[-105.258008,39.982501],[-105.256279,39.980944],[-105.25719,39.980714],[-105.259887,39.980122],[-105.260176,39.980044],[-105.260113,39.978761],[-105.260115,39.978076],[-105.261503,39.978036],[-105.261525,39.978032],[-105.262086,39.977875],[-105.262386,39.977757],[-105.26253,39.97769],[-105.263847,39.976239],[-105.26579,39.975183],[-105.266787,39.97446],[-105.266655,39.973665],[-105.267572,39.973191],[-105.267227,39.972205],[-105.26858,39.97207],[-105.269263,39.972754],[-105.270925,39.973117],[-105.271945,39.97312],[-105.269507,39.972231],[-105.268559,39.971421],[-105.266721,39.971389],[-105.261502,39.967265],[-105.260089,39.967261],[-105.258871,39.966969],[-105.260088,39.966873],[-105.260082,39.964362],[-105.248875,39.964325],[-105.247487,39.967661],[-105.246408,39.970278],[-105.246283,39.97058],[-105.237296,39.970559],[-105.237382,39.970896],[-105.237388,39.970921],[-105.237568,39.97104],[-105.237676,39.971111],[-105.237853,39.971487],[-105.237211,39.971482],[-105.237169,39.97148],[-105.237117,39.971478],[-105.236552,39.971457],[-105.236531,39.977403],[-105.23653,39.977756],[-105.235735,39.978681],[-105.23441,39.978656],[-105.234625,39.983441],[-105.236071,39.985802],[-105.235669,39.985802],[-105.233672,39.985785],[-105.231791,39.985185],[-105.221214,39.9803],[-105.221155,39.980408],[-105.220543,39.980126],[-105.212831,39.976562],[-105.209005,39.974807],[-105.204837,39.973133],[-105.198912,39.970831],[-105.191885,39.968101],[-105.183653,39.964898],[-105.182316,39.964378],[-105.182466,39.964301],[-105.183133,39.963903],[-105.184673,39.963459],[-105.186746,39.963026],[-105.189263,39.962664],[-105.189271,39.961474],[-105.189091,39.961603],[-105.188308,39.961957],[-105.187245,39.962272],[-105.186272,39.962443],[-105.185268,39.962453],[-105.184678,39.962622],[-105.184582,39.962638],[-105.18419,39.962583],[-105.184092,39.962584],[-105.183746,39.963514],[-105.183671,39.963526],[-105.183548,39.963547],[-105.183486,39.963555],[-105.183362,39.963571],[-105.183237,39.963583],[-105.183112,39.963592],[-105.182987,39.963597],[-105.182861,39.963599],[-105.182735,39.963598],[-105.18261,39.963594],[-105.182484,39.963587],[-105.18241,39.963578],[-105.182342,39.96357],[-105.182296,39.96357],[-105.182259,39.963565],[-105.182234,39.963562],[-105.182172,39.963554],[-105.18211,39.963545],[-105.182015,39.96353],[-105.181987,39.963525],[-105.181866,39.963501],[-105.181745,39.963474],[-105.181589,39.963434],[-105.181567,39.963428],[-105.181508,39.963411],[-105.181468,39.963399],[-105.18145,39.963393],[-105.181418,39.963383],[-105.181366,39.963366],[-105.181335,39.963355],[-105.181278,39.963335],[-105.181221,39.963314],[-105.181165,39.963292],[-105.18111,39.96327],[-105.181055,39.963247],[-105.181001,39.963223],[-105.180947,39.963198],[-105.180894,39.963173],[-105.180841,39.963147],[-105.180789,39.96312],[-105.180738,39.963092],[-105.180687,39.963064],[-105.180637,39.963035],[-105.180588,39.963006],[-105.180539,39.962976],[-105.180491,39.962945],[-105.180444,39.962914],[-105.180397,39.962881],[-105.180379,39.962869],[-105.180013,39.962826],[-105.1791,39.962482],[-105.179082,39.962508],[-105.179023,39.962595],[-105.178026,39.962208],[-105.178056,39.960634],[-105.175256,39.960673],[-105.175263,39.959405],[-105.177029,39.95944],[-105.177035,39.958194],[-105.175371,39.958164],[-105.175369,39.95758],[-105.178981,39.957654],[-105.17758,39.954993],[-105.177408,39.952593],[-105.17825,39.952097],[-105.179556,39.951909],[-105.182785,39.951612],[-105.183149,39.951492],[-105.184228,39.949908],[-105.184642,39.949121],[-105.184532,39.949069],[-105.183869,39.949],[-105.185104,39.947402],[-105.184776,39.94665],[-105.186003,39.945578],[-105.18651,39.944398],[-105.190021,39.942036],[-105.192176,39.940943],[-105.192968,39.939938],[-105.188832,39.940377],[-105.18661,39.94091],[-105.184248,39.941909],[-105.183328,39.941931],[-105.176009,39.944459],[-105.175664,39.942681],[-105.169463,39.938928],[-105.16784,39.936143],[-105.165977,39.936256],[-105.16601,39.928718],[-105.169187,39.928693],[-105.169187,39.926383],[-105.170955,39.926025],[-105.172053,39.925077],[-105.175208,39.925095],[-105.175109,39.917859],[-105.165791,39.917851],[-105.165783,39.919671],[-105.166495,39.919673],[-105.166487,39.921463],[-105.165763,39.922867],[-105.164299,39.91852],[-105.164333,39.916933],[-105.165043,39.915698],[-105.166771,39.91414],[-105.166045,39.914139],[-105.16615,39.914047],[-105.166565,39.913893],[-105.191895,39.914097],[-105.192184,39.914102],[-105.192439,39.914107],[-105.196647,39.914186],[-105.199494,39.914028],[-105.200796,39.913994],[-105.200992,39.913999],[-105.201254,39.914002],[-105.20345,39.91404],[-105.206273,39.914086],[-105.214955,39.914223],[-105.231343,39.914085],[-105.238933,39.914367],[-105.24527,39.914084],[-105.263945,39.913986],[-105.264773,39.914152],[-105.269445,39.913986],[-105.282977,39.913689],[-105.307088,39.913982],[-105.314702,39.913883],[-105.339547,39.913786],[-105.342281,39.913737],[-105.35106,39.913572],[-105.357666,39.913485],[-105.357839,39.913482],[-105.370352,39.913283],[-105.372692,39.913293],[-105.373943,39.913181],[-105.376919,39.913141],[-105.396421,39.912886],[-105.397849,39.912886],[-105.397849,39.910637],[-105.397822,39.908349],[-105.397749,39.907643],[-105.397749,39.906653],[-105.39789,39.897995],[-105.397649,39.883187],[-105.397759,39.882455],[-105.397849,39.881699],[-105.397937,39.88116],[-105.397949,39.877701],[-105.398045,39.873443],[-105.397999,39.871433],[-105.397877,39.866849],[-105.397755,39.866598],[-105.39758,39.866356],[-105.397568,39.866061],[-105.397952,39.861587],[-105.397948,39.861244],[-105.397949,39.861073],[-105.397503,39.854334],[-105.409395,39.854199],[-105.428928,39.85397],[-105.44395,39.853835],[-105.449939,39.853816],[-105.45927,39.853832],[-105.476039,39.853843],[-105.477076,39.853835],[-105.477814,39.853849],[-105.479843,39.853795],[-105.495271,39.853558],[-105.502492,39.853425],[-105.522564,39.853418],[-105.537695,39.853476],[-105.546025,39.853362],[-105.555783,39.853276],[-105.555423,39.869656],[-105.555366,39.872267],[-105.555155,39.881873],[-105.564615,39.881722],[-105.594977,39.881198],[-105.607705,39.88089],[-105.617627,39.880656],[-105.657372,39.879813],[-105.700773,39.878942],[-105.699704,39.876531],[-105.699154,39.874141],[-105.696851,39.8717],[-105.697769,39.867986],[-105.696938,39.865501],[-105.696181,39.864612],[-105.696542,39.863581],[-105.696125,39.861516],[-105.693577,39.858228],[-105.693656,39.857253],[-105.692699,39.854993],[-105.691106,39.852571],[-105.690348,39.851996],[-105.691311,39.851338],[-105.691901,39.850348],[-105.69225,39.849381],[-105.692734,39.848632],[-105.693542,39.847853],[-105.693828,39.846983],[-105.693957,39.846265],[-105.693795,39.845475],[-105.694268,39.844783],[-105.694618,39.843712],[-105.695747,39.839482],[-105.696345,39.838919],[-105.700085,39.837623],[-105.701266,39.837126],[-105.702102,39.83691],[-105.703271,39.836712],[-105.705127,39.836612],[-105.706818,39.836624],[-105.708142,39.836724],[-105.710464,39.837383],[-105.712339,39.83771],[-105.713098,39.838171],[-105.713369,39.838212],[-105.715578,39.836452],[-105.716981,39.835472],[-105.71836,39.832903],[-105.719012,39.831913],[-105.71934,39.831051],[-105.71926,39.830237],[-105.718965,39.828962],[-105.719054,39.827794],[-105.719243,39.827544],[-105.721909,39.826204],[-105.723279,39.825353],[-105.72394,39.824637],[-105.724245,39.824073],[-105.724501,39.822889],[-105.724558,39.821986],[-105.724197,39.821267],[-105.723884,39.819332],[-105.724125,39.819018]]],[[[-104.933139,40.335272],[-104.927381,40.334999],[-104.927227,40.334991],[-104.923734,40.334821],[-104.920846,40.334808],[-104.919346,40.334796],[-104.917295,40.334782],[-104.916125,40.334774],[-104.916043,40.334774],[-104.915003,40.33478],[-104.914966,40.334781],[-104.914993,40.336112],[-104.915009,40.336573],[-104.915015,40.337135],[-104.915011,40.338274],[-104.913874,40.338249],[-104.912528,40.338227],[-104.911237,40.338204],[-104.910168,40.338164],[-104.909852,40.338169],[-104.908694,40.338155],[-104.907412,40.338141],[-104.906229,40.338121],[-104.906224,40.3382],[-104.906284,40.34182],[-104.906382,40.349029],[-104.917143,40.349045],[-104.923897,40.349052],[-104.923801,40.344252],[-104.923761,40.342102],[-104.933376,40.34254],[-104.933139,40.335272]]],[[[-104.912372,40.465158],[-104.911668,40.465056],[-104.907722,40.465347],[-104.907734,40.466681],[-104.907731,40.467467],[-104.907718,40.469956],[-104.907713,40.471256],[-104.907713,40.473538],[-104.907709,40.474737],[-104.907697,40.475971],[-104.907718,40.47728],[-104.907708,40.478613],[-104.907675,40.47998],[-104.907638,40.481329],[-104.907599,40.482324],[-104.907584,40.482695],[-104.907558,40.484025],[-104.90764,40.489836],[-104.907697,40.494368],[-104.907879,40.49437],[-104.917125,40.494179],[-104.9253,40.494109],[-104.926437,40.493986],[-104.92654,40.493952],[-104.92654,40.493811],[-104.92653,40.492066],[-104.92652,40.49028],[-104.926504,40.488449],[-104.926489,40.486718],[-104.926423,40.485472],[-104.926422,40.4854],[-104.926422,40.485315],[-104.92645,40.483799],[-104.926436,40.482034],[-104.926428,40.480981],[-104.926431,40.479455],[-104.929028,40.479433],[-104.930859,40.479423],[-104.930867,40.478252],[-104.930899,40.477188],[-104.930896,40.476823],[-104.9309,40.472429],[-104.929105,40.471054],[-104.927146,40.4697],[-104.925283,40.468874],[-104.925259,40.471731],[-104.925259,40.472049],[-104.917108,40.472268],[-104.917059,40.471351],[-104.916928,40.471078],[-104.916848,40.470073],[-104.91469,40.468197],[-104.914026,40.46804],[-104.914029,40.466894],[-104.912925,40.466306],[-104.912372,40.465158]]]]}},{"type":"Feature","properties":{"id":5,"NAME":"5","text-color":"#000000","text-size":16,"labelx":-105.334546,"labely":39.579875,"TotalPop":524720,"PopDevPct":-0.00031072,"DemPct":0.50726411,"RepPct":0.44467436,"WhitePct":0.72064837,"MinorityPct":0.27935163,"BlackPct":0.0553704,"HispanicPct":0.15308864,"PacificPct":0.00609108,"AsianPct":0.04178758,"NativePct":0.03343389,"TotalVAP":417660,"Margin":0.00726411,"color":"#8b8bff","opacity":"0.5"},"geometry":{"type":"MultiPolygon","coordinates":[[[[-104.797769,38.863268],[-104.797685,38.86343],[-104.797387,38.865555],[-104.797388,38.865972],[-104.797384,38.867782],[-104.796867,38.86778],[-104.79638,38.86778],[-104.795887,38.867772],[-104.795384,38.867768],[-104.794847,38.867764],[-104.794143,38.867759],[-104.792997,38.867794],[-104.79248,38.867797],[-104.791976,38.867796],[-104.792347,38.869805],[-104.792805,38.870216],[-104.792411,38.870486],[-104.792103,38.87078],[-104.791821,38.871124],[-104.791548,38.871444],[-104.79112,38.871719],[-104.790728,38.871899],[-104.790251,38.872109],[-104.789904,38.872408],[-104.78983,38.872511],[-104.790407,38.873005],[-104.791334,38.873517],[-104.79212,38.873713],[-104.792966,38.873795],[-104.794871,38.873693],[-104.795315,38.877005],[-104.795333,38.877199],[-104.795344,38.877318],[-104.795361,38.877514],[-104.795443,38.878341],[-104.795458,38.87867],[-104.795383,38.879104],[-104.795241,38.879433],[-104.794742,38.880397],[-104.79467,38.880522],[-104.7946,38.880644],[-104.794534,38.880759],[-104.794189,38.881262],[-104.793979,38.881496],[-104.793777,38.881657],[-104.793491,38.881832],[-104.793225,38.88198],[-104.792759,38.882182],[-104.792171,38.882351],[-104.792057,38.882384],[-104.791202,38.882595],[-104.790769,38.882778],[-104.790231,38.883105],[-104.787611,38.885976],[-104.7872,38.886428],[-104.786026,38.887696],[-104.785915,38.887862],[-104.785756,38.888217],[-104.785724,38.888399],[-104.785663,38.88882],[-104.785657,38.88904],[-104.785653,38.889188],[-104.786961,38.88901],[-104.788967,38.887886],[-104.790601,38.887812],[-104.7949,38.889434],[-104.795882,38.889799],[-104.797948,38.890488],[-104.800339,38.891259],[-104.803388,38.891312],[-104.804634,38.891557],[-104.806385,38.893559],[-104.806961,38.896178],[-104.807595,38.897054],[-104.809686,38.897823],[-104.812555,38.897859],[-104.815065,38.897875],[-104.817741,38.897649],[-104.817063,38.900215],[-104.816532,38.903858],[-104.815992,38.90663],[-104.816277,38.906761],[-104.81646,38.908557],[-104.816178,38.910243],[-104.816136,38.910482],[-104.816053,38.910963],[-104.815916,38.911752],[-104.814656,38.919428],[-104.815153,38.917348],[-104.816805,38.915216],[-104.817832,38.914714],[-104.818228,38.914728],[-104.821107,38.912532],[-104.82223,38.913492],[-104.820564,38.919029],[-104.820856,38.919127],[-104.821709,38.919229],[-104.824576,38.921181],[-104.826436,38.921997],[-104.827534,38.921913],[-104.827474,38.922434],[-104.82802,38.92437],[-104.828981,38.925717],[-104.829506,38.926463],[-104.830706,38.928445],[-104.830783,38.928579],[-104.830644,38.928631],[-104.830262,38.928788],[-104.829901,38.928968],[-104.829638,38.9291],[-104.829017,38.929367],[-104.828466,38.929539],[-104.827966,38.929613],[-104.827566,38.929632],[-104.827127,38.929609],[-104.827055,38.929606],[-104.826462,38.929511],[-104.826175,38.92946],[-104.825922,38.929414],[-104.82589,38.929409],[-104.825565,38.929373],[-104.825153,38.929381],[-104.824897,38.929387],[-104.824695,38.929394],[-104.824089,38.929418],[-104.823888,38.929427],[-104.82283,38.929472],[-104.821991,38.929625],[-104.821387,38.929896],[-104.820208,38.930862],[-104.818719,38.932066],[-104.8183,38.93232],[-104.815866,38.932971],[-104.815106,38.93298],[-104.812851,38.932955],[-104.812451,38.932943],[-104.812401,38.937044],[-104.813091,38.940179],[-104.813313,38.941098],[-104.813878,38.943985],[-104.813561,38.946587],[-104.812772,38.948162],[-104.810518,38.950409],[-104.807411,38.952262],[-104.80421,38.954228],[-104.802242,38.956136],[-104.800934,38.959251],[-104.800954,38.960981],[-104.801541,38.96293],[-104.8058,38.971555],[-104.81093,38.981839],[-104.812498,38.985048],[-104.814566,38.990753],[-104.818632,39.001811],[-104.81973,39.003773],[-104.82111,39.006087],[-104.821666,39.005925],[-104.824397,39.0094],[-104.827502,39.01398],[-104.830449,39.018384],[-104.834828,39.025714],[-104.833165,39.026308],[-104.831893,39.024221],[-104.83052,39.025931],[-104.831146,39.02718],[-104.831217,39.027303],[-104.833049,39.029601],[-104.840351,39.041615],[-104.840786,39.04233],[-104.842692,39.042346],[-104.842963,39.042346],[-104.843862,39.04236],[-104.843697,39.042111],[-104.84984,39.042068],[-104.850101,39.042441],[-104.849695,39.042446],[-104.849707,39.045018],[-104.849723,39.049448],[-104.849726,39.050622],[-104.849586,39.052538],[-104.849714,39.053626],[-104.849645,39.053541],[-104.851528,39.05662],[-104.853182,39.059438],[-104.855156,39.062719],[-104.856232,39.064981],[-104.857967,39.072035],[-104.859484,39.078422],[-104.860766,39.0838],[-104.862236,39.08995],[-104.862762,39.092288],[-104.863668,39.095957],[-104.863923,39.097403],[-104.864771,39.105542],[-104.865534,39.112198],[-104.865656,39.112198],[-104.867737,39.112223],[-104.867808,39.109713],[-104.867959,39.102235],[-104.872665,39.102094],[-104.874123,39.103751],[-104.875825,39.103815],[-104.872588,39.103944],[-104.872495,39.107585],[-104.874071,39.107527],[-104.87788,39.107623],[-104.880006,39.109493],[-104.881544,39.110391],[-104.883293,39.110485],[-104.88707,39.11019],[-104.889214,39.110501],[-104.895732,39.114295],[-104.895844,39.114356],[-104.895977,39.129858],[-104.89503,39.129857],[-104.879511,39.12983],[-104.867682,39.12982],[-104.863922,39.129791],[-104.862193,39.140231],[-104.861634,39.142652],[-104.858684,39.151082],[-104.857653,39.153541],[-104.851589,39.169771],[-104.850836,39.17237],[-104.850237,39.176562],[-104.850455,39.187711],[-104.850469,39.188037],[-104.850499,39.1887],[-104.850527,39.189198],[-104.850562,39.189547],[-104.850656,39.190098],[-104.850855,39.190861],[-104.851053,39.191495],[-104.851074,39.191557],[-104.851159,39.191857],[-104.851298,39.192263],[-104.851463,39.192663],[-104.851753,39.193289],[-104.852072,39.193916],[-104.852617,39.194876],[-104.852875,39.195226],[-104.853127,39.195632],[-104.853304,39.195907],[-104.853441,39.196143],[-104.854357,39.197559],[-104.854981,39.198538],[-104.855011,39.198585],[-104.855876,39.199924],[-104.855985,39.2001],[-104.85614,39.200352],[-104.856711,39.201264],[-104.857309,39.202177],[-104.857951,39.203191],[-104.858605,39.204196],[-104.858872,39.204536],[-104.859173,39.204877],[-104.859496,39.205204],[-104.85986,39.205523],[-104.860104,39.20573],[-104.860352,39.205926],[-104.860712,39.206178],[-104.86207,39.207002],[-104.863059,39.20758],[-104.863393,39.207792],[-104.86375,39.208003],[-104.864824,39.20866],[-104.86591,39.209297],[-104.867868,39.210434],[-104.868199,39.210627],[-104.870452,39.211966],[-104.872702,39.213362],[-104.873237,39.213742],[-104.873444,39.213893],[-104.873703,39.214081],[-104.874181,39.214482],[-104.875553,39.215691],[-104.876374,39.216386],[-104.877012,39.217024],[-104.877186,39.217238],[-104.877504,39.217628],[-104.877797,39.218015],[-104.877899,39.218203],[-104.878021,39.218391],[-104.878239,39.218814],[-104.878423,39.219238],[-104.87856,39.21959],[-104.878677,39.219957],[-104.878693,39.22002],[-104.878745,39.22021],[-104.878758,39.220276],[-104.87881,39.220479],[-104.878901,39.221007],[-104.878922,39.221546],[-104.878924,39.221591],[-104.878903,39.222181],[-104.878774,39.223352],[-104.878627,39.224502],[-104.878507,39.225376],[-104.878436,39.225904],[-104.878349,39.226652],[-104.878332,39.226791],[-104.878283,39.227211],[-104.878267,39.227352],[-104.878185,39.227992],[-104.878075,39.228865],[-104.877937,39.229912],[-104.877854,39.230552],[-104.877808,39.230842],[-104.877766,39.23125],[-104.877755,39.231345],[-104.877644,39.232344],[-104.877513,39.233454],[-104.877497,39.233731],[-104.877453,39.23453],[-104.877435,39.234863],[-104.877433,39.235539],[-104.877433,39.236203],[-104.877463,39.238567],[-104.877477,39.239577],[-104.877482,39.24001],[-104.877486,39.240255],[-104.877545,39.240778],[-104.877559,39.240851],[-104.87761,39.241115],[-104.877645,39.241296],[-104.877648,39.241308],[-104.877764,39.241713],[-104.877773,39.241743],[-104.877796,39.241802],[-104.8779,39.242067],[-104.877935,39.242156],[-104.877975,39.242257],[-104.87804,39.242394],[-104.878234,39.242801],[-104.878403,39.243085],[-104.878536,39.24331],[-104.880756,39.245591],[-104.882913,39.247442],[-104.884987,39.249825],[-104.891855,39.259146],[-104.894938,39.264269],[-104.896345,39.267686],[-104.89718,39.271237],[-104.897789,39.275781],[-104.897766,39.277269],[-104.895816,39.289036],[-104.895304,39.290307],[-104.891475,39.297015],[-104.890714,39.29846],[-104.887819,39.306385],[-104.876125,39.338931],[-104.872014,39.35024],[-104.870885,39.35285],[-104.8684,39.357736],[-104.867318,39.360941],[-104.865881,39.365683],[-104.86562,39.366476],[-104.864659,39.369295],[-104.863117,39.374433],[-104.860994,39.379191],[-104.860729,39.380203],[-104.862392,39.380232],[-104.863104,39.380243],[-104.863909,39.380244],[-104.865891,39.38025],[-104.867796,39.380281],[-104.869518,39.380309],[-104.871595,39.380308],[-104.874559,39.380307],[-104.877333,39.380203],[-104.877798,39.380148],[-104.878237,39.380014],[-104.878479,39.3799],[-104.880355,39.378729],[-104.881717,39.377896],[-104.882575,39.377414],[-104.883217,39.377107],[-104.884375,39.376607],[-104.88485,39.376372],[-104.885469,39.375913],[-104.885731,39.375682],[-104.888007,39.373107],[-104.888203,39.373108],[-104.893823,39.37313],[-104.905047,39.373361],[-104.905148,39.376904],[-104.914487,39.37688],[-104.914495,39.384052],[-104.919164,39.384056],[-104.919173,39.390818],[-104.919214,39.397429],[-104.919229,39.402134],[-104.920729,39.402184],[-104.920682,39.405876],[-104.922781,39.405748],[-104.923917,39.405594],[-104.923903,39.41288],[-104.923889,39.42023],[-104.923887,39.421452],[-104.923877,39.42622],[-104.923876,39.426543],[-104.9239,39.427541],[-104.923868,39.430799],[-104.917826,39.430413],[-104.914778,39.429738],[-104.914583,39.43375],[-104.914554,39.435234],[-104.914885,39.438329],[-104.914712,39.441102],[-104.914593,39.442603],[-104.914536,39.444202],[-104.914544,39.446494],[-104.91464,39.446995],[-104.915242,39.448092],[-104.915679,39.44936],[-104.915971,39.450291],[-104.916036,39.450885],[-104.915831,39.451425],[-104.914529,39.452962],[-104.914411,39.453775],[-104.914426,39.456287],[-104.913794,39.458821],[-104.913812,39.463569],[-104.914438,39.465011],[-104.913884,39.466915],[-104.914742,39.470518],[-104.916903,39.471387],[-104.917728,39.471954],[-104.917169,39.473051],[-104.918708,39.472548],[-104.921257,39.473083],[-104.922067,39.474091],[-104.924614,39.480995],[-104.924369,39.482777],[-104.925234,39.484174],[-104.927815,39.486818],[-104.926966,39.492742],[-104.928282,39.492957],[-104.927015,39.492974],[-104.926819,39.494156],[-104.924634,39.493259],[-104.915859,39.49321],[-104.915029,39.493914],[-104.91381,39.493209],[-104.911405,39.493239],[-104.906501,39.493263],[-104.905117,39.493947],[-104.904863,39.507401],[-104.906566,39.506839],[-104.908593,39.506946],[-104.909144,39.50741],[-104.909118,39.511681],[-104.907207,39.511293],[-104.905288,39.509327],[-104.90426,39.509123],[-104.904799,39.512182],[-104.904601,39.514884],[-104.90484,39.516214],[-104.904684,39.51614],[-104.904114,39.51587],[-104.903714,39.516628],[-104.904371,39.520871],[-104.904456,39.522004],[-104.905829,39.521945],[-104.913553,39.521909],[-104.913819,39.519652],[-104.913795,39.514452],[-104.919477,39.51447],[-104.925262,39.514429],[-104.928026,39.514379],[-104.929913,39.514369],[-104.933128,39.514299],[-104.933751,39.514284],[-104.942168,39.514146],[-104.942154,39.513886],[-104.946846,39.513745],[-104.958071,39.513407],[-104.961096,39.513317],[-104.960921,39.515353],[-104.964093,39.514791],[-104.966042,39.515073],[-104.968684,39.516158],[-104.973741,39.516087],[-104.976184,39.517045],[-104.978068,39.517447],[-104.97968,39.517792],[-104.980288,39.517871],[-104.980783,39.517777],[-104.981242,39.517571],[-104.981957,39.517197],[-104.983225,39.516948],[-104.983945,39.5167],[-104.98427,39.516594],[-104.98578,39.516195],[-104.986095,39.516139],[-104.98791,39.515872],[-104.989044,39.513855],[-104.992186,39.511355],[-104.994961,39.510546],[-104.998846,39.513319],[-104.999057,39.52177],[-105.011728,39.521771],[-105.011697,39.523033],[-105.011979,39.522774],[-105.016988,39.52306],[-105.026665,39.523615],[-105.027495,39.523663],[-105.027685,39.523674],[-105.030453,39.527871],[-105.03186,39.527851],[-105.035097,39.531865],[-105.040741,39.538464],[-105.042284,39.541244],[-105.04484,39.548588],[-105.045773,39.551036],[-105.045756,39.553333],[-105.044221,39.555894],[-105.044228,39.556867],[-105.044318,39.55713],[-105.04925,39.559708],[-105.050165,39.56087],[-105.05306,39.563109],[-105.057252,39.562306],[-105.058257,39.560379],[-105.060714,39.559941],[-105.06064,39.557888],[-105.06113,39.556906],[-105.063798,39.555239],[-105.06424,39.554188],[-105.065672,39.553346],[-105.066735,39.550499],[-105.070308,39.547896],[-105.071385,39.546429],[-105.073045,39.545265],[-105.079364,39.545979],[-105.082159,39.545906],[-105.082871,39.545846],[-105.086226,39.545629],[-105.088447,39.546233],[-105.088696,39.546333],[-105.093461,39.536298],[-105.094295,39.536455],[-105.094393,39.53627],[-105.110813,39.536173],[-105.11101,39.536173],[-105.111013,39.542116],[-105.111011,39.543396],[-105.111007,39.547146],[-105.10689,39.547159],[-105.111785,39.549806],[-105.113432,39.551174],[-105.117577,39.55316],[-105.12033,39.553395],[-105.122685,39.552504],[-105.124112,39.552498],[-105.124098,39.552658],[-105.125166,39.552205],[-105.128016,39.55192],[-105.130698,39.550753],[-105.131506,39.549737],[-105.133172,39.549155],[-105.134454,39.549334],[-105.136234,39.550449],[-105.140723,39.551288],[-105.140928,39.552054],[-105.145795,39.554932],[-105.145471,39.55617],[-105.14617,39.556741],[-105.150153,39.557412],[-105.151354,39.558212],[-105.151441,39.560866],[-105.1529,39.562491],[-105.154304,39.565422],[-105.154446,39.56644],[-105.15379,39.567799],[-105.1549,39.568114],[-105.159256,39.564992],[-105.159459,39.565503],[-105.160614,39.566731],[-105.160145,39.568],[-105.160016,39.568415],[-105.160994,39.56838],[-105.16145,39.567419],[-105.16241,39.566995],[-105.164739,39.568107],[-105.164137,39.569543],[-105.162236,39.571],[-105.159403,39.572128],[-105.158688,39.572363],[-105.160489,39.573356],[-105.162692,39.574304],[-105.162882,39.575503],[-105.16502,39.574878],[-105.167459,39.575207],[-105.16938,39.574264],[-105.170293,39.574281],[-105.170535,39.573759],[-105.172536,39.573567],[-105.175673,39.57254],[-105.176202,39.572326],[-105.175737,39.574619],[-105.176738,39.575005],[-105.176905,39.578865],[-105.179159,39.579701],[-105.178491,39.581116],[-105.179659,39.583046],[-105.179409,39.584783],[-105.180911,39.584718],[-105.179577,39.585812],[-105.180078,39.587485],[-105.181506,39.587421],[-105.17991,39.588707],[-105.177573,39.588192],[-105.177485,39.589318],[-105.178407,39.590637],[-105.180152,39.591149],[-105.179577,39.591923],[-105.180495,39.59276],[-105.182656,39.592191],[-105.181161,39.594046],[-105.181579,39.595011],[-105.18475,39.595011],[-105.184727,39.599441],[-105.185417,39.600038],[-105.184731,39.600658],[-105.18576,39.600978],[-105.185872,39.601016],[-105.18617,39.601186],[-105.186411,39.6014],[-105.186589,39.601587],[-105.186788,39.601752],[-105.186872,39.601789],[-105.188286,39.602444],[-105.191154,39.602257],[-105.193824,39.601169],[-105.195904,39.599939],[-105.198773,39.599505],[-105.20113,39.599872],[-105.202609,39.59896],[-105.203743,39.59667],[-105.20578,39.596546],[-105.209513,39.595781],[-105.211532,39.595633],[-105.214037,39.596602],[-105.21934,39.595803],[-105.219288,39.595222],[-105.219387,39.593486],[-105.219251,39.592579],[-105.221821,39.591445],[-105.222133,39.591501],[-105.224943,39.593141],[-105.226111,39.592184],[-105.23012,39.59182],[-105.231366,39.590596],[-105.232944,39.590094],[-105.233529,39.591283],[-105.237284,39.591214],[-105.239011,39.590892],[-105.23903,39.590911],[-105.239117,39.590963],[-105.239309,39.591002],[-105.239565,39.591018],[-105.239856,39.590996],[-105.240097,39.590903],[-105.240184,39.59081],[-105.240471,39.590761],[-105.242469,39.590111],[-105.243471,39.590383],[-105.245299,39.589986],[-105.24557,39.589906],[-105.245669,39.589702],[-105.245655,39.589516],[-105.245648,39.589345],[-105.245583,39.589181],[-105.245491,39.588659],[-105.245419,39.588192],[-105.245419,39.587934],[-105.245547,39.587401],[-105.245646,39.587269],[-105.245994,39.587203],[-105.246192,39.587241],[-105.246413,39.587417],[-105.246803,39.587829],[-105.246953,39.587961],[-105.24723,39.58807],[-105.24767,39.588169],[-105.248337,39.588235],[-105.24865,39.588234],[-105.248756,39.588148],[-105.250906,39.588939],[-105.253389,39.586517],[-105.253143,39.585227],[-105.254377,39.584719],[-105.255813,39.585397],[-105.256642,39.586828],[-105.258809,39.586144],[-105.261834,39.587374],[-105.264935,39.587937],[-105.266064,39.588587],[-105.268089,39.588894],[-105.268741,39.591834],[-105.270471,39.594735],[-105.270669,39.595751],[-105.271882,39.59751],[-105.272363,39.599445],[-105.273824,39.601823],[-105.273625,39.604009],[-105.272802,39.603269],[-105.269109,39.604094],[-105.269127,39.605691],[-105.267245,39.605701],[-105.267277,39.606743],[-105.268223,39.607561],[-105.269165,39.609375],[-105.268587,39.609817],[-105.267054,39.609677],[-105.265428,39.610419],[-105.267439,39.610739],[-105.267275,39.61198],[-105.266277,39.613464],[-105.268805,39.613668],[-105.271745,39.614405],[-105.273329,39.616772],[-105.276272,39.620133],[-105.275236,39.619938],[-105.271791,39.62025],[-105.269503,39.621672],[-105.266029,39.622549],[-105.264153,39.623619],[-105.263142,39.623307],[-105.261625,39.623003],[-105.259756,39.623872],[-105.257727,39.625685],[-105.254184,39.625982],[-105.253436,39.627085],[-105.251926,39.624211],[-105.252477,39.622919],[-105.251932,39.622404],[-105.249721,39.621757],[-105.248802,39.622103],[-105.247461,39.622889],[-105.244311,39.622639],[-105.243627,39.621802],[-105.243976,39.620766],[-105.24345,39.619302],[-105.240237,39.620539],[-105.238426,39.619815],[-105.236839,39.617495],[-105.235625,39.616096],[-105.234364,39.615834],[-105.233222,39.616522],[-105.232437,39.615933],[-105.231508,39.616341],[-105.230591,39.616619],[-105.229781,39.61702],[-105.229337,39.617449],[-105.229053,39.617929],[-105.228901,39.618771],[-105.22845,39.61943],[-105.22793,39.619669],[-105.226928,39.619737],[-105.226,39.619304],[-105.224965,39.618363],[-105.224438,39.618091],[-105.223934,39.618027],[-105.223492,39.618081],[-105.221023,39.618996],[-105.22012,39.618868],[-105.219049,39.618332],[-105.21814,39.618005],[-105.218141,39.617926],[-105.21814,39.617803],[-105.218083,39.617789],[-105.217808,39.617744],[-105.217539,39.617706],[-105.217032,39.617661],[-105.216295,39.617629],[-105.215885,39.617629],[-105.215596,39.617635],[-105.215308,39.617661],[-105.215077,39.617712],[-105.214765,39.617787],[-105.2145,39.61792],[-105.214374,39.618008],[-105.214294,39.618046],[-105.214182,39.618133],[-105.214082,39.618242],[-105.213661,39.618635],[-105.213419,39.618821],[-105.213307,39.618901],[-105.213152,39.618979],[-105.212898,39.619037],[-105.212727,39.61905],[-105.212638,39.619057],[-105.212432,39.619069],[-105.212252,39.619053],[-105.211827,39.618985],[-105.21139,39.61886],[-105.21082,39.618708],[-105.210463,39.618622],[-105.210097,39.618602],[-105.209765,39.618618],[-105.209167,39.618686],[-105.208321,39.618808],[-105.207874,39.618824],[-105.207408,39.618799],[-105.206813,39.618734],[-105.206379,39.61867],[-105.205677,39.61866],[-105.205288,39.618712],[-105.204812,39.618792],[-105.204436,39.618885],[-105.204185,39.618953],[-105.203535,39.619181],[-105.203391,39.619278],[-105.203198,39.619358],[-105.202975,39.619478],[-105.202973,39.619588],[-105.20297,39.619733],[-105.20161,39.620749],[-105.200378,39.62122],[-105.199505,39.621228],[-105.198125,39.621124],[-105.197059,39.621153],[-105.196312,39.621476],[-105.195128,39.622246],[-105.1946,39.622689],[-105.193271,39.623679],[-105.193009,39.623875],[-105.1929,39.62395],[-105.19262,39.624141],[-105.192565,39.624178],[-105.192081,39.624475],[-105.191066,39.624947],[-105.190949,39.625002],[-105.190498,39.625176],[-105.189888,39.625386],[-105.189076,39.62557],[-105.187938,39.625838],[-105.185265,39.626405],[-105.184434,39.626596],[-105.181672,39.627179],[-105.181596,39.627205],[-105.181124,39.627364],[-105.180649,39.627531],[-105.180193,39.62773],[-105.179656,39.628006],[-105.179286,39.62825],[-105.178904,39.628512],[-105.178656,39.628716],[-105.173005,39.632746],[-105.172275,39.633263],[-105.167669,39.63649],[-105.169749,39.637822],[-105.170992,39.639334],[-105.174257,39.641795],[-105.175665,39.642953],[-105.179004,39.645564],[-105.179794,39.646834],[-105.179796,39.649149],[-105.180758,39.649321],[-105.181094,39.649327],[-105.1818,39.649316],[-105.181919,39.649457],[-105.181107,39.649449],[-105.180772,39.649452],[-105.180331,39.649457],[-105.180308,39.652051],[-105.179263,39.652372],[-105.179815,39.653054],[-105.179663,39.653468],[-105.176268,39.652972],[-105.17434,39.653151],[-105.172776,39.65339],[-105.172084,39.653513],[-105.171335,39.653563],[-105.171255,39.653584],[-105.171254,39.653643],[-105.171265,39.65419],[-105.172446,39.654549],[-105.172472,39.655093],[-105.17442,39.656344],[-105.173889,39.657847],[-105.176908,39.658525],[-105.176907,39.659078],[-105.173316,39.659107],[-105.172426,39.657712],[-105.173201,39.656653],[-105.171783,39.655789],[-105.167583,39.654514],[-105.165923,39.65681],[-105.164893,39.657877],[-105.162373,39.660281],[-105.165569,39.660299],[-105.165549,39.66482],[-105.165572,39.665481],[-105.165653,39.667548],[-105.172353,39.667431],[-105.172435,39.663903],[-105.184657,39.663734],[-105.184744,39.667386],[-105.186026,39.667392],[-105.186648,39.667391],[-105.186867,39.667391],[-105.187632,39.667391],[-105.188709,39.670978],[-105.189484,39.67097],[-105.189577,39.676475],[-105.188896,39.676477],[-105.188662,39.676477],[-105.188423,39.67648],[-105.188489,39.676638],[-105.188669,39.677078],[-105.188902,39.677645],[-105.190631,39.680673],[-105.190725,39.681859],[-105.188518,39.681882],[-105.188289,39.681882],[-105.187734,39.681892],[-105.182932,39.681901],[-105.182757,39.684593],[-105.179731,39.683445],[-105.175907,39.682538],[-105.172688,39.681542],[-105.16952,39.680946],[-105.166539,39.680393],[-105.1643,39.680565],[-105.16215,39.681385],[-105.160761,39.681357],[-105.160287,39.68235],[-105.156446,39.684946],[-105.154516,39.686727],[-105.151344,39.690174],[-105.149993,39.691671],[-105.14975,39.691924],[-105.148473,39.693286],[-105.144497,39.691921],[-105.143534,39.691802],[-105.140955,39.691203],[-105.139159,39.690685],[-105.136501,39.689891],[-105.134559,39.68897],[-105.133432,39.688521],[-105.132424,39.688252],[-105.131379,39.688118],[-105.130408,39.688047],[-105.128632,39.687435],[-105.128638,39.688543],[-105.128646,39.689141],[-105.128629,39.689894],[-105.128629,39.691163],[-105.128629,39.6915],[-105.128651,39.692247],[-105.128639,39.692983],[-105.12862,39.693738],[-105.128621,39.694471],[-105.128518,39.696461],[-105.127978,39.696468],[-105.125597,39.696489],[-105.121224,39.696389],[-105.119468,39.696439],[-105.117975,39.696499],[-105.117973,39.695674],[-105.119525,39.695271],[-105.120149,39.694475],[-105.119854,39.6926],[-105.11905,39.69183],[-105.119028,39.691304],[-105.119643,39.691539],[-105.119715,39.691561],[-105.120366,39.691744],[-105.122054,39.691774],[-105.122052,39.690632],[-105.122003,39.690632],[-105.120493,39.69012],[-105.120413,39.690261],[-105.118143,39.689195],[-105.116938,39.690319],[-105.116745,39.690171],[-105.115135,39.689133],[-105.113106,39.688809],[-105.110599,39.689367],[-105.105327,39.689356],[-105.104425,39.689361],[-105.103348,39.68937],[-105.100305,39.689401],[-105.100529,39.691429],[-105.100512,39.692169],[-105.100494,39.69251],[-105.10046,39.693365],[-105.10043,39.694329],[-105.100404,39.694814],[-105.100351,39.696538],[-105.09911,39.696531],[-105.098865,39.696528],[-105.098375,39.696534],[-105.096584,39.696538],[-105.095579,39.696533],[-105.094622,39.696535],[-105.093194,39.696541],[-105.091779,39.69654],[-105.0905,39.696544],[-105.089571,39.696545],[-105.088629,39.696552],[-105.088557,39.696552],[-105.087368,39.696555],[-105.086221,39.696549],[-105.083954,39.696591],[-105.082699,39.696606],[-105.081505,39.696624],[-105.081563,39.695778],[-105.081603,39.694793],[-105.081571,39.693888],[-105.08155,39.69288],[-105.081555,39.692124],[-105.081545,39.691478],[-105.081502,39.690493],[-105.08147,39.689454],[-105.081051,39.689452],[-105.076786,39.689445],[-105.075806,39.689447],[-105.074779,39.689444],[-105.07375,39.689443],[-105.072093,39.689448],[-105.072113,39.691252],[-105.072118,39.692053],[-105.072126,39.693055],[-105.072138,39.694535],[-105.072148,39.695932],[-105.069518,39.696663],[-105.06811,39.696719],[-105.068115,39.696293],[-105.06793,39.695946],[-105.067391,39.695945],[-105.066481,39.695948],[-105.065583,39.695948],[-105.065571,39.694908],[-105.064641,39.694921],[-105.063684,39.694925],[-105.062702,39.69493],[-105.061775,39.694937],[-105.060848,39.694943],[-105.05991,39.694946],[-105.058989,39.694963],[-105.057982,39.694938],[-105.057074,39.694951],[-105.056169,39.69496],[-105.055284,39.694969],[-105.054387,39.694976],[-105.053218,39.694988],[-105.053225,39.696769],[-105.053225,39.696889],[-105.053227,39.69747],[-105.053245,39.700438],[-105.053245,39.702269],[-105.053249,39.702562],[-105.053245,39.703268],[-105.053247,39.703985],[-105.053252,39.704542],[-105.053258,39.70505],[-105.053246,39.705814],[-105.05325,39.706889],[-105.053252,39.707716],[-105.05326,39.70865],[-105.053257,39.709608],[-105.053264,39.7103],[-105.05325,39.711343],[-105.053254,39.711932],[-105.053264,39.713314],[-105.053271,39.715004],[-105.05327,39.71663],[-105.053278,39.718427],[-105.053277,39.718703],[-105.053271,39.720414],[-105.05327,39.721064],[-105.053263,39.723133],[-105.053259,39.724083],[-105.053247,39.725647],[-105.053253,39.7258],[-105.053252,39.726184],[-105.053254,39.727349],[-105.053251,39.728522],[-105.053244,39.729539],[-105.053238,39.731038],[-105.053238,39.731294],[-105.053227,39.73311],[-105.054424,39.733101],[-105.054425,39.733172],[-105.054427,39.733552],[-105.054427,39.73364],[-105.054669,39.733641],[-105.054668,39.733708],[-105.054675,39.73372],[-105.055013,39.733724],[-105.055011,39.73317],[-105.055011,39.7331],[-105.055588,39.733105],[-105.055591,39.734508],[-105.055572,39.734913],[-105.053228,39.734922],[-105.053231,39.735161],[-105.053227,39.735284],[-105.053227,39.73677],[-105.053207,39.738498],[-105.053206,39.73887],[-105.053206,39.739286],[-105.053206,39.740306],[-105.053206,39.740411],[-105.053203,39.741089],[-105.053201,39.741935],[-105.053204,39.742203],[-105.053209,39.742697],[-105.05321,39.743273],[-105.05321,39.743339],[-105.053211,39.743486],[-105.053211,39.743584],[-105.053211,39.743881],[-105.053212,39.74398],[-105.053226,39.74568],[-105.053219,39.747616],[-105.053213,39.749458],[-105.053227,39.751249],[-105.053231,39.753046],[-105.053232,39.75346],[-105.053234,39.754285],[-105.053236,39.754848],[-105.053237,39.755694],[-105.053238,39.756939],[-105.053239,39.758472],[-105.053241,39.760293],[-105.053244,39.762084],[-105.053241,39.762989],[-105.053241,39.763903],[-105.053243,39.764814],[-105.05323,39.765699],[-105.053242,39.766622],[-105.053243,39.767278],[-105.053241,39.767512],[-105.05324,39.769333],[-105.054404,39.769338],[-105.055485,39.769329],[-105.056711,39.769342],[-105.057951,39.769334],[-105.059348,39.769345],[-105.060384,39.769343],[-105.062614,39.769386],[-105.062627,39.768528],[-105.062622,39.767553],[-105.062618,39.766408],[-105.062624,39.765717],[-105.062634,39.764759],[-105.062623,39.763905],[-105.062645,39.762093],[-105.063777,39.762089],[-105.064977,39.762098],[-105.065033,39.762098],[-105.066093,39.762097],[-105.066161,39.762097],[-105.067121,39.762093],[-105.067305,39.762086],[-105.06806,39.762099],[-105.06883,39.762086],[-105.069223,39.762092],[-105.070262,39.762086],[-105.070866,39.762079],[-105.072044,39.762082],[-105.075451,39.762084],[-105.076732,39.762092],[-105.076741,39.762787],[-105.076717,39.762996],[-105.07672,39.763481],[-105.076735,39.763953],[-105.076904,39.76452],[-105.080317,39.764521],[-105.081428,39.765065],[-105.081442,39.765708],[-105.081442,39.765736],[-105.081431,39.767482],[-105.081415,39.769358],[-105.085434,39.769347],[-105.085539,39.769351],[-105.0872,39.769354],[-105.088173,39.769346],[-105.088245,39.769346],[-105.090785,39.769347],[-105.091921,39.769343],[-105.09318,39.769348],[-105.093769,39.769339],[-105.095399,39.769338],[-105.09591,39.769345],[-105.100206,39.769331],[-105.10081,39.769333],[-105.101379,39.769324],[-105.10198,39.769324],[-105.102571,39.769324],[-105.10375,39.769317],[-105.10494,39.769316],[-105.105539,39.769313],[-105.108387,39.769327],[-105.109651,39.76933],[-105.11082,39.769311],[-105.111959,39.769303],[-105.113806,39.769306],[-105.115656,39.769274],[-105.117307,39.769273],[-105.117867,39.769286],[-105.119042,39.769266],[-105.121368,39.769269],[-105.123094,39.769254],[-105.123724,39.769231],[-105.126071,39.769222],[-105.127254,39.769193],[-105.128944,39.769128],[-105.130303,39.768941],[-105.137888,39.767702],[-105.138938,39.767522],[-105.139316,39.767472],[-105.14038,39.767267],[-105.141467,39.767078],[-105.142523,39.766867],[-105.142485,39.769365],[-105.142951,39.769364],[-105.143323,39.769356],[-105.143374,39.773496],[-105.143388,39.775171],[-105.142621,39.777153],[-105.141441,39.778361],[-105.140821,39.778756],[-105.140841,39.778842],[-105.14085,39.779092],[-105.140733,39.779137],[-105.140183,39.779335],[-105.138639,39.779889],[-105.137904,39.780155],[-105.137937,39.782859],[-105.137968,39.783802],[-105.138041,39.785387],[-105.137958,39.786558],[-105.137961,39.786747],[-105.137976,39.790939],[-105.137952,39.790939],[-105.137899,39.790939],[-105.137617,39.79094],[-105.137379,39.790942],[-105.137362,39.790942],[-105.137308,39.790942],[-105.137308,39.791],[-105.137308,39.791028],[-105.137306,39.791225],[-105.137306,39.791434],[-105.137305,39.791642],[-105.137305,39.791823],[-105.137883,39.791826],[-105.138011,39.791821],[-105.138003,39.792638],[-105.138001,39.793584],[-105.139599,39.793565],[-105.139592,39.792147],[-105.14039,39.792158],[-105.14038,39.791001],[-105.140379,39.790942],[-105.142645,39.790908],[-105.147332,39.79089],[-105.148365,39.79089],[-105.149726,39.790869],[-105.150683,39.790871],[-105.151593,39.790871],[-105.153774,39.790839],[-105.156803,39.790778],[-105.156819,39.794452],[-105.156792,39.79511],[-105.157097,39.79791],[-105.156961,39.797994],[-105.156865,39.798529],[-105.159251,39.798499],[-105.159047,39.798796],[-105.159263,39.800174],[-105.158936,39.80167],[-105.156762,39.801679],[-105.156744,39.803419],[-105.156882,39.80408],[-105.156858,39.808176],[-105.156875,39.808997],[-105.156851,39.810221],[-105.156844,39.811694],[-105.156708,39.811693],[-105.156692,39.812568],[-105.156669,39.814773],[-105.156654,39.815995],[-105.1566,39.821744],[-105.156663,39.823407],[-105.156774,39.824095],[-105.15744,39.824073],[-105.158539,39.824313],[-105.159323,39.824453],[-105.162516,39.824455],[-105.162998,39.823362],[-105.165164,39.823372],[-105.165163,39.823462],[-105.165156,39.825414],[-105.165156,39.82553],[-105.165156,39.82565],[-105.165156,39.825713],[-105.165142,39.82701],[-105.165182,39.829883],[-105.165169,39.832582],[-105.165167,39.832856],[-105.165162,39.83335],[-105.165153,39.834049],[-105.165154,39.834294],[-105.16516,39.834626],[-105.165169,39.835131],[-105.165169,39.835183],[-105.165161,39.836606],[-105.165171,39.83737],[-105.165174,39.837629],[-105.165193,39.838329],[-105.165198,39.838799],[-105.165217,39.841002],[-105.165234,39.842704],[-105.165241,39.843426],[-105.165254,39.845107],[-105.165256,39.845345],[-105.165956,39.845346],[-105.166444,39.845164],[-105.168432,39.844104],[-105.168933,39.843978],[-105.169334,39.843927],[-105.172313,39.844009],[-105.177017,39.84382],[-105.180283,39.8442],[-105.181319,39.844332],[-105.184034,39.844715],[-105.186038,39.845082],[-105.186956,39.845247],[-105.186954,39.845423],[-105.187678,39.845919],[-105.187741,39.845961],[-105.188374,39.846207],[-105.189761,39.846145],[-105.193818,39.846086],[-105.196907,39.845793],[-105.199198,39.845496],[-105.199863,39.84547],[-105.20244,39.846049],[-105.203113,39.846113],[-105.20443,39.846071],[-105.205495,39.846117],[-105.207643,39.846519],[-105.208543,39.846715],[-105.209984,39.846805],[-105.212428,39.846877],[-105.213312,39.846818],[-105.213819,39.846747],[-105.21509,39.846585],[-105.216147,39.846645],[-105.216828,39.846787],[-105.217532,39.846757],[-105.221148,39.845778],[-105.222022,39.845708],[-105.222022,39.8458],[-105.222107,39.845791],[-105.222408,39.845731],[-105.222685,39.845676],[-105.223391,39.845537],[-105.224783,39.845318],[-105.225696,39.845151],[-105.226353,39.845017],[-105.226698,39.844928],[-105.226839,39.844884],[-105.226893,39.844867],[-105.227116,39.84477],[-105.22745,39.844608],[-105.228608,39.84389],[-105.22883,39.843767],[-105.229042,39.843656],[-105.229393,39.843495],[-105.229877,39.843339],[-105.230175,39.843246],[-105.230499,39.843219],[-105.230968,39.843219],[-105.231571,39.843269],[-105.232102,39.843325],[-105.23332,39.843839],[-105.234292,39.844207],[-105.234326,39.844217],[-105.234331,39.844194],[-105.234335,39.844179],[-105.234348,39.84412],[-105.234834,39.844251],[-105.232208,39.854907],[-105.232363,39.855948],[-105.232551,39.855949],[-105.23616,39.855918],[-105.236234,39.848631],[-105.240888,39.848634],[-105.24498,39.848597],[-105.259007,39.848461],[-105.267643,39.848443],[-105.269103,39.848438],[-105.269063,39.84674],[-105.269085,39.844788],[-105.264341,39.844788],[-105.264332,39.841207],[-105.272077,39.84115],[-105.272279,39.840347],[-105.273927,39.839201],[-105.273991,39.838136],[-105.273253,39.836959],[-105.27238,39.836944],[-105.272074,39.83687],[-105.271886,39.836762],[-105.271639,39.836534],[-105.271453,39.836155],[-105.271189,39.835994],[-105.27104,39.83595],[-105.270284,39.835809],[-105.2701,39.835726],[-105.269864,39.835448],[-105.269699,39.835022],[-105.269673,39.834735],[-105.269705,39.834551],[-105.269841,39.834306],[-105.269855,39.834175],[-105.269768,39.833986],[-105.269626,39.833891],[-105.269391,39.833858],[-105.268925,39.833979],[-105.268784,39.833974],[-105.268629,39.833907],[-105.268469,39.833771],[-105.267812,39.833059],[-105.267583,39.832664],[-105.267553,39.832475],[-105.267548,39.831995],[-105.267423,39.831564],[-105.267346,39.831135],[-105.267283,39.83094],[-105.267149,39.830734],[-105.266989,39.830606],[-105.266854,39.830306],[-105.266846,39.830108],[-105.266925,39.829726],[-105.266909,39.829559],[-105.266767,39.829272],[-105.266557,39.829108],[-105.26609,39.828786],[-105.265752,39.828477],[-105.265338,39.827804],[-105.264985,39.827345],[-105.264738,39.826981],[-105.264328,39.826513],[-105.264175,39.826269],[-105.264015,39.825921],[-105.263964,39.825714],[-105.263876,39.82557],[-105.263242,39.825008],[-105.262266,39.824169],[-105.262154,39.824002],[-105.262051,39.823626],[-105.26204,39.823431],[-105.262081,39.822879],[-105.261981,39.822297],[-105.261911,39.822066],[-105.261881,39.821698],[-105.261766,39.82079],[-105.260275,39.819492],[-105.257425,39.819733],[-105.256676,39.819358],[-105.256349,39.818027],[-105.256502,39.813462],[-105.257163,39.812313],[-105.255446,39.808329],[-105.252949,39.808117],[-105.251931,39.807428],[-105.250615,39.805026],[-105.248448,39.8024],[-105.248004,39.801137],[-105.247971,39.801041],[-105.247936,39.800949],[-105.24737,39.80009],[-105.246522,39.799336],[-105.24633,39.79895],[-105.246142,39.797952],[-105.247593,39.797665],[-105.245127,39.793878],[-105.243634,39.792549],[-105.242197,39.789634],[-105.241443,39.786745],[-105.240513,39.784366],[-105.240443,39.78321],[-105.240405,39.782517],[-105.240345,39.780121],[-105.240427,39.779061],[-105.240417,39.77472],[-105.240421,39.773909],[-105.238087,39.773961],[-105.238096,39.772384],[-105.236272,39.772397],[-105.236465,39.770405],[-105.235906,39.768837],[-105.240415,39.768752],[-105.240474,39.760509],[-105.238685,39.760502],[-105.238673,39.759806],[-105.238668,39.759273],[-105.240482,39.759289],[-105.240507,39.753926],[-105.243551,39.753475],[-105.248015,39.751301],[-105.251048,39.750089],[-105.251479,39.748813],[-105.25139,39.744908],[-105.253361,39.742361],[-105.256366,39.742273],[-105.258552,39.740608],[-105.260057,39.738769],[-105.261161,39.738292],[-105.264114,39.738961],[-105.267199,39.738919],[-105.268985,39.739377],[-105.269209,39.73904],[-105.26933,39.737013],[-105.269835,39.73619],[-105.271557,39.735652],[-105.271771,39.734669],[-105.272753,39.734301],[-105.272619,39.733142],[-105.271331,39.732812],[-105.270642,39.731692],[-105.267912,39.729521],[-105.267536,39.727549],[-105.267789,39.725182],[-105.266858,39.723372],[-105.265958,39.725054],[-105.265344,39.723025],[-105.266275,39.722055],[-105.266055,39.720743],[-105.262583,39.718723],[-105.262158,39.718073],[-105.261016,39.716873],[-105.256987,39.714509],[-105.255667,39.713547],[-105.255891,39.710983],[-105.25713,39.7096],[-105.257999,39.70792],[-105.258163,39.706609],[-105.258771,39.706756],[-105.261568,39.70631],[-105.261604,39.706048],[-105.262778,39.704106],[-105.262981,39.703931],[-105.275026,39.705707],[-105.276994,39.706198],[-105.282523,39.708508],[-105.284718,39.708942],[-105.289734,39.70917],[-105.294736,39.710058],[-105.310535,39.714129],[-105.312308,39.7141],[-105.314668,39.712998],[-105.316484,39.711408],[-105.318407,39.709741],[-105.31978,39.708699],[-105.321146,39.707763],[-105.321289,39.707773],[-105.321341,39.707811],[-105.321392,39.707848],[-105.328485,39.70316],[-105.328585,39.702881],[-105.328935,39.701911],[-105.329048,39.702578],[-105.329092,39.702752],[-105.329708,39.702356],[-105.3308,39.70192],[-105.331857,39.701694],[-105.332653,39.701607],[-105.333995,39.701665],[-105.334954,39.701862],[-105.338597,39.702945],[-105.338704,39.70277],[-105.338972,39.701462],[-105.340785,39.701111],[-105.341064,39.6969],[-105.339385,39.695061],[-105.338565,39.693386],[-105.338406,39.693299],[-105.338245,39.693246],[-105.3389,39.691934],[-105.340258,39.691387],[-105.343999,39.69148],[-105.350848,39.693868],[-105.356195,39.694075],[-105.356686,39.693068],[-105.358497,39.692097],[-105.360088,39.691237],[-105.361143,39.690053],[-105.361423,39.688527],[-105.36189,39.685879],[-105.362564,39.683055],[-105.363463,39.680407],[-105.365105,39.679769],[-105.365176,39.678633],[-105.36452,39.676629],[-105.361447,39.67239],[-105.360629,39.671435],[-105.358208,39.669123],[-105.357135,39.667646],[-105.35509,39.663249],[-105.354973,39.663058],[-105.351959,39.659068],[-105.345993,39.653127],[-105.348179,39.651748],[-105.349526,39.651986],[-105.350802,39.65311],[-105.354575,39.65356],[-105.35598,39.653454],[-105.357809,39.652978],[-105.365614,39.653987],[-105.369112,39.654143],[-105.37479,39.653684],[-105.381553,39.65254],[-105.385897,39.651499],[-105.389383,39.652036],[-105.391304,39.650945],[-105.394246,39.650745],[-105.398248,39.649949],[-105.398249,39.647635],[-105.39825,39.647568],[-105.39825,39.647515],[-105.39825,39.64605],[-105.39825,39.645929],[-105.39825,39.645147],[-105.398252,39.643533],[-105.398251,39.636727],[-105.39835,39.635888],[-105.39845,39.632174],[-105.398451,39.631219],[-105.398451,39.630738],[-105.39845,39.630412],[-105.39845,39.630242],[-105.39845,39.630167],[-105.39845,39.629952],[-105.39845,39.629782],[-105.39845,39.629733],[-105.39845,39.629688],[-105.39845,39.629573],[-105.39845,39.629412],[-105.39845,39.629362],[-105.39855,39.625476],[-105.398653,39.620374],[-105.398665,39.619779],[-105.39875,39.615418],[-105.398875,39.60641],[-105.398951,39.604786],[-105.39895,39.588444],[-105.398957,39.584928],[-105.39905,39.582788],[-105.399089,39.582072],[-105.39915,39.580188],[-105.39915,39.57865],[-105.39915,39.578218],[-105.398996,39.57336],[-105.398994,39.573321],[-105.398986,39.573074],[-105.39904,39.570991],[-105.398984,39.569771],[-105.398949,39.566056],[-105.398851,39.557766],[-105.398751,39.539497],[-105.398807,39.537282],[-105.398851,39.535588],[-105.398518,39.52475],[-105.39835,39.513798],[-105.398343,39.505201],[-105.398251,39.503101],[-105.398251,39.501761],[-105.398251,39.500498],[-105.398251,39.499167],[-105.398254,39.498313],[-105.398051,39.487952],[-105.398039,39.486166],[-105.398139,39.481327],[-105.398052,39.477559],[-105.398051,39.475131],[-105.398087,39.473913],[-105.398118,39.473004],[-105.398156,39.471848],[-105.39815,39.470996],[-105.398139,39.468725],[-105.398051,39.467145],[-105.397898,39.466957],[-105.398055,39.465957],[-105.398341,39.464173],[-105.395243,39.466092],[-105.391555,39.467025],[-105.389379,39.467125],[-105.384791,39.466319],[-105.381782,39.466842],[-105.379969,39.467748],[-105.379013,39.46882],[-105.376068,39.470051],[-105.37468,39.471442],[-105.374312,39.474598],[-105.372214,39.47709],[-105.370981,39.478344],[-105.369344,39.479245],[-105.368047,39.479663],[-105.365807,39.480802],[-105.364641,39.483247],[-105.362588,39.484428],[-105.361658,39.485117],[-105.360242,39.487252],[-105.358948,39.488061],[-105.356599,39.488537],[-105.353877,39.489777],[-105.350943,39.489887],[-105.348086,39.490784],[-105.345426,39.49203],[-105.341887,39.49431],[-105.340066,39.495218],[-105.3352,39.496554],[-105.334569,39.496894],[-105.333329,39.498524],[-105.332428,39.49977],[-105.329354,39.501272],[-105.325253,39.501538],[-105.326124,39.50056],[-105.32872,39.500492],[-105.328778,39.500239],[-105.328817,39.499082],[-105.329924,39.499066],[-105.329968,39.498106],[-105.329889,39.497098],[-105.329909,39.496359],[-105.33012,39.495846],[-105.328724,39.494376],[-105.32608,39.495885],[-105.326524,39.49656],[-105.325108,39.497848],[-105.326347,39.499116],[-105.323784,39.498437],[-105.321736,39.499582],[-105.31754,39.501032],[-105.316075,39.501089],[-105.314816,39.502188],[-105.31221,39.503109],[-105.313502,39.503931],[-105.313367,39.504037],[-105.312575,39.504589],[-105.310376,39.504928],[-105.307746,39.506199],[-105.308565,39.506957],[-105.31101,39.506391],[-105.312027,39.505595],[-105.314141,39.50567],[-105.314175,39.50576],[-105.308483,39.50847],[-105.308002,39.508774],[-105.307324,39.509501],[-105.306951,39.510218],[-105.30673,39.512163],[-105.305896,39.515203],[-105.305249,39.518169],[-105.305625,39.520058],[-105.30566,39.520206],[-105.305791,39.520683],[-105.306114,39.521905],[-105.305953,39.521919],[-105.305046,39.520253],[-105.303949,39.517285],[-105.302279,39.51862],[-105.301262,39.520848],[-105.3013,39.521703],[-105.296068,39.519531],[-105.291385,39.517975],[-105.290391,39.517151],[-105.286723,39.51566],[-105.284276,39.514077],[-105.282325,39.51397],[-105.28043,39.512848],[-105.27914,39.512208],[-105.27623,39.51103],[-105.27101,39.510265],[-105.269038,39.508579],[-105.26812,39.507025],[-105.265148,39.506359],[-105.263657,39.505521],[-105.262852,39.504367],[-105.260856,39.50374],[-105.25041,39.503769],[-105.248431,39.502003],[-105.246947,39.501541],[-105.245606,39.501737],[-105.244418,39.501177],[-105.237429,39.499914],[-105.234658,39.498974],[-105.230582,39.49887],[-105.226724,39.498059],[-105.222805,39.49662],[-105.22188,39.496115],[-105.21935,39.495805],[-105.217372,39.494924],[-105.213698,39.494121],[-105.21117,39.493047],[-105.209107,39.493504],[-105.206092,39.4948],[-105.205808,39.494924],[-105.205213,39.495815],[-105.203706,39.49636],[-105.200903,39.496727],[-105.19772,39.496545],[-105.195635,39.497304],[-105.193722,39.498591],[-105.194316,39.500523],[-105.193225,39.500102],[-105.191382,39.501053],[-105.191147,39.501855],[-105.189919,39.501798],[-105.188836,39.506463],[-105.188766,39.509113],[-105.188126,39.508995],[-105.188178,39.507548],[-105.186932,39.507217],[-105.186529,39.504952],[-105.186124,39.50495],[-105.184773,39.507131],[-105.182234,39.504221],[-105.181353,39.503978],[-105.180603,39.500787],[-105.180938,39.499136],[-105.180603,39.498195],[-105.181251,39.49552],[-105.182171,39.493493],[-105.180436,39.489417],[-105.180517,39.487136],[-105.182653,39.488653],[-105.185001,39.489197],[-105.186601,39.488585],[-105.187486,39.487462],[-105.188472,39.48474],[-105.189996,39.483908],[-105.188785,39.483243],[-105.187595,39.481623],[-105.181399,39.477866],[-105.180337,39.476093],[-105.175936,39.473802],[-105.173574,39.472968],[-105.169855,39.473568],[-105.167657,39.473238],[-105.166946,39.472743],[-105.163423,39.472451],[-105.162095,39.471488],[-105.159805,39.471681],[-105.158769,39.471186],[-105.156432,39.471027],[-105.154638,39.4693],[-105.152255,39.46951],[-105.151219,39.468664],[-105.149183,39.467919],[-105.14723,39.468219],[-105.145426,39.467338],[-105.142439,39.46736],[-105.140395,39.468309],[-105.137916,39.467383],[-105.137183,39.466591],[-105.134173,39.46709],[-105.133456,39.466319],[-105.133132,39.466312],[-105.132975,39.464807],[-105.132577,39.464321],[-105.132638,39.463635],[-105.13304,39.46249],[-105.132941,39.461912],[-105.132529,39.461248],[-105.131879,39.460525],[-105.13086,39.459932],[-105.130399,39.459527],[-105.128661,39.458865],[-105.127712,39.458613],[-105.127226,39.458101],[-105.127184,39.458021],[-105.126908,39.457668],[-105.126881,39.457635],[-105.126846,39.457561],[-105.126825,39.457516],[-105.126821,39.45734],[-105.126696,39.4572],[-105.126377,39.457069],[-105.126201,39.457009],[-105.125661,39.45679],[-105.125543,39.456742],[-105.125362,39.456665],[-105.125096,39.456435],[-105.125027,39.456375],[-105.125017,39.456367],[-105.124824,39.456029],[-105.124509,39.455535],[-105.124317,39.455211],[-105.124229,39.455062],[-105.124184,39.454985],[-105.124092,39.454616],[-105.124036,39.454279],[-105.123984,39.453807],[-105.123881,39.453022],[-105.123621,39.452383],[-105.123597,39.452323],[-105.123492,39.452006],[-105.123316,39.451475],[-105.123078,39.450887],[-105.123062,39.450847],[-105.123025,39.450495],[-105.123,39.450258],[-105.123054,39.450042],[-105.123071,39.449975],[-105.123425,39.449716],[-105.123728,39.449464],[-105.123758,39.449276],[-105.123697,39.449087],[-105.123629,39.449025],[-105.123413,39.448828],[-105.123309,39.448696],[-105.123185,39.448538],[-105.123148,39.448379],[-105.123093,39.448138],[-105.123103,39.447957],[-105.123214,39.447831],[-105.123578,39.447721],[-105.12368,39.447676],[-105.123852,39.447603],[-105.123972,39.447473],[-105.123983,39.447461],[-105.123922,39.447053],[-105.123789,39.446621],[-105.12385,39.4463],[-105.123925,39.445914],[-105.124066,39.445419],[-105.124369,39.444892],[-105.124742,39.44402],[-105.124792,39.443533],[-105.124796,39.443097],[-105.124738,39.442872],[-105.124704,39.442736],[-105.124795,39.442508],[-105.125027,39.442174],[-105.125338,39.441944],[-105.125355,39.441922],[-105.125385,39.441854],[-105.125477,39.441653],[-105.125508,39.441586],[-105.125544,39.441509],[-105.12559,39.441448],[-105.125623,39.441386],[-105.12572,39.441212],[-105.12589,39.440746],[-105.125945,39.440598],[-105.125977,39.440532],[-105.126144,39.440187],[-105.126126,39.439761],[-105.125925,39.439101],[-105.125609,39.438619],[-105.125544,39.438521],[-105.125469,39.438337],[-105.125337,39.438086],[-105.125059,39.437371],[-105.124993,39.437041],[-105.124956,39.436437],[-105.12489,39.436221],[-105.124674,39.435879],[-105.12436,39.435561],[-105.123672,39.43477],[-105.123644,39.434737],[-105.123617,39.434698],[-105.123522,39.434561],[-105.123452,39.434554],[-105.123383,39.434546],[-105.123072,39.434547],[-105.122793,39.43461],[-105.122723,39.434622],[-105.122642,39.434637],[-105.122548,39.434644],[-105.120637,39.433689],[-105.11986,39.431748],[-105.118591,39.430488],[-105.118936,39.428514],[-105.118457,39.426415],[-105.116818,39.425957],[-105.115029,39.42631],[-105.114412,39.42586],[-105.111253,39.426458],[-105.109868,39.424801],[-105.106614,39.424345],[-105.105962,39.423372],[-105.106739,39.422272],[-105.105344,39.421832],[-105.10547,39.420327],[-105.104469,39.419598],[-105.103303,39.416616],[-105.102187,39.415716],[-105.099414,39.410366],[-105.097775,39.409043],[-105.096102,39.408471],[-105.090099,39.420092],[-105.072986,39.420106],[-105.072946,39.41386],[-105.072809,39.411661],[-105.072761,39.405861],[-105.063559,39.405689],[-105.063481,39.399795],[-105.063374,39.391433],[-105.05435,39.391371],[-105.054432,39.388023],[-105.052829,39.387734],[-105.050495,39.388087],[-105.048918,39.390503],[-105.047165,39.391053],[-105.048095,39.392305],[-105.047909,39.393026],[-105.044623,39.393757],[-105.04359,39.394947],[-105.04136,39.394353],[-105.039851,39.395804],[-105.038123,39.398986],[-105.038204,39.399779],[-105.037113,39.401122],[-105.035499,39.400645],[-105.033733,39.400933],[-105.031609,39.402403],[-105.029205,39.403052],[-105.028113,39.403764],[-105.027626,39.405377],[-105.027534,39.40681],[-105.026651,39.407738],[-105.025932,39.409649],[-105.025526,39.409495],[-105.025293,39.410172],[-105.023574,39.411271],[-105.021309,39.411785],[-105.020299,39.413759],[-105.018185,39.414687],[-105.016623,39.416027],[-105.01247,39.417698],[-105.011901,39.419599],[-105.01132,39.419716],[-105.009903,39.421473],[-105.009776,39.421782],[-105.010426,39.422825],[-105.007092,39.42561],[-105.006465,39.427024],[-105.007418,39.427871],[-105.006826,39.432782],[-105.008243,39.434107],[-105.009632,39.433934],[-105.008979,39.434525],[-105.007453,39.434614],[-105.007408,39.434618],[-104.999751,39.434614],[-104.996343,39.434395],[-104.993999,39.434788],[-104.992228,39.436657],[-104.98989,39.437279],[-104.988034,39.438596],[-104.98662,39.438966],[-104.982758,39.438597],[-104.983147,39.437025],[-104.982543,39.434466],[-104.980141,39.433071],[-104.978101,39.434088],[-104.975218,39.432518],[-104.974211,39.431623],[-104.971682,39.431185],[-104.97023,39.430399],[-104.96841,39.430406],[-104.966427,39.431911],[-104.964579,39.43223],[-104.965398,39.431388],[-104.960025,39.425216],[-104.955601,39.41973],[-104.954638,39.417906],[-104.952567,39.410881],[-104.952599,39.406783],[-104.952273,39.405055],[-104.950672,39.399526],[-104.949948,39.395879],[-104.949519,39.39258],[-104.948421,39.390503],[-104.948074,39.388443],[-104.948536,39.385556],[-104.95079,39.378997],[-104.953733,39.373171],[-104.955632,39.370552],[-104.955788,39.370368],[-104.957117,39.368815],[-104.965465,39.369083],[-104.966527,39.369256],[-104.968349,39.368745],[-104.970845,39.369068],[-104.972282,39.368684],[-104.976648,39.368563],[-104.983428,39.36814],[-104.984765,39.367366],[-104.989404,39.366683],[-104.992481,39.366595],[-104.994352,39.367381],[-104.997524,39.367633],[-105.002195,39.367487],[-105.003441,39.367797],[-105.00487,39.367025],[-105.007039,39.367151],[-105.008611,39.366211],[-105.011501,39.365618],[-105.015335,39.364475],[-105.017547,39.363354],[-105.019406,39.361941],[-105.021861,39.359353],[-105.023204,39.358684],[-105.025546,39.35629],[-105.027868,39.354678],[-105.025878,39.354567],[-105.023533,39.353635],[-105.021792,39.351572],[-105.019766,39.352014],[-105.018892,39.35157],[-105.018347,39.349311],[-105.02113,39.348782],[-105.022191,39.348002],[-105.026477,39.347453],[-105.028394,39.346462],[-105.029552,39.346662],[-105.030986,39.346858],[-105.034784,39.343516],[-105.036862,39.341001],[-105.039185,39.339881],[-105.041586,39.339305],[-105.043082,39.338323],[-105.043813,39.335136],[-105.044715,39.333852],[-105.047011,39.332864],[-105.047894,39.329787],[-105.048538,39.329618],[-105.048415,39.32804],[-105.050004,39.32837],[-105.050234,39.326714],[-105.051726,39.326485],[-105.051128,39.325427],[-105.053765,39.323259],[-105.052373,39.307949],[-105.042763,39.307096],[-105.043962,39.304153],[-105.032484,39.304049],[-105.025042,39.304076],[-105.025175,39.283709],[-105.02438,39.284019],[-105.024125,39.285308],[-105.02104,39.285137],[-105.017574,39.287715],[-105.016102,39.28776],[-105.014177,39.289545],[-105.013017,39.289851],[-105.011128,39.292266],[-105.009458,39.29287],[-105.006376,39.295434],[-105.004547,39.295106],[-105.004174,39.294839],[-105.001316,39.296886],[-104.997904,39.296873],[-104.997576,39.282236],[-104.988761,39.282482],[-104.988714,39.278221],[-104.988679,39.274938],[-104.978246,39.275018],[-104.96301,39.275133],[-104.962303,39.273138],[-104.960863,39.272531],[-104.959928,39.272886],[-104.958084,39.272178],[-104.956038,39.272174],[-104.95595,39.271724],[-104.95175,39.265561],[-104.95125,39.264837],[-104.949204,39.260962],[-104.946995,39.256602],[-104.945087,39.252819],[-104.945067,39.250093],[-104.946276,39.248963],[-104.95024,39.248375],[-104.9526,39.247665],[-104.953477,39.246949],[-104.955928,39.243206],[-104.956065,39.240323],[-104.956063,39.240104],[-104.956588,39.23929],[-104.956641,39.239212],[-104.958828,39.235661],[-104.960543,39.232282],[-104.960747,39.231025],[-104.960711,39.226849],[-104.961059,39.217173],[-104.978142,39.217287],[-104.978217,39.218887],[-104.980801,39.21741],[-104.982851,39.21741],[-104.986268,39.218528],[-104.988293,39.218693],[-104.990149,39.217357],[-104.991481,39.217051],[-104.995096,39.217448],[-104.996775,39.216483],[-105.00054,39.216078],[-105.00054,39.213023],[-105.001091,39.211883],[-105.002764,39.211068],[-105.002984,39.209031],[-105.004015,39.208265],[-105.005637,39.208067],[-105.011821,39.205237],[-105.013755,39.20393],[-105.013257,39.202543],[-105.013337,39.20011],[-105.01182,39.197749],[-105.011542,39.196028],[-105.012526,39.194883],[-105.012364,39.193595],[-105.00941,39.190405],[-105.00809,39.188377],[-105.008009,39.185584],[-105.009363,39.18375],[-105.009131,39.180285],[-105.009305,39.178383],[-105.012095,39.177502],[-105.013742,39.177591],[-105.019387,39.174181],[-105.022251,39.173255],[-105.02533,39.173172],[-105.025918,39.173525],[-105.026599,39.17232],[-105.026414,39.172271],[-105.023969,39.171438],[-105.02385,39.170156],[-105.023051,39.168974],[-105.023808,39.167457],[-105.022195,39.165854],[-105.020749,39.165315],[-105.022355,39.163816],[-105.02182,39.160718],[-105.021045,39.159082],[-105.022393,39.15847],[-105.022207,39.157503],[-105.025028,39.156578],[-105.026301,39.155697],[-105.025409,39.154489],[-105.025451,39.152304],[-105.024029,39.14969],[-105.024824,39.149154],[-105.02512,39.1459],[-105.026484,39.144476],[-105.027403,39.137551],[-105.026753,39.13548],[-105.029549,39.129831],[-105.00054,39.129917],[-104.993898,39.129901],[-104.945267,39.129828],[-104.923787,39.129822],[-104.923789,39.120109],[-104.92607,39.120138],[-104.926054,39.118712],[-104.926049,39.118225],[-104.923799,39.118203],[-104.923769,39.109463],[-104.923736,39.107881],[-104.923733,39.107101],[-104.923732,39.107003],[-104.922951,39.106996],[-104.922162,39.105757],[-104.921145,39.105865],[-104.919723,39.105159],[-104.919138,39.105164],[-104.919143,39.106867],[-104.914523,39.106902],[-104.91452,39.10332],[-104.912937,39.103347],[-104.909836,39.103402],[-104.909884,39.099787],[-104.909005,39.099793],[-104.907505,39.099856],[-104.906015,39.099874],[-104.905535,39.099874],[-104.904287,39.099873],[-104.902519,39.099976],[-104.901061,39.100985],[-104.900796,39.102063],[-104.900521,39.103822],[-104.900454,39.107135],[-104.900725,39.107137],[-104.905016,39.107133],[-104.905034,39.107502],[-104.904092,39.1075],[-104.903905,39.107781],[-104.903921,39.108346],[-104.905057,39.108353],[-104.90507,39.108789],[-104.905087,39.109451],[-104.903096,39.109037],[-104.903125,39.10828],[-104.90122,39.108567],[-104.901133,39.109575],[-104.89858,39.110852],[-104.895915,39.109163],[-104.891252,39.106309],[-104.886638,39.103856],[-104.886015,39.103531],[-104.886979,39.10354],[-104.889852,39.103161],[-104.88878,39.101711],[-104.887069,39.102363],[-104.88604,39.102477],[-104.886747,39.101792],[-104.886757,39.100041],[-104.887288,39.100019],[-104.885012,39.097452],[-104.884522,39.096422],[-104.884308,39.095695],[-104.884293,39.095666],[-104.884629,39.095502],[-104.885467,39.095094],[-104.886255,39.094006],[-104.885052,39.093393],[-104.884439,39.091432],[-104.885071,39.090445],[-104.887035,39.092279],[-104.888955,39.093636],[-104.890423,39.093302],[-104.890502,39.09021],[-104.891176,39.089183],[-104.886944,39.0891],[-104.887034,39.083219],[-104.887112,39.081174],[-104.887181,39.078266],[-104.895174,39.078207],[-104.895201,39.075509],[-104.895308,39.073727],[-104.895953,39.071982],[-104.896381,39.071147],[-104.896416,39.068815],[-104.896465,39.065639],[-104.89665,39.063685],[-104.897672,39.062595],[-104.898765,39.06165],[-104.900407,39.06248],[-104.899739,39.063751],[-104.911224,39.063735],[-104.914477,39.063781],[-104.915156,39.06379],[-104.915211,39.056437],[-104.914499,39.056444],[-104.91017,39.056489],[-104.906475,39.056413],[-104.907509,39.055221],[-104.908018,39.05424],[-104.906649,39.054036],[-104.90616,39.052504],[-104.907586,39.050429],[-104.907159,39.048362],[-104.907762,39.046342],[-104.907538,39.045266],[-104.907366,39.044874],[-104.906025,39.043893],[-104.903537,39.043483],[-104.903499,39.042222],[-104.903409,39.042056],[-104.90584,39.042054],[-104.909583,39.042416],[-104.909657,39.040497],[-104.910634,39.040497],[-104.910491,39.033147],[-104.910135,39.028413],[-104.910104,39.028104],[-104.905368,39.028006],[-104.905342,39.027157],[-104.904697,39.019015],[-104.904682,39.015206],[-104.90489,39.011398],[-104.905498,39.006341],[-104.905584,38.997638],[-104.904399,38.99766],[-104.89615,38.99782],[-104.895881,38.991055],[-104.903002,38.990868],[-104.904862,38.990819],[-104.904756,38.986851],[-104.904675,38.983778],[-104.9042,38.983784],[-104.896888,38.983895],[-104.896603,38.9839],[-104.896357,38.983901],[-104.896372,38.983638],[-104.896332,38.983124],[-104.896302,38.982614],[-104.895249,38.981227],[-104.896207,38.972306],[-104.896205,38.971728],[-104.897844,38.971483],[-104.900902,38.97254],[-104.901977,38.971901],[-104.903029,38.970099],[-104.904485,38.969479],[-104.90498,38.970137],[-104.906206,38.968822],[-104.907925,38.969175],[-104.908384,38.971086],[-104.910428,38.970646],[-104.911674,38.971242],[-104.912368,38.970575],[-104.915766,38.970934],[-104.916986,38.970159],[-104.92093,38.970533],[-104.923846,38.971876],[-104.92697,38.971888],[-104.929241,38.971454],[-104.930195,38.972171],[-104.931882,38.972036],[-104.93367,38.971204],[-104.935674,38.971833],[-104.938673,38.972182],[-104.940146,38.972824],[-104.941484,38.97271],[-104.942199,38.973808],[-104.944506,38.974142],[-104.946479,38.973915],[-104.947679,38.971651],[-104.948753,38.970462],[-104.94979,38.970077],[-104.951966,38.971892],[-104.954374,38.972582],[-104.954961,38.974664],[-104.956912,38.974908],[-104.959476,38.974998],[-104.960323,38.97603],[-104.963063,38.972561],[-104.96408,38.972101],[-104.965843,38.972214],[-104.966769,38.97244],[-104.971818,38.972092],[-104.972963,38.970194],[-104.974886,38.968878],[-104.97838,38.968778],[-104.980111,38.969464],[-104.977804,38.96991],[-104.977685,38.97052],[-104.979385,38.971466],[-104.986181,38.971979],[-104.988297,38.971159],[-104.990298,38.96985],[-104.990672,38.968525],[-104.991658,38.967884],[-104.992429,38.966132],[-104.994363,38.965649],[-104.994616,38.963946],[-104.995669,38.961705],[-104.995048,38.960229],[-104.993379,38.959482],[-104.992191,38.95809],[-104.9901,38.958023],[-104.987914,38.957491],[-104.987041,38.955936],[-104.986296,38.954187],[-104.984564,38.953291],[-104.983997,38.951563],[-104.982224,38.950919],[-104.979825,38.95141],[-104.978628,38.951268],[-104.975005,38.948839],[-104.972217,38.948494],[-104.970904,38.949424],[-104.970606,38.9483],[-104.971411,38.945687],[-104.971736,38.941298],[-104.971586,38.940181],[-104.972453,38.935657],[-104.972131,38.933116],[-104.972922,38.931703],[-104.97191,38.930983],[-104.972145,38.929839],[-104.975045,38.926875],[-104.978887,38.92295],[-104.979767,38.92295],[-104.981303,38.921846],[-104.982039,38.920614],[-104.984299,38.918398],[-104.975035,38.910648],[-104.971363,38.907779],[-104.970129,38.906004],[-104.966719,38.902888],[-104.965554,38.901017],[-104.965299,38.900323],[-104.963488,38.899773],[-104.963287,38.898296],[-104.963248,38.897013],[-104.963362,38.895984],[-104.964389,38.895321],[-104.964412,38.894811],[-104.964486,38.893926],[-104.9645,38.892638],[-104.966014,38.89252],[-104.966542,38.891915],[-104.964853,38.88986],[-104.963108,38.888814],[-104.960069,38.889979],[-104.958586,38.889971],[-104.956872,38.889108],[-104.95576,38.887954],[-104.95331,38.88692],[-104.950709,38.883928],[-104.949737,38.881422],[-104.947098,38.880232],[-104.944787,38.878567],[-104.941093,38.87863],[-104.938014,38.877305],[-104.936825,38.87627],[-104.936886,38.87623],[-104.936949,38.876194],[-104.936798,38.876105],[-104.936523,38.876005],[-104.936315,38.875983],[-104.936104,38.875979],[-104.935885,38.875983],[-104.935684,38.87601],[-104.935547,38.876033],[-104.934694,38.876227],[-104.933368,38.876419],[-104.93193,38.876239],[-104.930355,38.875837],[-104.929707,38.875321],[-104.929438,38.874777],[-104.929614,38.874252],[-104.929557,38.873907],[-104.92864,38.873493],[-104.928542,38.87316],[-104.928846,38.872795],[-104.928307,38.87234],[-104.927795,38.872236],[-104.927311,38.871879],[-104.927161,38.871456],[-104.926021,38.870139],[-104.925677,38.869968],[-104.925325,38.868498],[-104.924867,38.867777],[-104.926994,38.867657],[-104.927491,38.867629],[-104.929903,38.867516],[-104.939031,38.867692],[-104.939932,38.853389],[-104.939942,38.853306],[-104.940249,38.850744],[-104.940276,38.850389],[-104.940262,38.838992],[-104.942195,38.839003],[-104.940809,38.837675],[-104.939727,38.83496],[-104.937497,38.835035],[-104.937141,38.834135],[-104.938059,38.833181],[-104.935129,38.833241],[-104.93118,38.831777],[-104.930148,38.831948],[-104.929839,38.831775],[-104.92781,38.832984],[-104.925874,38.833497],[-104.923891,38.83491],[-104.921782,38.834882],[-104.919456,38.835539],[-104.917414,38.834927],[-104.914553,38.834872],[-104.914942,38.834006],[-104.914947,38.831762],[-104.91641,38.831766],[-104.916429,38.829164],[-104.916458,38.825218],[-104.914773,38.824652],[-104.913201,38.823757],[-104.909493,38.823745],[-104.908818,38.824665],[-104.901289,38.824496],[-104.887152,38.824333],[-104.886575,38.824775],[-104.886599,38.824315],[-104.885353,38.824325],[-104.886616,38.823764],[-104.886793,38.820681],[-104.886988,38.817301],[-104.891695,38.817365],[-104.891971,38.813795],[-104.887232,38.813737],[-104.887253,38.812728],[-104.88741,38.810149],[-104.887183,38.806593],[-104.881252,38.800009],[-104.877528,38.795857],[-104.876525,38.79467],[-104.874824,38.792656],[-104.873521,38.791114],[-104.872574,38.790001],[-104.869443,38.78629],[-104.869286,38.78609],[-104.868403,38.785054],[-104.863705,38.781394],[-104.863689,38.779963],[-104.86369,38.779735],[-104.863685,38.779567],[-104.863667,38.777834],[-104.863684,38.777787],[-104.863691,38.777656],[-104.863793,38.77766],[-104.864088,38.777664],[-104.868208,38.777715],[-104.86812,38.768344],[-104.867567,38.752193],[-104.85938,38.752109],[-104.85883,38.752105],[-104.858744,38.748522],[-104.849816,38.748392],[-104.842652,38.748472],[-104.841205,38.747135],[-104.840499,38.745556],[-104.840523,38.745551],[-104.841067,38.745443],[-104.840819,38.744643],[-104.840736,38.744454],[-104.840625,38.744216],[-104.840189,38.743087],[-104.836573,38.740008],[-104.831116,38.742925],[-104.83111,38.742565],[-104.831034,38.737694],[-104.833682,38.737575],[-104.834659,38.737459],[-104.835239,38.737656],[-104.839467,38.734216],[-104.843654,38.723059],[-104.833031,38.723157],[-104.830777,38.721362],[-104.828252,38.719675],[-104.827983,38.719495],[-104.822393,38.71576],[-104.81958,38.715707],[-104.819395,38.716058],[-104.818773,38.716102],[-104.81862,38.719824],[-104.818002,38.719677],[-104.817724,38.719643],[-104.817257,38.719496],[-104.816422,38.719168],[-104.815771,38.718872],[-104.809684,38.716578],[-104.807296,38.716487],[-104.803787,38.718609],[-104.799138,38.720979],[-104.796781,38.72199],[-104.793489,38.723335],[-104.79163,38.723722],[-104.787407,38.723968],[-104.783912,38.724139],[-104.777974,38.724475],[-104.776763,38.72476],[-104.775456,38.725304],[-104.774289,38.726418],[-104.773448,38.728157],[-104.771791,38.727387],[-104.768065,38.727231],[-104.762855,38.726976],[-104.759419,38.72628],[-104.756186,38.725249],[-104.754428,38.724914],[-104.751521,38.725249],[-104.750928,38.726369],[-104.74901,38.72584],[-104.743099,38.725819],[-104.738381,38.725237],[-104.735942,38.724469],[-104.733566,38.724706],[-104.730688,38.721891],[-104.729395,38.719963],[-104.725959,38.711643],[-104.723669,38.70595],[-104.720669,38.693177],[-104.718902,38.689655],[-104.717584,38.686767],[-104.717188,38.68676],[-104.716872,38.686818],[-104.716496,38.686044],[-104.716298,38.686042],[-104.716159,38.686043],[-104.71488,38.686028],[-104.71477,38.685823],[-104.714767,38.68556],[-104.714525,38.685559],[-104.713492,38.684317],[-104.712774,38.682612],[-104.712721,38.680953],[-104.71176,38.679721],[-104.710199,38.680463],[-104.708267,38.682407],[-104.707123,38.681791],[-104.706612,38.679785],[-104.705089,38.677426],[-104.702762,38.67499],[-104.69976,38.6734],[-104.698994,38.672326],[-104.697959,38.669543],[-104.695335,38.666756],[-104.694967,38.665755],[-104.69566,38.664349],[-104.693074,38.664403],[-104.692968,38.664405],[-104.692969,38.664459],[-104.692902,38.66446],[-104.692835,38.664434],[-104.692483,38.664437],[-104.69246,38.664437],[-104.692405,38.664329],[-104.685829,38.664509],[-104.685484,38.663272],[-104.684084,38.658235],[-104.683932,38.658229],[-104.683572,38.65739],[-104.682435,38.657246],[-104.669747,38.65722],[-104.663975,38.657383],[-104.663972,38.657904],[-104.663953,38.664577],[-104.654983,38.664678],[-104.636443,38.664816],[-104.636488,38.668586],[-104.636613,38.679265],[-104.63336,38.679269],[-104.633429,38.68258],[-104.632638,38.682586],[-104.627405,38.682629],[-104.627102,38.682631],[-104.627054,38.680913],[-104.623048,38.680951],[-104.623033,38.679303],[-104.621402,38.679302],[-104.620578,38.679299],[-104.618889,38.679295],[-104.609158,38.679274],[-104.609115,38.675453],[-104.609082,38.672301],[-104.598931,38.672137],[-104.598931,38.668508],[-104.59391,38.668508],[-104.593876,38.675203],[-104.591709,38.675081],[-104.591556,38.685812],[-104.588369,38.685804],[-104.588275,38.693995],[-104.599151,38.694022],[-104.62764,38.693993],[-104.628402,38.694918],[-104.62845,38.696829],[-104.6274,38.697227],[-104.627807,38.699499],[-104.627122,38.705134],[-104.626251,38.70806],[-104.624492,38.709851],[-104.623905,38.7115],[-104.60887,38.711462],[-104.608789,38.721138],[-104.608911,38.728378],[-104.608696,38.728337],[-104.608383,38.741479],[-104.60829,38.748599],[-104.609145,38.74867],[-104.608929,38.758143],[-104.618108,38.765845],[-104.614983,38.766341],[-104.608499,38.76644],[-104.600416,38.766402],[-104.594114,38.766362],[-104.555652,38.766144],[-104.553105,38.767313],[-104.552516,38.76843],[-104.552509,38.772995],[-104.551282,38.775902],[-104.549046,38.778056],[-104.547866,38.780342],[-104.547924,38.783281],[-104.548495,38.793695],[-104.549268,38.795351],[-104.551813,38.797963],[-104.552183,38.798383],[-104.553251,38.800379],[-104.553417,38.80241],[-104.553438,38.806068],[-104.553633,38.833096],[-104.553638,38.838583],[-104.568614,38.838712],[-104.571923,38.83846],[-104.590959,38.838588],[-104.596323,38.838627],[-104.605933,38.838738],[-104.610045,38.838758],[-104.617361,38.838838],[-104.629055,38.838923],[-104.63134,38.838624],[-104.641046,38.835207],[-104.644258,38.834877],[-104.651014,38.835955],[-104.651238,38.835991],[-104.651407,38.836018],[-104.669755,38.839027],[-104.678871,38.840903],[-104.682785,38.841467],[-104.682777,38.838283],[-104.682778,38.838154],[-104.682774,38.826397],[-104.68289,38.825439],[-104.682914,38.824583],[-104.682888,38.823682],[-104.68288,38.82341],[-104.682759,38.817373],[-104.682758,38.817154],[-104.683998,38.817155],[-104.691895,38.817172],[-104.691896,38.817196],[-104.691902,38.817398],[-104.69968,38.817396],[-104.704617,38.817402],[-104.720328,38.817422],[-104.720267,38.823648],[-104.720252,38.82566],[-104.721885,38.824499],[-104.724661,38.824644],[-104.724669,38.824605],[-104.724897,38.824615],[-104.726287,38.822371],[-104.729849,38.816221],[-104.730247,38.813936],[-104.730307,38.806271],[-104.730311,38.806069],[-104.730372,38.798891],[-104.73238,38.798905],[-104.73288,38.798909],[-104.734587,38.798901],[-104.737867,38.798576],[-104.740568,38.797813],[-104.74115,38.797684],[-104.741438,38.797639],[-104.742814,38.797511],[-104.742539,38.795488],[-104.742429,38.794775],[-104.746085,38.794407],[-104.747346,38.794045],[-104.749621,38.794716],[-104.750235,38.794218],[-104.752243,38.794214],[-104.753183,38.794208],[-104.753936,38.794203],[-104.755106,38.794132],[-104.755466,38.794773],[-104.755955,38.796431],[-104.757504,38.796408],[-104.757579,38.796408],[-104.757561,38.798781],[-104.75756,38.798856],[-104.757558,38.799925],[-104.757556,38.80076],[-104.757552,38.802232],[-104.757538,38.804873],[-104.75915,38.804948],[-104.760808,38.805547],[-104.761882,38.806123],[-104.762283,38.806366],[-104.762625,38.806625],[-104.762978,38.806924],[-104.763274,38.807189],[-104.765275,38.805948],[-104.768108,38.80566],[-104.769262,38.805492],[-104.770266,38.805345],[-104.7712,38.805118],[-104.772182,38.804843],[-104.773131,38.804571],[-104.774102,38.804294],[-104.775578,38.805722],[-104.775045,38.806731],[-104.775929,38.807131],[-104.776795,38.807532],[-104.777679,38.80794],[-104.779176,38.808267],[-104.780083,38.808282],[-104.7803,38.808229],[-104.78026,38.810535],[-104.780321,38.815522],[-104.780555,38.816737],[-104.780587,38.816943],[-104.780606,38.817102],[-104.780628,38.8175],[-104.785103,38.817356],[-104.78649,38.817342],[-104.789825,38.817317],[-104.790835,38.8173],[-104.79219,38.817287],[-104.79222,38.818983],[-104.792422,38.819612],[-104.793881,38.820871],[-104.794264,38.821189],[-104.794351,38.823491],[-104.794478,38.825178],[-104.795109,38.826245],[-104.794924,38.828933],[-104.794709,38.832941],[-104.794618,38.834389],[-104.79453,38.83577],[-104.794459,38.837181],[-104.794397,38.83863],[-104.794353,38.839671],[-104.794285,38.840949],[-104.794275,38.842287],[-104.794275,38.843625],[-104.794269,38.844227],[-104.794903,38.844249],[-104.795642,38.844273],[-104.795571,38.845655],[-104.795488,38.847031],[-104.796258,38.847051],[-104.797022,38.847069],[-104.797515,38.847083],[-104.798014,38.847094],[-104.798517,38.847104],[-104.798995,38.847126],[-104.79887,38.849882],[-104.798387,38.849858],[-104.798176,38.849847],[-104.797881,38.849824],[-104.797402,38.849811],[-104.796878,38.849788],[-104.79625,38.84976],[-104.795625,38.849744],[-104.794895,38.849731],[-104.794198,38.849718],[-104.794208,38.850255],[-104.79422,38.850658],[-104.794218,38.851338],[-104.794221,38.852811],[-104.794218,38.85299],[-104.794213,38.85334],[-104.794209,38.853587],[-104.794201,38.854116],[-104.794203,38.855414],[-104.794205,38.856863],[-104.794172,38.861461],[-104.794172,38.861788],[-104.795522,38.862361],[-104.797769,38.863268]]]]}},{"type":"Feature","properties":{"id":6,"NAME":"6","text-color":"#000000","text-size":16,"labelx":-105.055321,"labely":39.996589,"TotalPop":525634,"PopDevPct":0.00143062,"DemPct":0.57169271,"RepPct":0.38688543,"WhitePct":0.6836581,"MinorityPct":0.3163419,"BlackPct":0.03155913,"HispanicPct":0.19604468,"PacificPct":0.00314909,"AsianPct":0.06337352,"NativePct":0.02936285,"TotalVAP":395670,"Margin":0.07169271,"color":"#2020ff","opacity":"0.5"},"geometry":{"type":"MultiPolygon","coordinates":[[[[-104.98987,39.914064],[-104.989613,39.914065],[-104.986556,39.914149],[-104.985148,39.914141],[-104.981394,39.914161],[-104.977946,39.914156],[-104.977945,39.914009],[-104.977891,39.910465],[-104.977859,39.908581],[-104.977838,39.907234],[-104.977692,39.907234],[-104.974361,39.907415],[-104.973057,39.90782],[-104.972486,39.908082],[-104.971143,39.908819],[-104.968861,39.90895],[-104.968863,39.90967],[-104.966924,39.909782],[-104.965844,39.910005],[-104.964973,39.910188],[-104.964114,39.910217],[-104.961532,39.909219],[-104.959951,39.909111],[-104.960073,39.908396],[-104.960194,39.9077],[-104.958888,39.907543],[-104.958912,39.907027],[-104.958839,39.899467],[-104.956729,39.899458],[-104.951673,39.899411],[-104.950241,39.899402],[-104.949578,39.899398],[-104.949559,39.895091],[-104.949554,39.892194],[-104.944888,39.892161],[-104.944934,39.886577],[-104.944879,39.886615],[-104.944792,39.886426],[-104.944929,39.886353],[-104.944629,39.885778],[-104.94458,39.885008],[-104.940325,39.884983],[-104.940165,39.884978],[-104.940164,39.884789],[-104.940166,39.88198],[-104.940172,39.880253],[-104.940161,39.87738],[-104.94017,39.870368],[-104.940174,39.868961],[-104.940181,39.868769],[-104.940216,39.868415],[-104.94033,39.867095],[-104.940339,39.866118],[-104.940335,39.865191],[-104.940308,39.863842],[-104.940305,39.862919],[-104.940234,39.858659],[-104.940219,39.857428],[-104.940259,39.855951],[-104.938009,39.856089],[-104.937634,39.856106],[-104.937283,39.856122],[-104.936891,39.856134],[-104.935974,39.856163],[-104.935869,39.856305],[-104.935703,39.856312],[-104.934014,39.856379],[-104.931658,39.85642],[-104.931658,39.856258],[-104.931657,39.856181],[-104.929201,39.856169],[-104.9282,39.856181],[-104.927613,39.856181],[-104.926288,39.856179],[-104.926291,39.856113],[-104.922486,39.856108],[-104.922487,39.856055],[-104.922317,39.856036],[-104.922094,39.856011],[-104.92209,39.854819],[-104.922261,39.854549],[-104.922906,39.854732],[-104.923047,39.854773],[-104.923553,39.853658],[-104.923744,39.853211],[-104.92421,39.852891],[-104.924369,39.852735],[-104.924455,39.852652],[-104.924708,39.852659],[-104.925014,39.852652],[-104.925021,39.851742],[-104.925021,39.851242],[-104.925008,39.850987],[-104.926806,39.849594],[-104.926805,39.849388],[-104.927982,39.849388],[-104.927973,39.847933],[-104.928029,39.84787],[-104.928747,39.846988],[-104.928765,39.846981],[-104.929523,39.846725],[-104.930219,39.845463],[-104.930296,39.845463],[-104.93019,39.845656],[-104.931386,39.845881],[-104.931512,39.845789],[-104.93149,39.842777],[-104.932771,39.842783],[-104.933297,39.841931],[-104.933316,39.840021],[-104.934372,39.839096],[-104.937736,39.839108],[-104.937748,39.838186],[-104.936033,39.838186],[-104.936123,39.835835],[-104.936111,39.835546],[-104.9315,39.839318],[-104.929709,39.840854],[-104.92932,39.840939],[-104.927955,39.841215],[-104.926494,39.841703],[-104.924371,39.841659],[-104.924182,39.841656],[-104.922203,39.841966],[-104.921836,39.841766],[-104.921198,39.841752],[-104.92019,39.84175],[-104.919137,39.841747],[-104.919096,39.841747],[-104.917947,39.841743],[-104.917849,39.841742],[-104.916573,39.841732],[-104.91447,39.841727],[-104.913645,39.841728],[-104.912804,39.841731],[-104.912606,39.841732],[-104.90921,39.841726],[-104.908966,39.841726],[-104.907951,39.841722],[-104.90774,39.841722],[-104.907633,39.841722],[-104.906977,39.841719],[-104.905973,39.841714],[-104.905508,39.841712],[-104.904975,39.841708],[-104.903868,39.841701],[-104.903322,39.841697],[-104.902889,39.841691],[-104.902185,39.841693],[-104.901999,39.841694],[-104.901864,39.841694],[-104.901562,39.841695],[-104.900447,39.841699],[-104.899659,39.841369],[-104.899379,39.841191],[-104.90316,39.837919],[-104.906788,39.834798],[-104.907816,39.833899],[-104.907993,39.833737],[-104.909256,39.832632],[-104.910729,39.831244],[-104.912027,39.830027],[-104.913373,39.828904],[-104.91545,39.827225],[-104.913707,39.827199],[-104.913376,39.827197],[-104.912667,39.827193],[-104.912055,39.827196],[-104.910718,39.8272],[-104.909737,39.8272],[-104.908567,39.827214],[-104.907998,39.827216],[-104.907365,39.827219],[-104.906785,39.827217],[-104.906183,39.827219],[-104.905182,39.827221],[-104.903284,39.827228],[-104.90335,39.823846],[-104.903379,39.822831],[-104.903395,39.82201],[-104.903411,39.821133],[-104.903451,39.819452],[-104.903468,39.818406],[-104.903482,39.81736],[-104.90349,39.816576],[-104.903492,39.815478],[-104.903553,39.812959],[-104.903561,39.811128],[-104.903545,39.809304],[-104.903545,39.80705],[-104.903543,39.805674],[-104.903553,39.803878],[-104.903544,39.802092],[-104.903544,39.800844],[-104.903561,39.798391],[-104.903549,39.795668],[-104.903539,39.793532],[-104.903506,39.788811],[-104.903485,39.787288],[-104.903479,39.786798],[-104.903474,39.786474],[-104.903458,39.785309],[-104.903439,39.783888],[-104.90326,39.783623],[-104.902972,39.782945],[-104.903534,39.782834],[-104.903339,39.780174],[-104.902539,39.781209],[-104.903133,39.780383],[-104.903539,39.779283],[-104.903569,39.778422],[-104.903568,39.778301],[-104.903497,39.777392],[-104.903583,39.775228],[-104.903497,39.772732],[-104.903495,39.772275],[-104.903492,39.771768],[-104.902992,39.771697],[-104.902807,39.771671],[-104.902324,39.771602],[-104.899663,39.771239],[-104.894172,39.770633],[-104.892354,39.770498],[-104.887821,39.770164],[-104.886744,39.770082],[-104.88606,39.770029],[-104.874161,39.769081],[-104.865791,39.768502],[-104.862251,39.768241],[-104.856399,39.76781],[-104.856394,39.768581],[-104.847422,39.767906],[-104.837614,39.767169],[-104.832972,39.766391],[-104.833009,39.766994],[-104.833009,39.769177],[-104.828323,39.769156],[-104.828183,39.770277],[-104.828163,39.772374],[-104.828163,39.772575],[-104.828185,39.772784],[-104.826082,39.773184],[-104.825932,39.77404],[-104.828367,39.774785],[-104.829961,39.774895],[-104.829722,39.776024],[-104.830609,39.7763],[-104.831501,39.77658],[-104.830637,39.778222],[-104.830356,39.778772],[-104.829992,39.779459],[-104.829635,39.780139],[-104.828022,39.782344],[-104.827853,39.782448],[-104.827904,39.782491],[-104.82806,39.782622],[-104.828112,39.782666],[-104.828132,39.782683],[-104.828194,39.782735],[-104.828215,39.782753],[-104.828452,39.782953],[-104.828824,39.783268],[-104.828953,39.783369],[-104.829083,39.783444],[-104.8292,39.783503],[-104.829232,39.783519],[-104.829485,39.783629],[-104.831204,39.784332],[-104.831306,39.784189],[-104.832914,39.78238],[-104.833752,39.782023],[-104.834548,39.781679],[-104.835663,39.781201],[-104.836472,39.781011],[-104.836903,39.780926],[-104.837765,39.780751],[-104.838961,39.781759],[-104.840409,39.781845],[-104.841626,39.780529],[-104.84305,39.781341],[-104.84701,39.782386],[-104.847047,39.786232],[-104.847049,39.786407],[-104.846387,39.78639],[-104.844822,39.786],[-104.844001,39.785734],[-104.843176,39.785479],[-104.84235,39.78522],[-104.840764,39.784892],[-104.838467,39.785723],[-104.83891,39.786327],[-104.838352,39.786967],[-104.839446,39.788478],[-104.840182,39.788606],[-104.84019,39.78932],[-104.839003,39.789367],[-104.838333,39.789665],[-104.83765,39.790112],[-104.83697,39.79055],[-104.835584,39.791055],[-104.834184,39.791105],[-104.833303,39.790805],[-104.832449,39.790449],[-104.831596,39.790099],[-104.830762,39.789755],[-104.829914,39.789408],[-104.829061,39.789057],[-104.828184,39.788695],[-104.827388,39.789539],[-104.824642,39.790662],[-104.823927,39.790155],[-104.821891,39.789668],[-104.820969,39.789488],[-104.820037,39.789299],[-104.819079,39.789104],[-104.818108,39.788914],[-104.817179,39.788735],[-104.816801,39.789891],[-104.817226,39.791001],[-104.817144,39.791157],[-104.81698,39.791233],[-104.816943,39.791251],[-104.816812,39.791295],[-104.816648,39.791339],[-104.816477,39.791366],[-104.816309,39.791379],[-104.816117,39.791378],[-104.815961,39.791363],[-104.81593,39.791357],[-104.815663,39.791311],[-104.81558,39.791293],[-104.815422,39.791258],[-104.814949,39.791154],[-104.814792,39.79112],[-104.813932,39.790942],[-104.813079,39.790763],[-104.81056,39.790434],[-104.809753,39.790429],[-104.809754,39.790263],[-104.80977,39.787867],[-104.809797,39.783754],[-104.809623,39.783791],[-104.804232,39.783805],[-104.801715,39.783796],[-104.799851,39.78379],[-104.797966,39.783785],[-104.794652,39.783775],[-104.791382,39.78364],[-104.790478,39.783636],[-104.787737,39.783642],[-104.784246,39.783634],[-104.777541,39.783805],[-104.772114,39.783753],[-104.772129,39.785899],[-104.772135,39.78739],[-104.77214,39.789024],[-104.772142,39.789503],[-104.772147,39.792535],[-104.772147,39.795417],[-104.772117,39.79839],[-104.783909,39.798367],[-104.786377,39.798385],[-104.787301,39.798391],[-104.790895,39.798251],[-104.79098,39.80564],[-104.791054,39.810462],[-104.790922,39.819682],[-104.790708,39.827214],[-104.790859,39.841754],[-104.790859,39.841802],[-104.786472,39.841793],[-104.772186,39.841761],[-104.771968,39.841759],[-104.762317,39.841788],[-104.7623,39.843393],[-104.762296,39.843754],[-104.762279,39.84539],[-104.76214,39.845385],[-104.753063,39.845339],[-104.747001,39.845299],[-104.746713,39.845297],[-104.734181,39.845214],[-104.730953,39.845195],[-104.73039,39.896131],[-104.729806,39.896127],[-104.721294,39.899809],[-104.733757,39.899877],[-104.747349,39.89993],[-104.75257,39.89995],[-104.762345,39.9],[-104.762466,39.9],[-104.76263,39.900002],[-104.763038,39.900005],[-104.764923,39.899986],[-104.765896,39.899993],[-104.766034,39.899994],[-104.771404,39.900028],[-104.771339,39.90537],[-104.771335,39.905891],[-104.771331,39.906119],[-104.771267,39.910855],[-104.77121,39.914371],[-104.771209,39.914557],[-104.771202,39.915993],[-104.77119,39.917331],[-104.771176,39.921365],[-104.771175,39.921579],[-104.771166,39.925296],[-104.775007,39.925303],[-104.775939,39.925047],[-104.775946,39.925244],[-104.776532,39.925226],[-104.778978,39.925842],[-104.779934,39.925952],[-104.78089,39.925947],[-104.781332,39.926045],[-104.779463,39.926523],[-104.779029,39.926753],[-104.779055,39.926807],[-104.777849,39.92684],[-104.777928,39.928118],[-104.777522,39.92844],[-104.777755,39.929192],[-104.778325,39.930247],[-104.77824,39.930729],[-104.779066,39.931639],[-104.780385,39.933247],[-104.781128,39.932936],[-104.781691,39.932472],[-104.783816,39.932633],[-104.784561,39.933],[-104.789822,39.933751],[-104.789827,39.933459],[-104.791714,39.933743],[-104.791899,39.933733],[-104.790868,39.935015],[-104.791008,39.935274],[-104.790049,39.93612],[-104.789128,39.936936],[-104.784062,39.943339],[-104.782068,39.944994],[-104.781718,39.945277],[-104.780342,39.946315],[-104.775776,39.949766],[-104.772713,39.952055],[-104.770982,39.95336],[-104.768901,39.955452],[-104.769534,39.955353],[-104.771155,39.956596],[-104.771315,39.956706],[-104.774752,39.9586],[-104.776135,39.958746],[-104.784447,39.958683],[-104.786941,39.957919],[-104.789985,39.957823],[-104.795795,39.9578],[-104.796381,39.957797],[-104.798248,39.957789],[-104.799515,39.957785],[-104.799533,39.957913],[-104.79947,39.961469],[-104.799357,39.961771],[-104.799341,39.969708],[-104.796982,39.970787],[-104.79817,39.971415],[-104.797754,39.972301],[-104.794537,39.972359],[-104.789948,39.97234],[-104.783077,39.972338],[-104.782957,39.972339],[-104.781586,39.97234],[-104.781607,39.978576],[-104.78164,39.9797],[-104.78056,39.9797],[-104.780577,39.982028],[-104.780573,39.983926],[-104.780577,39.986789],[-104.782465,39.986818],[-104.785081,39.986818],[-104.787286,39.986813],[-104.789909,39.986807],[-104.790809,39.986798],[-104.791707,39.986784],[-104.794917,39.986774],[-104.79616,39.986771],[-104.797765,39.98679],[-104.799317,39.986795],[-104.800566,39.98679],[-104.803079,39.986795],[-104.805468,39.986789],[-104.80549,39.986789],[-104.806924,39.986782],[-104.806977,39.986782],[-104.808283,39.986773],[-104.808713,39.986773],[-104.808709,39.987907],[-104.808711,39.988621],[-104.808713,39.989442],[-104.808711,39.99019],[-104.808712,39.990389],[-104.808714,39.992238],[-104.808705,39.993982],[-104.808079,39.993984],[-104.808128,39.994876],[-104.808118,39.99539],[-104.808135,39.997025],[-104.808151,39.997403],[-104.808172,39.997893],[-104.808169,39.998725],[-104.808168,39.999368],[-104.808169,39.999757],[-104.80817,39.999954],[-104.80817,40.000318],[-104.808171,40.000403],[-104.808171,40.000419],[-104.813331,40.000411],[-104.816048,40.000418],[-104.816103,40.000418],[-104.816959,40.000421],[-104.817478,40.00042],[-104.817666,40.00042],[-104.817924,40.000419],[-104.818224,40.000419],[-104.819629,40.000417],[-104.819969,40.000417],[-104.820327,40.000416],[-104.821478,40.000412],[-104.821779,40.000409],[-104.821965,40.000412],[-104.824215,40.000408],[-104.826659,40.000403],[-104.827084,40.000403],[-104.827414,40.000403],[-104.827661,40.000402],[-104.837313,40.000407],[-104.838953,40.000404],[-104.843151,40.000398],[-104.848825,40.000383],[-104.85623,40.000377],[-104.865587,40.00037],[-104.867116,40.00037],[-104.884429,40.000363],[-104.885967,40.000356],[-104.885993,40.007617],[-104.886027,40.014819],[-104.886105,40.02669],[-104.886122,40.02888],[-104.886127,40.029327],[-104.886167,40.033406],[-104.886248,40.040876],[-104.887805,40.042166],[-104.886335,40.043814],[-104.886309,40.053981],[-104.886314,40.058263],[-104.889419,40.058273],[-104.905062,40.058275],[-104.919251,40.058377],[-104.92302,40.058397],[-104.923924,40.058957],[-104.923927,40.059831],[-104.923919,40.065666],[-104.923908,40.072822],[-104.923919,40.072893],[-104.930696,40.072995],[-104.942352,40.073085],[-104.945078,40.073106],[-104.961112,40.073162],[-104.961233,40.05853],[-104.970685,40.058465],[-104.979909,40.058418],[-104.9802,40.058416],[-104.98068,40.058414],[-104.980817,40.058413],[-104.980837,40.080317],[-104.980819,40.083776],[-104.981906,40.087281],[-104.980636,40.087267],[-104.980632,40.087634],[-104.980636,40.087766],[-104.980597,40.097828],[-104.980452,40.102189],[-104.980452,40.102275],[-104.967625,40.102276],[-104.960986,40.102276],[-104.960924,40.113179],[-104.960933,40.116901],[-104.960938,40.118721],[-104.960949,40.121323],[-104.960953,40.122296],[-104.960958,40.123741],[-104.960959,40.124139],[-104.960962,40.125233],[-104.96097,40.126677],[-104.960993,40.131433],[-104.960994,40.138703],[-104.952956,40.138672],[-104.952956,40.139757],[-104.951457,40.139826],[-104.951494,40.145787],[-104.951496,40.145874],[-104.948636,40.145847],[-104.941863,40.145763],[-104.93962,40.145748],[-104.934744,40.1457],[-104.924114,40.145625],[-104.924075,40.147577],[-104.924059,40.148132],[-104.923986,40.151216],[-104.923985,40.151242],[-104.923915,40.153825],[-104.923904,40.154166],[-104.923825,40.156875],[-104.92373,40.160357],[-104.923729,40.160397],[-104.933398,40.160603],[-104.933914,40.160681],[-104.931318,40.164151],[-104.933084,40.164209],[-104.933004,40.167873],[-104.937371,40.168006],[-104.938852,40.168059],[-104.940737,40.167063],[-104.941713,40.166029],[-104.941823,40.166032],[-104.941824,40.165923],[-104.941829,40.164162],[-104.941844,40.160643],[-104.945169,40.160598],[-104.951681,40.160582],[-104.961068,40.160566],[-104.961063,40.157999],[-104.961054,40.155639],[-104.961058,40.153704],[-104.961058,40.15334],[-104.969375,40.153309],[-104.971875,40.153325],[-104.975049,40.15335],[-104.978395,40.153366],[-104.978676,40.153564],[-104.978788,40.153567],[-104.978832,40.153566],[-104.978944,40.153567],[-104.979404,40.153571],[-104.980067,40.1492],[-104.980298,40.146162],[-104.98033,40.13875],[-104.980318,40.131477],[-104.980718,40.131477],[-104.981088,40.131475],[-104.994025,40.131492],[-104.99875,40.131505],[-104.998849,40.131505],[-105.003453,40.131348],[-105.008217,40.125797],[-105.011492,40.121979],[-105.01279,40.120487],[-105.016572,40.117652],[-105.017719,40.11642],[-105.017723,40.10967],[-105.024401,40.109731],[-105.028055,40.10966],[-105.032082,40.109622],[-105.034756,40.109644],[-105.036995,40.109079],[-105.038948,40.109546],[-105.03899,40.109426],[-105.039202,40.109465],[-105.039289,40.109475],[-105.039376,40.109482],[-105.039464,40.109485],[-105.039562,40.109484],[-105.041475,40.10943],[-105.041463,40.109598],[-105.055436,40.109241],[-105.055421,40.116518],[-105.055367,40.131177],[-105.055393,40.138263],[-105.064497,40.13812],[-105.065236,40.139982],[-105.074244,40.139845],[-105.074241,40.134814],[-105.083163,40.134454],[-105.093202,40.134275],[-105.094435,40.134276],[-105.102496,40.134133],[-105.102453,40.135458],[-105.102369,40.138233],[-105.104794,40.138071],[-105.10752,40.137949],[-105.109163,40.137946],[-105.113141,40.137825],[-105.113391,40.137814],[-105.115391,40.137812],[-105.116702,40.137806],[-105.121476,40.137892],[-105.129437,40.137932],[-105.130888,40.137934],[-105.130951,40.134315],[-105.130952,40.134283],[-105.130957,40.134073],[-105.130989,40.132536],[-105.13102,40.130741],[-105.131039,40.123506],[-105.131008,40.116498],[-105.131008,40.116421],[-105.131714,40.115185],[-105.132616,40.115526],[-105.133403,40.114554],[-105.134426,40.114934],[-105.13507,40.11394],[-105.13678,40.113633],[-105.136667,40.112408],[-105.138878,40.110811],[-105.140595,40.11035],[-105.143063,40.110181],[-105.143329,40.109099],[-105.146254,40.109084],[-105.15016,40.109618],[-105.150289,40.108761],[-105.152048,40.108987],[-105.157988,40.109181],[-105.159452,40.109229],[-105.159479,40.116137],[-105.159715,40.11645],[-105.160874,40.11559],[-105.168285,40.108862],[-105.173702,40.104136],[-105.176231,40.101662],[-105.184222,40.094371],[-105.185173,40.094356],[-105.187849,40.094367],[-105.194182,40.094384],[-105.19615,40.094384],[-105.206898,40.094401],[-105.206898,40.09423],[-105.220722,40.09432],[-105.22071,40.094241],[-105.225782,40.09423],[-105.22582,40.090433],[-105.225836,40.089486],[-105.225856,40.088462],[-105.226305,40.08761],[-105.227693,40.087132],[-105.231738,40.08754],[-105.233474,40.087275],[-105.234164,40.086907],[-105.234436,40.086904],[-105.244688,40.087126],[-105.244705,40.080966],[-105.245038,40.078333],[-105.244712,40.078332],[-105.244722,40.074725],[-105.244747,40.065643],[-105.242889,40.065646],[-105.24017,40.065629],[-105.234971,40.065647],[-105.234944,40.062673],[-105.23487,40.052654],[-105.234867,40.05109],[-105.235751,40.051077],[-105.244125,40.051072],[-105.244243,40.051073],[-105.244227,40.049572],[-105.244227,40.047444],[-105.244863,40.047436],[-105.24574,40.047433],[-105.246455,40.047429],[-105.247395,40.047535],[-105.247525,40.047424],[-105.248332,40.047429],[-105.248977,40.046815],[-105.250949,40.046681],[-105.253848,40.045946],[-105.253833,40.044788],[-105.253914,40.043772],[-105.254814,40.04366],[-105.256704,40.043644],[-105.258328,40.043607],[-105.258536,40.043602],[-105.258481,40.040106],[-105.25647,40.040086],[-105.254118,40.040085],[-105.253694,40.038104],[-105.251969,40.038275],[-105.246882,40.038278],[-105.244892,40.038462],[-105.244708,40.038521],[-105.244708,40.038316],[-105.244226,40.038487],[-105.243777,40.038706],[-105.243792,40.038577],[-105.242964,40.038618],[-105.242722,40.038578],[-105.242686,40.038625],[-105.238509,40.038635],[-105.240893,40.036517],[-105.239596,40.036516],[-105.239571,40.033428],[-105.237172,40.033476],[-105.237144,40.031033],[-105.237189,40.029694],[-105.237413,40.029735],[-105.237655,40.029221],[-105.234608,40.029229],[-105.225384,40.029227],[-105.224053,40.029231],[-105.223407,40.028582],[-105.223292,40.028644],[-105.22091,40.029247],[-105.218466,40.029256],[-105.216378,40.029638],[-105.216358,40.029632],[-105.216311,40.029612],[-105.216288,40.029613],[-105.216258,40.029584],[-105.21621,40.029556],[-105.21617,40.0295],[-105.216165,40.029276],[-105.216165,40.029228],[-105.21604,40.029219],[-105.216041,40.029141],[-105.215845,40.029142],[-105.215531,40.02914],[-105.214316,40.029129],[-105.212812,40.029111],[-105.21141,40.029124],[-105.211432,40.025577],[-105.213348,40.025419],[-105.213369,40.023934],[-105.21337,40.023889],[-105.213372,40.023631],[-105.212517,40.023631],[-105.212511,40.02349],[-105.211743,40.023497],[-105.211592,40.023496],[-105.211272,40.023495],[-105.211314,40.023395],[-105.211102,40.023119],[-105.210943,40.022963],[-105.21082,40.022781],[-105.210742,40.022835],[-105.208129,40.021832],[-105.208052,40.021883],[-105.207613,40.021652],[-105.207581,40.021638],[-105.207545,40.021622],[-105.207518,40.021609],[-105.207487,40.021594],[-105.207456,40.021578],[-105.207425,40.021562],[-105.207395,40.021545],[-105.207366,40.021529],[-105.207336,40.021511],[-105.207307,40.021494],[-105.207279,40.021476],[-105.20725,40.021457],[-105.207223,40.021438],[-105.20719,40.021416],[-105.207169,40.0214],[-105.207142,40.02138],[-105.207116,40.02136],[-105.20709,40.021339],[-105.207065,40.021319],[-105.207041,40.021297],[-105.207017,40.021276],[-105.206993,40.021254],[-105.20697,40.021232],[-105.206947,40.02121],[-105.206925,40.021187],[-105.206903,40.021164],[-105.206882,40.021141],[-105.206862,40.021117],[-105.206842,40.021093],[-105.206822,40.021069],[-105.206803,40.021045],[-105.206785,40.02102],[-105.206767,40.020996],[-105.20675,40.020971],[-105.206733,40.020946],[-105.206717,40.02092],[-105.206701,40.020894],[-105.206686,40.020869],[-105.206672,40.020843],[-105.206658,40.020816],[-105.206645,40.02079],[-105.206632,40.020764],[-105.206589,40.020687],[-105.206598,40.02041],[-105.206606,40.020184],[-105.206601,40.019991],[-105.206579,40.016508],[-105.206566,40.01477],[-105.206671,40.014705],[-105.208419,40.014703],[-105.208508,40.014698],[-105.208731,40.01248],[-105.20982,40.012467],[-105.210188,40.012616],[-105.213064,40.01262],[-105.213053,40.01187],[-105.213045,40.011323],[-105.213042,40.01105],[-105.212983,40.009613],[-105.213022,40.008967],[-105.213022,40.008909],[-105.213021,40.008838],[-105.212904,40.008047],[-105.212758,40.007773],[-105.212506,40.005822],[-105.212511,40.003691],[-105.212511,40.003604],[-105.212512,40.003519],[-105.212797,40.00009],[-105.212739,39.998786],[-105.212744,39.996927],[-105.212478,39.993489],[-105.212821,39.987944],[-105.212821,39.987494],[-105.212841,39.986144],[-105.205374,39.986239],[-105.19615,39.986515],[-105.194143,39.986627],[-105.190359,39.986755],[-105.190067,39.986763],[-105.185635,39.98682],[-105.183394,39.986833],[-105.179319,39.986829],[-105.175381,39.986813],[-105.17393,39.986815],[-105.170468,39.986819],[-105.169605,39.986826],[-105.165234,39.986884],[-105.164451,39.986893],[-105.164453,39.98677],[-105.165437,39.986625],[-105.165973,39.986196],[-105.166047,39.981558],[-105.166048,39.980789],[-105.166051,39.980727],[-105.166068,39.980423],[-105.166451,39.980426],[-105.17055,39.980376],[-105.17054,39.979995],[-105.166263,39.980009],[-105.166052,39.979571],[-105.166053,39.979078],[-105.166051,39.978635],[-105.165905,39.978203],[-105.165744,39.978203],[-105.164481,39.97829],[-105.16435,39.978291],[-105.164114,39.978293],[-105.163872,39.978276],[-105.163792,39.978263],[-105.16364,39.978215],[-105.163456,39.978125],[-105.163387,39.978075],[-105.163335,39.978038],[-105.162983,39.977643],[-105.162851,39.977546],[-105.16269,39.977464],[-105.162609,39.977438],[-105.162521,39.977409],[-105.16232,39.977375],[-105.16204,39.977354],[-105.161759,39.977358],[-105.15901,39.977623],[-105.157094,39.978053],[-105.156485,39.978537],[-105.155748,39.97956],[-105.151976,39.979057],[-105.150403,39.978027],[-105.150322,39.977923],[-105.152031,39.977259],[-105.153701,39.976733],[-105.156732,39.975787],[-105.158346,39.975284],[-105.160007,39.974556],[-105.161537,39.974029],[-105.161715,39.973978],[-105.162071,39.973875],[-105.162308,39.97379],[-105.162534,39.973689],[-105.162737,39.973584],[-105.16292,39.973471],[-105.163087,39.973344],[-105.163949,39.972687],[-105.164265,39.972453],[-105.164394,39.972374],[-105.166216,39.970776],[-105.16591,39.968608],[-105.165965,39.964687],[-105.165999,39.96443],[-105.165855,39.961854],[-105.165755,39.959261],[-105.165507,39.959034],[-105.165359,39.958899],[-105.165546,39.957857],[-105.165571,39.95773],[-105.165627,39.957446],[-105.162306,39.956075],[-105.160693,39.955143],[-105.156518,39.951989],[-105.156367,39.951536],[-105.149459,39.946887],[-105.163496,39.946823],[-105.164012,39.947017],[-105.163683,39.94503],[-105.163413,39.944973],[-105.163029,39.94506],[-105.162848,39.945079],[-105.162455,39.945127],[-105.162339,39.94514],[-105.161561,39.945225],[-105.161332,39.945247],[-105.16127,39.945242],[-105.160954,39.945219],[-105.160799,39.945203],[-105.160609,39.945171],[-105.16045,39.945137],[-105.160212,39.945069],[-105.159886,39.944928],[-105.159777,39.944866],[-105.159483,39.944661],[-105.159346,39.944542],[-105.159265,39.944443],[-105.159152,39.944322],[-105.15886,39.943854],[-105.158755,39.943669],[-105.15868,39.943537],[-105.157414,39.941356],[-105.155545,39.939747],[-105.153591,39.939091],[-105.15085,39.93873],[-105.150567,39.938687],[-105.150291,39.938627],[-105.150081,39.938582],[-105.149882,39.938526],[-105.149607,39.938448],[-105.149132,39.93828],[-105.148669,39.938084],[-105.148243,39.937871],[-105.147891,39.937658],[-105.147807,39.937601],[-105.147715,39.93754],[-105.147515,39.937383],[-105.147209,39.937116],[-105.146936,39.936853],[-105.146612,39.936497],[-105.146454,39.936291],[-105.146302,39.936064],[-105.146084,39.93568],[-105.146005,39.935505],[-105.14594,39.935333],[-105.145877,39.935165],[-105.145776,39.934787],[-105.145726,39.934503],[-105.145701,39.934324],[-105.145689,39.934153],[-105.14568,39.93389],[-105.145692,39.933635],[-105.145708,39.933435],[-105.145736,39.933255],[-105.145763,39.933092],[-105.145771,39.933066],[-105.145943,39.932509],[-105.145999,39.932383],[-105.146042,39.932286],[-105.146226,39.93195],[-105.146376,39.931713],[-105.146393,39.931685],[-105.147018,39.930771],[-105.147184,39.930537],[-105.147284,39.930355],[-105.147363,39.930161],[-105.1474,39.929991],[-105.147411,39.929768],[-105.147421,39.929303],[-105.147358,39.928939],[-105.147041,39.928938],[-105.147005,39.925215],[-105.14714,39.914001],[-105.147143,39.913889],[-105.147121,39.91389],[-105.14722,39.910086],[-105.147396,39.900094],[-105.147147,39.900087],[-105.131378,39.900103],[-105.128918,39.900255],[-105.128918,39.900037],[-105.128918,39.899985],[-105.128678,39.899985],[-105.128679,39.899383],[-105.128681,39.899126],[-105.128689,39.898368],[-105.128721,39.896499],[-105.128721,39.896355],[-105.128941,39.894087],[-105.128943,39.893036],[-105.128943,39.892801],[-105.128895,39.890353],[-105.130209,39.89058],[-105.130885,39.892697],[-105.131447,39.892672],[-105.133105,39.892012],[-105.136308,39.89202],[-105.136315,39.891648],[-105.137138,39.890831],[-105.134852,39.889292],[-105.146989,39.889212],[-105.147183,39.889297],[-105.14744,39.88945],[-105.164423,39.891408],[-105.165554,39.890898],[-105.165453,39.872866],[-105.165426,39.870699],[-105.165414,39.870596],[-105.165488,39.87058],[-105.167968,39.870597],[-105.168903,39.870604],[-105.170248,39.870613],[-105.170599,39.870616],[-105.184238,39.870683],[-105.196188,39.870635],[-105.200796,39.870613],[-105.212707,39.870619],[-105.23634,39.870486],[-105.240962,39.870437],[-105.241077,39.870437],[-105.241033,39.868227],[-105.240265,39.865909],[-105.240915,39.865948],[-105.241,39.865953],[-105.241165,39.865966],[-105.248496,39.86658],[-105.249242,39.866673],[-105.249505,39.866729],[-105.249916,39.866817],[-105.250961,39.867185],[-105.251972,39.867649],[-105.257349,39.869914],[-105.261928,39.871919],[-105.262522,39.872179],[-105.263089,39.872418],[-105.265478,39.873434],[-105.265623,39.873495],[-105.267881,39.874426],[-105.269273,39.875052],[-105.271279,39.875924],[-105.273979,39.877098],[-105.274767,39.877391],[-105.276891,39.877861],[-105.278905,39.878228],[-105.279891,39.878301],[-105.281437,39.878326],[-105.283749,39.878166],[-105.283709,39.878717],[-105.283374,39.879277],[-105.282804,39.879688],[-105.281745,39.880018],[-105.280701,39.880021],[-105.279897,39.879861],[-105.277966,39.879261],[-105.277239,39.879213],[-105.27629,39.879406],[-105.275579,39.879771],[-105.27509,39.880469],[-105.274981,39.881032],[-105.275314,39.881014],[-105.276025,39.881004],[-105.276073,39.884066],[-105.27479,39.884056],[-105.274066,39.885359],[-105.276128,39.890227],[-105.276085,39.88483],[-105.285271,39.883893],[-105.290658,39.883541],[-105.290667,39.879529],[-105.290696,39.879528],[-105.291009,39.879505],[-105.291281,39.879462],[-105.291727,39.879458],[-105.29207,39.879505],[-105.292499,39.87963],[-105.294317,39.8808],[-105.29463,39.881083],[-105.295634,39.88188],[-105.295899,39.882021],[-105.296155,39.882148],[-105.296405,39.882251],[-105.296975,39.882336],[-105.29772,39.882337],[-105.30064,39.882514],[-105.302191,39.883992],[-105.303814,39.884161],[-105.30382,39.884062],[-105.303666,39.875705],[-105.294468,39.876432],[-105.294173,39.869924],[-105.296856,39.866567],[-105.294467,39.865368],[-105.290848,39.864633],[-105.288631,39.863367],[-105.289347,39.863148],[-105.290606,39.862869],[-105.290982,39.861998],[-105.290453,39.862551],[-105.287724,39.861493],[-105.286349,39.861403],[-105.284325,39.859481],[-105.284372,39.858747],[-105.282481,39.855433],[-105.283495,39.855391],[-105.283869,39.854414],[-105.282229,39.854276],[-105.281533,39.853276],[-105.279997,39.852875],[-105.279773,39.852816],[-105.276532,39.84981],[-105.2764,39.849532],[-105.275955,39.84944],[-105.276073,39.843399],[-105.27607,39.843266],[-105.276101,39.841119],[-105.272077,39.84115],[-105.264332,39.841207],[-105.264341,39.844788],[-105.269085,39.844788],[-105.269063,39.84674],[-105.269103,39.848438],[-105.267643,39.848443],[-105.259007,39.848461],[-105.24498,39.848597],[-105.240888,39.848634],[-105.236234,39.848631],[-105.23616,39.855918],[-105.232551,39.855949],[-105.232363,39.855948],[-105.232208,39.854907],[-105.234834,39.844251],[-105.234348,39.84412],[-105.234335,39.844179],[-105.234331,39.844194],[-105.234326,39.844217],[-105.234292,39.844207],[-105.23332,39.843839],[-105.232102,39.843325],[-105.231571,39.843269],[-105.230968,39.843219],[-105.230499,39.843219],[-105.230175,39.843246],[-105.229877,39.843339],[-105.229393,39.843495],[-105.229042,39.843656],[-105.22883,39.843767],[-105.228608,39.84389],[-105.22745,39.844608],[-105.227116,39.84477],[-105.226893,39.844867],[-105.226839,39.844884],[-105.226698,39.844928],[-105.226353,39.845017],[-105.225696,39.845151],[-105.224783,39.845318],[-105.223391,39.845537],[-105.222685,39.845676],[-105.222408,39.845731],[-105.222107,39.845791],[-105.222022,39.8458],[-105.222022,39.845708],[-105.221148,39.845778],[-105.217532,39.846757],[-105.216828,39.846787],[-105.216147,39.846645],[-105.21509,39.846585],[-105.213819,39.846747],[-105.213312,39.846818],[-105.212428,39.846877],[-105.209984,39.846805],[-105.208543,39.846715],[-105.207643,39.846519],[-105.205495,39.846117],[-105.20443,39.846071],[-105.203113,39.846113],[-105.20244,39.846049],[-105.199863,39.84547],[-105.199198,39.845496],[-105.196907,39.845793],[-105.193818,39.846086],[-105.189761,39.846145],[-105.188374,39.846207],[-105.187741,39.845961],[-105.187678,39.845919],[-105.186954,39.845423],[-105.186956,39.845247],[-105.186038,39.845082],[-105.184034,39.844715],[-105.181319,39.844332],[-105.180283,39.8442],[-105.177017,39.84382],[-105.172313,39.844009],[-105.169334,39.843927],[-105.168933,39.843978],[-105.168432,39.844104],[-105.166444,39.845164],[-105.165956,39.845346],[-105.165256,39.845345],[-105.165254,39.845107],[-105.165241,39.843426],[-105.165234,39.842704],[-105.165217,39.841002],[-105.165198,39.838799],[-105.165193,39.838329],[-105.165174,39.837629],[-105.165171,39.83737],[-105.165161,39.836606],[-105.165169,39.835183],[-105.165169,39.835131],[-105.16516,39.834626],[-105.165154,39.834294],[-105.165153,39.834049],[-105.165162,39.83335],[-105.165167,39.832856],[-105.165169,39.832582],[-105.165182,39.829883],[-105.165142,39.82701],[-105.165156,39.825713],[-105.165156,39.82565],[-105.165156,39.82553],[-105.165156,39.825414],[-105.165163,39.823462],[-105.165164,39.823372],[-105.162998,39.823362],[-105.162516,39.824455],[-105.159323,39.824453],[-105.158539,39.824313],[-105.15744,39.824073],[-105.156774,39.824095],[-105.156737,39.826991],[-105.156653,39.826991],[-105.155903,39.827024],[-105.155831,39.827025],[-105.155065,39.827038],[-105.153683,39.827054],[-105.149454,39.827071],[-105.1484,39.827094],[-105.147493,39.827063],[-105.147439,39.827062],[-105.146166,39.827057],[-105.144176,39.827055],[-105.142228,39.827043],[-105.14176,39.827042],[-105.141044,39.827056],[-105.140723,39.827058],[-105.137861,39.827064],[-105.135282,39.827081],[-105.132393,39.827084],[-105.131963,39.827075],[-105.12846,39.827117],[-105.126216,39.827097],[-105.126191,39.82445],[-105.12518,39.82446],[-105.12539,39.823378],[-105.123439,39.822926],[-105.123316,39.823489],[-105.122371,39.823495],[-105.121683,39.82339],[-105.122349,39.821903],[-105.122325,39.82078],[-105.121404,39.820364],[-105.120469,39.820362],[-105.119056,39.820349],[-105.11905,39.820318],[-105.11906,39.819596],[-105.11742,39.819597],[-105.116543,39.819607],[-105.115648,39.81961],[-105.114771,39.819609],[-105.11373,39.819612],[-105.11282,39.819611],[-105.111937,39.819611],[-105.111033,39.81961],[-105.110118,39.819621],[-105.109623,39.819623],[-105.109679,39.819792],[-105.109631,39.819792],[-105.109655,39.820404],[-105.109671,39.820404],[-105.109702,39.82272],[-105.109598,39.822721],[-105.10963,39.823048],[-105.109642,39.823561],[-105.109651,39.824957],[-105.109676,39.82588],[-105.109713,39.827247],[-105.103231,39.827545],[-105.097866,39.827004],[-105.095182,39.827018],[-105.093823,39.827161],[-105.090919,39.827208],[-105.090915,39.826398],[-105.090918,39.826361],[-105.090906,39.825646],[-105.09091,39.824887],[-105.090899,39.824165],[-105.090902,39.82384],[-105.086644,39.823849],[-105.086646,39.82342],[-105.085274,39.824072],[-105.081444,39.825184],[-105.081447,39.827244],[-105.081493,39.828759],[-105.081545,39.830443],[-105.08161,39.83273],[-105.081674,39.834912],[-105.081722,39.837811],[-105.081821,39.841799],[-105.081784,39.847058],[-105.081789,39.847153],[-105.081783,39.847263],[-105.081751,39.851611],[-105.081901,39.851615],[-105.081849,39.853391],[-105.081832,39.856439],[-105.081686,39.856441],[-105.076658,39.856506],[-105.074117,39.856547],[-105.066825,39.856534],[-105.064746,39.856547],[-105.062526,39.855736],[-105.0529,39.852042],[-105.053249,39.854194],[-105.053339,39.855978],[-105.053289,39.856764],[-105.053257,39.856946],[-105.053263,39.859948],[-105.053284,39.860436],[-105.053191,39.86362],[-105.05323,39.869395],[-105.053198,39.870826],[-105.053188,39.872435],[-105.053162,39.874404],[-105.053143,39.875102],[-105.053139,39.875402],[-105.053139,39.876298],[-105.053138,39.877981],[-105.053118,39.879723],[-105.053106,39.881647],[-105.053093,39.884591],[-105.053093,39.885218],[-105.053091,39.885356],[-105.053036,39.892187],[-105.053035,39.892557],[-105.053005,39.899806],[-105.04894,39.899749],[-105.046863,39.899738],[-105.04604,39.899734],[-105.04373,39.89969],[-105.042328,39.899678],[-105.038906,39.899663],[-105.032511,39.899632],[-105.027528,39.899645],[-105.025073,39.899625],[-105.024939,39.899625],[-105.022686,39.899639],[-105.022662,39.899639],[-105.020223,39.899655],[-105.015947,39.899654],[-105.015532,39.899657],[-105.013576,39.899672],[-105.01186,39.899698],[-105.009529,39.89971],[-105.008355,39.899712],[-105.007892,39.899712],[-105.007444,39.899713],[-105.006096,39.899715],[-105.003369,39.899705],[-105.001979,39.899714],[-105.000619,39.899717],[-105.000254,39.899721],[-104.999019,39.899725],[-104.996757,39.899725],[-104.996632,39.899724],[-104.996632,39.903307],[-104.996629,39.905613],[-104.996644,39.906977],[-104.996643,39.907169],[-104.996637,39.90798],[-104.996649,39.909276],[-104.996641,39.910978],[-104.996647,39.911424],[-104.992648,39.911422],[-104.993028,39.913332],[-104.993198,39.91333],[-104.993199,39.913414],[-104.993201,39.913742],[-104.993201,39.913844],[-104.993202,39.914046],[-104.992614,39.914049],[-104.98987,39.914064]]],[[[-105.272751,40.043681],[-105.269202,40.043693],[-105.265621,40.043712],[-105.265588,40.045577],[-105.264176,40.045583],[-105.263401,40.045703],[-105.261308,40.045565],[-105.258539,40.045554],[-105.258542,40.046419],[-105.25858,40.047448],[-105.259089,40.049384],[-105.260119,40.051034],[-105.260484,40.051455],[-105.265307,40.054699],[-105.266526,40.054681],[-105.268004,40.054672],[-105.269181,40.054663],[-105.27273,40.054644],[-105.272773,40.052808],[-105.272756,40.050804],[-105.272755,40.050034],[-105.272757,40.049154],[-105.272759,40.048792],[-105.272762,40.048187],[-105.272763,40.047935],[-105.272759,40.047141],[-105.272752,40.046063],[-105.272754,40.044881],[-105.272751,40.043681]]]]}},{"type":"Feature","properties":{"id":7,"NAME":"7","text-color":"#000000","text-size":16,"labelx":-104.775371,"labely":39.287594,"TotalPop":524674,"PopDevPct":-0.00039836,"DemPct":0.3500264,"RepPct":0.60332432,"WhitePct":0.7274042,"MinorityPct":0.2725958,"BlackPct":0.06083598,"HispanicPct":0.13466459,"PacificPct":0.00588399,"AsianPct":0.0494652,"NativePct":0.03164011,"TotalVAP":392761,"Margin":-0.1499736,"color":"#960018","opacity":"0.5"},"geometry":{"type":"MultiPolygon","coordinates":[[[[-104.662896,39.129527],[-104.662937,39.135484],[-104.662846,39.158627],[-104.662874,39.173156],[-104.662948,39.173157],[-104.66301,39.192822],[-104.662956,39.216714],[-104.662916,39.234355],[-104.662915,39.234903],[-104.662891,39.245822],[-104.66303,39.249414],[-104.663184,39.255674],[-104.663202,39.289376],[-104.663211,39.303961],[-104.663192,39.333039],[-104.663195,39.343262],[-104.663258,39.350639],[-104.663198,39.362054],[-104.662897,39.390957],[-104.662839,39.395483],[-104.662703,39.408666],[-104.66269,39.409985],[-104.662644,39.419999],[-104.662729,39.427492],[-104.662666,39.434398],[-104.662806,39.449001],[-104.662398,39.456014],[-104.662306,39.463516],[-104.650292,39.463345],[-104.62787,39.463222],[-104.619785,39.463128],[-104.606159,39.462979],[-104.600137,39.462959],[-104.591886,39.462963],[-104.589149,39.462974],[-104.589023,39.477371],[-104.588881,39.492013],[-104.58879,39.50158],[-104.588422,39.521139],[-104.588159,39.535683],[-104.588102,39.53966],[-104.587953,39.548125],[-104.587794,39.556233],[-104.587676,39.563582],[-104.587669,39.564423],[-104.58766,39.565618],[-104.597423,39.565787],[-104.604842,39.56591],[-104.608424,39.565922],[-104.615216,39.565912],[-104.623162,39.56592],[-104.634824,39.565899],[-104.642125,39.56589],[-104.660626,39.565909],[-104.664122,39.565913],[-104.672805,39.565923],[-104.674568,39.565928],[-104.679311,39.5659],[-104.679324,39.565631],[-104.679447,39.562176],[-104.679556,39.553849],[-104.680541,39.555001],[-104.682216,39.5556],[-104.683869,39.555062],[-104.689127,39.554766],[-104.690333,39.555677],[-104.69145,39.555524],[-104.691354,39.550817],[-104.692462,39.550823],[-104.69422,39.550866],[-104.698439,39.550934],[-104.700755,39.550963],[-104.703079,39.550989],[-104.704938,39.551037],[-104.707231,39.55095],[-104.707212,39.54358],[-104.707059,39.536703],[-104.717839,39.536788],[-104.717803,39.522152],[-104.715858,39.52225],[-104.713791,39.522969],[-104.714085,39.522059],[-104.715712,39.521347],[-104.715879,39.518634],[-104.718192,39.518603],[-104.718199,39.514886],[-104.70848,39.51478],[-104.708522,39.512506],[-104.708545,39.510912],[-104.708602,39.507536],[-104.708947,39.507536],[-104.713221,39.507539],[-104.713375,39.494495],[-104.713379,39.493018],[-104.715455,39.493047],[-104.718362,39.49307],[-104.718445,39.485813],[-104.722899,39.485802],[-104.723524,39.486405],[-104.724408,39.487118],[-104.725808,39.488016],[-104.726664,39.488461],[-104.727745,39.488921],[-104.727744,39.488841],[-104.72905,39.489073],[-104.732311,39.489109],[-104.734717,39.489841],[-104.73624,39.490837],[-104.736379,39.490885],[-104.737012,39.491099],[-104.737056,39.491114],[-104.737072,39.49112],[-104.737071,39.491143],[-104.737071,39.491158],[-104.73707,39.491249],[-104.737252,39.491307],[-104.737463,39.491367],[-104.737634,39.491414],[-104.737879,39.491475],[-104.738151,39.491536],[-104.738324,39.491575],[-104.738562,39.491616],[-104.738756,39.491648],[-104.738933,39.491673],[-104.739156,39.4917],[-104.739346,39.49172],[-104.739562,39.49174],[-104.739683,39.49175],[-104.745062,39.492417],[-104.746943,39.492984],[-104.748493,39.492988],[-104.748989,39.491778],[-104.751226,39.49255],[-104.751349,39.478522],[-104.751348,39.478421],[-104.753342,39.478393],[-104.754501,39.478384],[-104.755911,39.478389],[-104.756057,39.478394],[-104.757008,39.478398],[-104.757654,39.4784],[-104.757674,39.4784],[-104.75787,39.478396],[-104.7581,39.478394],[-104.758751,39.474954],[-104.758869,39.471318],[-104.761077,39.471321],[-104.76213,39.469423],[-104.76397,39.469169],[-104.763946,39.467679],[-104.765459,39.467678],[-104.765456,39.469358],[-104.765455,39.470599],[-104.765465,39.478442],[-104.768645,39.478408],[-104.768854,39.478413],[-104.771711,39.478411],[-104.772258,39.47841],[-104.772266,39.478534],[-104.77479,39.478526],[-104.775246,39.480783],[-104.776955,39.482491],[-104.777251,39.485092],[-104.775663,39.487742],[-104.77483,39.489347],[-104.77477,39.493075],[-104.774892,39.494308],[-104.77643,39.495566],[-104.777285,39.496444],[-104.777311,39.499404],[-104.777339,39.501704],[-104.777365,39.504673],[-104.777652,39.506442],[-104.777821,39.506929],[-104.778562,39.50743],[-104.779022,39.507574],[-104.783417,39.507575],[-104.783824,39.507722],[-104.784185,39.507584],[-104.788698,39.507578],[-104.79362,39.507635],[-104.793615,39.507514],[-104.793615,39.50495],[-104.793673,39.502736],[-104.793829,39.499576],[-104.793813,39.496956],[-104.793806,39.494343],[-104.793799,39.492985],[-104.796805,39.493085],[-104.801585,39.492979],[-104.80232,39.495234],[-104.80409,39.497471],[-104.808285,39.50064],[-104.81172,39.503129],[-104.81218,39.501735],[-104.812189,39.50081],[-104.812194,39.500287],[-104.812217,39.49822],[-104.812261,39.492389],[-104.812732,39.492649],[-104.813167,39.492991],[-104.814409,39.494202],[-104.815713,39.495372],[-104.816552,39.496304],[-104.817904,39.497642],[-104.818969,39.498561],[-104.82061,39.499446],[-104.823306,39.500263],[-104.826688,39.500397],[-104.828323,39.500458],[-104.830776,39.499879],[-104.834294,39.498098],[-104.83885,39.497282],[-104.841952,39.496302],[-104.845826,39.49605],[-104.849365,39.49603],[-104.849271,39.507676],[-104.849154,39.50773],[-104.851722,39.507736],[-104.863767,39.507751],[-104.866752,39.507751],[-104.871415,39.507738],[-104.872115,39.507736],[-104.872378,39.507734],[-104.872524,39.507446],[-104.874055,39.50441],[-104.874537,39.502268],[-104.874614,39.501023],[-104.873124,39.490441],[-104.87256,39.485342],[-104.872554,39.478307],[-104.872749,39.472098],[-104.873498,39.472161],[-104.874762,39.472222],[-104.87518,39.472246],[-104.875411,39.473165],[-104.876404,39.472933],[-104.876907,39.472423],[-104.876993,39.472316],[-104.877266,39.471137],[-104.878077,39.471023],[-104.878304,39.472201],[-104.880699,39.470793],[-104.881012,39.470491],[-104.882799,39.469339],[-104.884293,39.469052],[-104.887234,39.469635],[-104.891442,39.471672],[-104.893041,39.471792],[-104.894368,39.471737],[-104.894496,39.476355],[-104.893638,39.477888],[-104.8921,39.478255],[-104.895304,39.48296],[-104.895981,39.483953],[-104.899364,39.488908],[-104.899389,39.488672],[-104.899927,39.487821],[-104.901903,39.486934],[-104.902391,39.487509],[-104.902828,39.487184],[-104.903428,39.486306],[-104.906421,39.484151],[-104.908623,39.482828],[-104.910449,39.480618],[-104.911844,39.478237],[-104.911709,39.474476],[-104.912873,39.473855],[-104.914606,39.473149],[-104.914612,39.473],[-104.917728,39.471954],[-104.916903,39.471387],[-104.914742,39.470518],[-104.913884,39.466915],[-104.914438,39.465011],[-104.913812,39.463569],[-104.913794,39.458821],[-104.914426,39.456287],[-104.914411,39.453775],[-104.914529,39.452962],[-104.915831,39.451425],[-104.916036,39.450885],[-104.915971,39.450291],[-104.915679,39.44936],[-104.915242,39.448092],[-104.91464,39.446995],[-104.914544,39.446494],[-104.914536,39.444202],[-104.914593,39.442603],[-104.914712,39.441102],[-104.914885,39.438329],[-104.914554,39.435234],[-104.914583,39.43375],[-104.914778,39.429738],[-104.917826,39.430413],[-104.923868,39.430799],[-104.9239,39.427541],[-104.923876,39.426543],[-104.923877,39.42622],[-104.923887,39.421452],[-104.923889,39.42023],[-104.923903,39.41288],[-104.923917,39.405594],[-104.922781,39.405748],[-104.920682,39.405876],[-104.920729,39.402184],[-104.919229,39.402134],[-104.919214,39.397429],[-104.919173,39.390818],[-104.919164,39.384056],[-104.914495,39.384052],[-104.914487,39.37688],[-104.905148,39.376904],[-104.905047,39.373361],[-104.893823,39.37313],[-104.888203,39.373108],[-104.888007,39.373107],[-104.885731,39.375682],[-104.885469,39.375913],[-104.88485,39.376372],[-104.884375,39.376607],[-104.883217,39.377107],[-104.882575,39.377414],[-104.881717,39.377896],[-104.880355,39.378729],[-104.878479,39.3799],[-104.878237,39.380014],[-104.877798,39.380148],[-104.877333,39.380203],[-104.874559,39.380307],[-104.871595,39.380308],[-104.869518,39.380309],[-104.867796,39.380281],[-104.865891,39.38025],[-104.863909,39.380244],[-104.863104,39.380243],[-104.862392,39.380232],[-104.860729,39.380203],[-104.860994,39.379191],[-104.863117,39.374433],[-104.864659,39.369295],[-104.86562,39.366476],[-104.865881,39.365683],[-104.867318,39.360941],[-104.8684,39.357736],[-104.870885,39.35285],[-104.872014,39.35024],[-104.876125,39.338931],[-104.887819,39.306385],[-104.890714,39.29846],[-104.891475,39.297015],[-104.895304,39.290307],[-104.895816,39.289036],[-104.897766,39.277269],[-104.897789,39.275781],[-104.89718,39.271237],[-104.896345,39.267686],[-104.894938,39.264269],[-104.891855,39.259146],[-104.884987,39.249825],[-104.882913,39.247442],[-104.880756,39.245591],[-104.878536,39.24331],[-104.878403,39.243085],[-104.878234,39.242801],[-104.87804,39.242394],[-104.877975,39.242257],[-104.877935,39.242156],[-104.8779,39.242067],[-104.877796,39.241802],[-104.877773,39.241743],[-104.877764,39.241713],[-104.877648,39.241308],[-104.877645,39.241296],[-104.87761,39.241115],[-104.877559,39.240851],[-104.877545,39.240778],[-104.877486,39.240255],[-104.877482,39.24001],[-104.877477,39.239577],[-104.877463,39.238567],[-104.877433,39.236203],[-104.877433,39.235539],[-104.877435,39.234863],[-104.877453,39.23453],[-104.877497,39.233731],[-104.877513,39.233454],[-104.877644,39.232344],[-104.877755,39.231345],[-104.877766,39.23125],[-104.877808,39.230842],[-104.877854,39.230552],[-104.877937,39.229912],[-104.878075,39.228865],[-104.878185,39.227992],[-104.878267,39.227352],[-104.878283,39.227211],[-104.878332,39.226791],[-104.878349,39.226652],[-104.878436,39.225904],[-104.878507,39.225376],[-104.878627,39.224502],[-104.878774,39.223352],[-104.878903,39.222181],[-104.878924,39.221591],[-104.878922,39.221546],[-104.878901,39.221007],[-104.87881,39.220479],[-104.878758,39.220276],[-104.878745,39.22021],[-104.878693,39.22002],[-104.878677,39.219957],[-104.87856,39.21959],[-104.878423,39.219238],[-104.878239,39.218814],[-104.878021,39.218391],[-104.877899,39.218203],[-104.877797,39.218015],[-104.877504,39.217628],[-104.877186,39.217238],[-104.877012,39.217024],[-104.876374,39.216386],[-104.875553,39.215691],[-104.874181,39.214482],[-104.873703,39.214081],[-104.873444,39.213893],[-104.873237,39.213742],[-104.872702,39.213362],[-104.870452,39.211966],[-104.868199,39.210627],[-104.867868,39.210434],[-104.86591,39.209297],[-104.864824,39.20866],[-104.86375,39.208003],[-104.863393,39.207792],[-104.863059,39.20758],[-104.86207,39.207002],[-104.860712,39.206178],[-104.860352,39.205926],[-104.860104,39.20573],[-104.85986,39.205523],[-104.859496,39.205204],[-104.859173,39.204877],[-104.858872,39.204536],[-104.858605,39.204196],[-104.857951,39.203191],[-104.857309,39.202177],[-104.856711,39.201264],[-104.85614,39.200352],[-104.855985,39.2001],[-104.855876,39.199924],[-104.855011,39.198585],[-104.854981,39.198538],[-104.854357,39.197559],[-104.853441,39.196143],[-104.853304,39.195907],[-104.853127,39.195632],[-104.852875,39.195226],[-104.852617,39.194876],[-104.852072,39.193916],[-104.851753,39.193289],[-104.851463,39.192663],[-104.851298,39.192263],[-104.851159,39.191857],[-104.851074,39.191557],[-104.851053,39.191495],[-104.850855,39.190861],[-104.850656,39.190098],[-104.850562,39.189547],[-104.850527,39.189198],[-104.850499,39.1887],[-104.850469,39.188037],[-104.850455,39.187711],[-104.850237,39.176562],[-104.850836,39.17237],[-104.851589,39.169771],[-104.857653,39.153541],[-104.858684,39.151082],[-104.861634,39.142652],[-104.862193,39.140231],[-104.863922,39.129791],[-104.867682,39.12982],[-104.879511,39.12983],[-104.89503,39.129857],[-104.895977,39.129858],[-104.895844,39.114356],[-104.895732,39.114295],[-104.889214,39.110501],[-104.88707,39.11019],[-104.883293,39.110485],[-104.881544,39.110391],[-104.880006,39.109493],[-104.87788,39.107623],[-104.874071,39.107527],[-104.872495,39.107585],[-104.872588,39.103944],[-104.875825,39.103815],[-104.874123,39.103751],[-104.872665,39.102094],[-104.867959,39.102235],[-104.867808,39.109713],[-104.867737,39.112223],[-104.865656,39.112198],[-104.865534,39.112198],[-104.864771,39.105542],[-104.863923,39.097403],[-104.863668,39.095957],[-104.862762,39.092288],[-104.862236,39.08995],[-104.860766,39.0838],[-104.859484,39.078422],[-104.857967,39.072035],[-104.856232,39.064981],[-104.855156,39.062719],[-104.853182,39.059438],[-104.851528,39.05662],[-104.849645,39.053541],[-104.849714,39.053626],[-104.849586,39.052538],[-104.849726,39.050622],[-104.849723,39.049448],[-104.849707,39.045018],[-104.849695,39.042446],[-104.850101,39.042441],[-104.84984,39.042068],[-104.843697,39.042111],[-104.843862,39.04236],[-104.842963,39.042346],[-104.842692,39.042346],[-104.840786,39.04233],[-104.840351,39.041615],[-104.833049,39.029601],[-104.831217,39.027303],[-104.831146,39.02718],[-104.83052,39.025931],[-104.831893,39.024221],[-104.833165,39.026308],[-104.834828,39.025714],[-104.830449,39.018384],[-104.827502,39.01398],[-104.824397,39.0094],[-104.821666,39.005925],[-104.82111,39.006087],[-104.81973,39.003773],[-104.818632,39.001811],[-104.814566,38.990753],[-104.812498,38.985048],[-104.81093,38.981839],[-104.8058,38.971555],[-104.801541,38.96293],[-104.800954,38.960981],[-104.800934,38.959251],[-104.802242,38.956136],[-104.80421,38.954228],[-104.807411,38.952262],[-104.810518,38.950409],[-104.812772,38.948162],[-104.813561,38.946587],[-104.813878,38.943985],[-104.813313,38.941098],[-104.813091,38.940179],[-104.812401,38.937044],[-104.812451,38.932943],[-104.812851,38.932955],[-104.815106,38.93298],[-104.815866,38.932971],[-104.8183,38.93232],[-104.818719,38.932066],[-104.820208,38.930862],[-104.821387,38.929896],[-104.821991,38.929625],[-104.82283,38.929472],[-104.823888,38.929427],[-104.824089,38.929418],[-104.824695,38.929394],[-104.824897,38.929387],[-104.825153,38.929381],[-104.825565,38.929373],[-104.82589,38.929409],[-104.825922,38.929414],[-104.826175,38.92946],[-104.826462,38.929511],[-104.827055,38.929606],[-104.827127,38.929609],[-104.827566,38.929632],[-104.827966,38.929613],[-104.828466,38.929539],[-104.829017,38.929367],[-104.829638,38.9291],[-104.829901,38.928968],[-104.830262,38.928788],[-104.830644,38.928631],[-104.830783,38.928579],[-104.830706,38.928445],[-104.829506,38.926463],[-104.828981,38.925717],[-104.82802,38.92437],[-104.827474,38.922434],[-104.827534,38.921913],[-104.826436,38.921997],[-104.824576,38.921181],[-104.821709,38.919229],[-104.820856,38.919127],[-104.820564,38.919029],[-104.82223,38.913492],[-104.821107,38.912532],[-104.818228,38.914728],[-104.817832,38.914714],[-104.816805,38.915216],[-104.815153,38.917348],[-104.814656,38.919428],[-104.815916,38.911752],[-104.816053,38.910963],[-104.816136,38.910482],[-104.816178,38.910243],[-104.81646,38.908557],[-104.816277,38.906761],[-104.815992,38.90663],[-104.816532,38.903858],[-104.817063,38.900215],[-104.817741,38.897649],[-104.815065,38.897875],[-104.812555,38.897859],[-104.809686,38.897823],[-104.807595,38.897054],[-104.806961,38.896178],[-104.806385,38.893559],[-104.804634,38.891557],[-104.803388,38.891312],[-104.800339,38.891259],[-104.797948,38.890488],[-104.795882,38.889799],[-104.7949,38.889434],[-104.790601,38.887812],[-104.788967,38.887886],[-104.786961,38.88901],[-104.785653,38.889188],[-104.785657,38.88904],[-104.785663,38.88882],[-104.785724,38.888399],[-104.785756,38.888217],[-104.785915,38.887862],[-104.786026,38.887696],[-104.7872,38.886428],[-104.787611,38.885976],[-104.790231,38.883105],[-104.790769,38.882778],[-104.791202,38.882595],[-104.792057,38.882384],[-104.792171,38.882351],[-104.792759,38.882182],[-104.793225,38.88198],[-104.793491,38.881832],[-104.793777,38.881657],[-104.793979,38.881496],[-104.794189,38.881262],[-104.794534,38.880759],[-104.7946,38.880644],[-104.79467,38.880522],[-104.794742,38.880397],[-104.795241,38.879433],[-104.795383,38.879104],[-104.795458,38.87867],[-104.795443,38.878341],[-104.795361,38.877514],[-104.795344,38.877318],[-104.795333,38.877199],[-104.795315,38.877005],[-104.794871,38.873693],[-104.792966,38.873795],[-104.79212,38.873713],[-104.791334,38.873517],[-104.790407,38.873005],[-104.78983,38.872511],[-104.789904,38.872408],[-104.790251,38.872109],[-104.790728,38.871899],[-104.79112,38.871719],[-104.791548,38.871444],[-104.791821,38.871124],[-104.792103,38.87078],[-104.792411,38.870486],[-104.792805,38.870216],[-104.792347,38.869805],[-104.791976,38.867796],[-104.79248,38.867797],[-104.792997,38.867794],[-104.794143,38.867759],[-104.794847,38.867764],[-104.795384,38.867768],[-104.795887,38.867772],[-104.79638,38.86778],[-104.796867,38.86778],[-104.797384,38.867782],[-104.797388,38.865972],[-104.797387,38.865555],[-104.797685,38.86343],[-104.797769,38.863268],[-104.795522,38.862361],[-104.794172,38.861788],[-104.794172,38.861461],[-104.794205,38.856863],[-104.794203,38.855414],[-104.794201,38.854116],[-104.794209,38.853587],[-104.794213,38.85334],[-104.794218,38.85299],[-104.794221,38.852811],[-104.794218,38.851338],[-104.79422,38.850658],[-104.794208,38.850255],[-104.794198,38.849718],[-104.794895,38.849731],[-104.795625,38.849744],[-104.79625,38.84976],[-104.796878,38.849788],[-104.797402,38.849811],[-104.797881,38.849824],[-104.798176,38.849847],[-104.798387,38.849858],[-104.79887,38.849882],[-104.798995,38.847126],[-104.798517,38.847104],[-104.798014,38.847094],[-104.797515,38.847083],[-104.797022,38.847069],[-104.796258,38.847051],[-104.795488,38.847031],[-104.795571,38.845655],[-104.795642,38.844273],[-104.794903,38.844249],[-104.794269,38.844227],[-104.794275,38.843625],[-104.794275,38.842287],[-104.794285,38.840949],[-104.794353,38.839671],[-104.794397,38.83863],[-104.794459,38.837181],[-104.79453,38.83577],[-104.794618,38.834389],[-104.794709,38.832941],[-104.794924,38.828933],[-104.795109,38.826245],[-104.794478,38.825178],[-104.794351,38.823491],[-104.794264,38.821189],[-104.793881,38.820871],[-104.792422,38.819612],[-104.79222,38.818983],[-104.79219,38.817287],[-104.790835,38.8173],[-104.789825,38.817317],[-104.78649,38.817342],[-104.785103,38.817356],[-104.780628,38.8175],[-104.780606,38.817102],[-104.780587,38.816943],[-104.780555,38.816737],[-104.780321,38.815522],[-104.78026,38.810535],[-104.7803,38.808229],[-104.780083,38.808282],[-104.779176,38.808267],[-104.777679,38.80794],[-104.776795,38.807532],[-104.775929,38.807131],[-104.775045,38.806731],[-104.775578,38.805722],[-104.774102,38.804294],[-104.773131,38.804571],[-104.772182,38.804843],[-104.7712,38.805118],[-104.770266,38.805345],[-104.769262,38.805492],[-104.768108,38.80566],[-104.765275,38.805948],[-104.763274,38.807189],[-104.762978,38.806924],[-104.762625,38.806625],[-104.762283,38.806366],[-104.761882,38.806123],[-104.760808,38.805547],[-104.75915,38.804948],[-104.757538,38.804873],[-104.757552,38.802232],[-104.757556,38.80076],[-104.757558,38.799925],[-104.75756,38.798856],[-104.757561,38.798781],[-104.757579,38.796408],[-104.757504,38.796408],[-104.755955,38.796431],[-104.755466,38.794773],[-104.755106,38.794132],[-104.753936,38.794203],[-104.753183,38.794208],[-104.752243,38.794214],[-104.750235,38.794218],[-104.749621,38.794716],[-104.747346,38.794045],[-104.746085,38.794407],[-104.742429,38.794775],[-104.742539,38.795488],[-104.742814,38.797511],[-104.741438,38.797639],[-104.74115,38.797684],[-104.740568,38.797813],[-104.737867,38.798576],[-104.734587,38.798901],[-104.73288,38.798909],[-104.73238,38.798905],[-104.730372,38.798891],[-104.730311,38.806069],[-104.730307,38.806271],[-104.730247,38.813936],[-104.729849,38.816221],[-104.726287,38.822371],[-104.724897,38.824615],[-104.724669,38.824605],[-104.724661,38.824644],[-104.721885,38.824499],[-104.720252,38.82566],[-104.720267,38.823648],[-104.720328,38.817422],[-104.704617,38.817402],[-104.69968,38.817396],[-104.691902,38.817398],[-104.691896,38.817196],[-104.691895,38.817172],[-104.683998,38.817155],[-104.682758,38.817154],[-104.682759,38.817373],[-104.68288,38.82341],[-104.682888,38.823682],[-104.682914,38.824583],[-104.68289,38.825439],[-104.682774,38.826397],[-104.682778,38.838154],[-104.682777,38.838283],[-104.682785,38.841467],[-104.678871,38.840903],[-104.669755,38.839027],[-104.651407,38.836018],[-104.651238,38.835991],[-104.651014,38.835955],[-104.644258,38.834877],[-104.641046,38.835207],[-104.63134,38.838624],[-104.629055,38.838923],[-104.617361,38.838838],[-104.610045,38.838758],[-104.605933,38.838738],[-104.596323,38.838627],[-104.590959,38.838588],[-104.571923,38.83846],[-104.568614,38.838712],[-104.553638,38.838583],[-104.553846,38.850603],[-104.553856,38.850883],[-104.553863,38.851073],[-104.553859,38.851724],[-104.553859,38.85177],[-104.553865,38.852005],[-104.553871,38.853356],[-104.554042,38.867547],[-104.553904,38.872852],[-104.553763,38.877458],[-104.553587,38.890889],[-104.553467,38.896386],[-104.553125,38.910849],[-104.553033,38.919629],[-104.552924,38.925309],[-104.552733,38.937521],[-104.552696,38.947509],[-104.552675,38.954902],[-104.559978,38.954959],[-104.570495,38.95502],[-104.578243,38.955068],[-104.572181,38.959725],[-104.561789,38.967436],[-104.559976,38.968777],[-104.559168,38.96937],[-104.55329,38.973739],[-104.553563,38.980461],[-104.569104,38.980492],[-104.568881,38.981833],[-104.569315,38.98522],[-104.568754,38.986994],[-104.565367,38.991368],[-104.562754,38.996924],[-104.562483,38.998162],[-104.562688,39.001474],[-104.561473,39.005903],[-104.56168,39.007243],[-104.563966,39.012848],[-104.565331,39.016162],[-104.566497,39.023665],[-104.571352,39.023745],[-104.571393,39.027467],[-104.57581,39.02748],[-104.575643,39.030905],[-104.58856,39.030928],[-104.589819,39.030962],[-104.589809,39.032948],[-104.592907,39.033011],[-104.594433,39.032375],[-104.594834,39.029298],[-104.599041,39.029433],[-104.599079,39.0277],[-104.607474,39.027833],[-104.607534,39.020549],[-104.619096,39.020414],[-104.625964,39.020461],[-104.626009,39.042258],[-104.617012,39.042367],[-104.607463,39.042751],[-104.607418,39.048428],[-104.607389,39.054225],[-104.607377,39.057013],[-104.607355,39.062647],[-104.607348,39.063448],[-104.607348,39.064136],[-104.62585,39.064089],[-104.640681,39.06402],[-104.644566,39.064017],[-104.644476,39.071265],[-104.644398,39.077582],[-104.644349,39.078225],[-104.644206,39.089185],[-104.644009,39.103702],[-104.644172,39.129528],[-104.645089,39.129526],[-104.657268,39.129516],[-104.65987,39.12952],[-104.662896,39.129527]]]]}},{"type":"Feature","properties":{"id":8,"NAME":"8","text-color":"#000000","text-size":16,"labelx":-105.123811,"labely":39.609938,"TotalPop":526489,"PopDevPct":0.00305956,"DemPct":0.51073575,"RepPct":0.44969955,"WhitePct":0.71555756,"MinorityPct":0.28444244,"BlackPct":0.02217634,"HispanicPct":0.17936265,"PacificPct":0.00237183,"AsianPct":0.05773901,"NativePct":0.03061032,"TotalVAP":407281,"Margin":0.01073575,"color":"#8d8dff","opacity":"0.5"},"geometry":{"type":"MultiPolygon","coordinates":[[[[-105.011697,39.523033],[-105.011728,39.521771],[-104.999057,39.52177],[-104.998846,39.513319],[-104.994961,39.510546],[-104.992186,39.511355],[-104.989044,39.513855],[-104.98791,39.515872],[-104.986095,39.516139],[-104.98578,39.516195],[-104.98427,39.516594],[-104.983945,39.5167],[-104.983225,39.516948],[-104.981957,39.517197],[-104.981242,39.517571],[-104.980783,39.517777],[-104.980288,39.517871],[-104.97968,39.517792],[-104.978068,39.517447],[-104.976184,39.517045],[-104.973741,39.516087],[-104.968684,39.516158],[-104.966042,39.515073],[-104.964093,39.514791],[-104.960921,39.515353],[-104.961096,39.513317],[-104.958071,39.513407],[-104.946846,39.513745],[-104.942154,39.513886],[-104.942168,39.514146],[-104.933751,39.514284],[-104.933128,39.514299],[-104.929913,39.514369],[-104.928026,39.514379],[-104.925262,39.514429],[-104.919477,39.51447],[-104.913795,39.514452],[-104.913819,39.519652],[-104.913553,39.521909],[-104.905829,39.521945],[-104.904456,39.522004],[-104.904371,39.520871],[-104.903714,39.516628],[-104.904114,39.51587],[-104.904684,39.51614],[-104.90484,39.516214],[-104.904601,39.514884],[-104.904799,39.512182],[-104.90426,39.509123],[-104.905288,39.509327],[-104.907207,39.511293],[-104.909118,39.511681],[-104.909144,39.50741],[-104.908593,39.506946],[-104.906566,39.506839],[-104.904863,39.507401],[-104.905117,39.493947],[-104.906501,39.493263],[-104.911405,39.493239],[-104.91381,39.493209],[-104.915029,39.493914],[-104.915859,39.49321],[-104.924634,39.493259],[-104.926819,39.494156],[-104.927015,39.492974],[-104.928282,39.492957],[-104.926966,39.492742],[-104.927815,39.486818],[-104.925234,39.484174],[-104.924369,39.482777],[-104.924614,39.480995],[-104.922067,39.474091],[-104.921257,39.473083],[-104.918708,39.472548],[-104.917169,39.473051],[-104.917728,39.471954],[-104.914612,39.473],[-104.914606,39.473149],[-104.912873,39.473855],[-104.911709,39.474476],[-104.911844,39.478237],[-104.910449,39.480618],[-104.908623,39.482828],[-104.906421,39.484151],[-104.903428,39.486306],[-104.902828,39.487184],[-104.902391,39.487509],[-104.901903,39.486934],[-104.899927,39.487821],[-104.899389,39.488672],[-104.899364,39.488908],[-104.895981,39.483953],[-104.895304,39.48296],[-104.8921,39.478255],[-104.893638,39.477888],[-104.894496,39.476355],[-104.894368,39.471737],[-104.893041,39.471792],[-104.891442,39.471672],[-104.887234,39.469635],[-104.884293,39.469052],[-104.882799,39.469339],[-104.881012,39.470491],[-104.880699,39.470793],[-104.878304,39.472201],[-104.878077,39.471023],[-104.877266,39.471137],[-104.876993,39.472316],[-104.876907,39.472423],[-104.876404,39.472933],[-104.875411,39.473165],[-104.87518,39.472246],[-104.874762,39.472222],[-104.873498,39.472161],[-104.872749,39.472098],[-104.872554,39.478307],[-104.87256,39.485342],[-104.873124,39.490441],[-104.874614,39.501023],[-104.874537,39.502268],[-104.874055,39.50441],[-104.872524,39.507446],[-104.872378,39.507734],[-104.872115,39.507736],[-104.871415,39.507738],[-104.866752,39.507751],[-104.863767,39.507751],[-104.851722,39.507736],[-104.849154,39.50773],[-104.849271,39.507676],[-104.849365,39.49603],[-104.845826,39.49605],[-104.841952,39.496302],[-104.83885,39.497282],[-104.834294,39.498098],[-104.830776,39.499879],[-104.828323,39.500458],[-104.826688,39.500397],[-104.823306,39.500263],[-104.82061,39.499446],[-104.818969,39.498561],[-104.817904,39.497642],[-104.816552,39.496304],[-104.815713,39.495372],[-104.814409,39.494202],[-104.813167,39.492991],[-104.812732,39.492649],[-104.812261,39.492389],[-104.812217,39.49822],[-104.812194,39.500287],[-104.812189,39.50081],[-104.81218,39.501735],[-104.81172,39.503129],[-104.808285,39.50064],[-104.80409,39.497471],[-104.80232,39.495234],[-104.801585,39.492979],[-104.796805,39.493085],[-104.793799,39.492985],[-104.793806,39.494343],[-104.793813,39.496956],[-104.793829,39.499576],[-104.793673,39.502736],[-104.793615,39.50495],[-104.793615,39.507514],[-104.79362,39.507635],[-104.788698,39.507578],[-104.784185,39.507584],[-104.783824,39.507722],[-104.783417,39.507575],[-104.779022,39.507574],[-104.778562,39.50743],[-104.777821,39.506929],[-104.777652,39.506442],[-104.777365,39.504673],[-104.777339,39.501704],[-104.777311,39.499404],[-104.777285,39.496444],[-104.77643,39.495566],[-104.774892,39.494308],[-104.77477,39.493075],[-104.77483,39.489347],[-104.775663,39.487742],[-104.777251,39.485092],[-104.776955,39.482491],[-104.775246,39.480783],[-104.77479,39.478526],[-104.772266,39.478534],[-104.772258,39.47841],[-104.771711,39.478411],[-104.768854,39.478413],[-104.768645,39.478408],[-104.765465,39.478442],[-104.765455,39.470599],[-104.765456,39.469358],[-104.765459,39.467678],[-104.763946,39.467679],[-104.76397,39.469169],[-104.76213,39.469423],[-104.761077,39.471321],[-104.758869,39.471318],[-104.758751,39.474954],[-104.7581,39.478394],[-104.75787,39.478396],[-104.757674,39.4784],[-104.757654,39.4784],[-104.757008,39.478398],[-104.756057,39.478394],[-104.755911,39.478389],[-104.754501,39.478384],[-104.753342,39.478393],[-104.751348,39.478421],[-104.751349,39.478522],[-104.751226,39.49255],[-104.748989,39.491778],[-104.748493,39.492988],[-104.746943,39.492984],[-104.745062,39.492417],[-104.739683,39.49175],[-104.739562,39.49174],[-104.739346,39.49172],[-104.739156,39.4917],[-104.738933,39.491673],[-104.738756,39.491648],[-104.738562,39.491616],[-104.738324,39.491575],[-104.738151,39.491536],[-104.737879,39.491475],[-104.737634,39.491414],[-104.737463,39.491367],[-104.737252,39.491307],[-104.73707,39.491249],[-104.737071,39.491158],[-104.737071,39.491143],[-104.737072,39.49112],[-104.737056,39.491114],[-104.737012,39.491099],[-104.736379,39.490885],[-104.73624,39.490837],[-104.734717,39.489841],[-104.732311,39.489109],[-104.72905,39.489073],[-104.727744,39.488841],[-104.727745,39.488921],[-104.726664,39.488461],[-104.725808,39.488016],[-104.724408,39.487118],[-104.723524,39.486405],[-104.722899,39.485802],[-104.718445,39.485813],[-104.718362,39.49307],[-104.715455,39.493047],[-104.713379,39.493018],[-104.713375,39.494495],[-104.713221,39.507539],[-104.708947,39.507536],[-104.708602,39.507536],[-104.708545,39.510912],[-104.708522,39.512506],[-104.70848,39.51478],[-104.718199,39.514886],[-104.718192,39.518603],[-104.715879,39.518634],[-104.715712,39.521347],[-104.714085,39.522059],[-104.713791,39.522969],[-104.715858,39.52225],[-104.717803,39.522152],[-104.717839,39.536788],[-104.707059,39.536703],[-104.707212,39.54358],[-104.707231,39.55095],[-104.704938,39.551037],[-104.703079,39.550989],[-104.700755,39.550963],[-104.698439,39.550934],[-104.69422,39.550866],[-104.692462,39.550823],[-104.691354,39.550817],[-104.69145,39.555524],[-104.690333,39.555677],[-104.689127,39.554766],[-104.683869,39.555062],[-104.682216,39.5556],[-104.680541,39.555001],[-104.679556,39.553849],[-104.679447,39.562176],[-104.679324,39.565631],[-104.679311,39.5659],[-104.679509,39.5659],[-104.681544,39.565988],[-104.686759,39.565988],[-104.689,39.565903],[-104.690684,39.565902],[-104.692648,39.5659],[-104.707024,39.565897],[-104.707023,39.565988],[-104.707252,39.565988],[-104.707362,39.565988],[-104.707781,39.565988],[-104.70959,39.565898],[-104.717695,39.565897],[-104.718145,39.565895],[-104.725488,39.565888],[-104.73584,39.565888],[-104.736628,39.565888],[-104.739438,39.565935],[-104.744392,39.565994],[-104.745929,39.566022],[-104.746043,39.566025],[-104.749837,39.566088],[-104.765594,39.566089],[-104.76607,39.566089],[-104.774445,39.566088],[-104.774438,39.565848],[-104.774439,39.563379],[-104.774427,39.561835],[-104.774422,39.561205],[-104.774422,39.561188],[-104.774428,39.561178],[-104.774428,39.561162],[-104.774429,39.561092],[-104.774334,39.561106],[-104.774177,39.561127],[-104.774027,39.561139],[-104.770355,39.560516],[-104.770076,39.560426],[-104.768198,39.558882],[-104.76585,39.558873],[-104.764814,39.558821],[-104.764463,39.557254],[-104.765789,39.557005],[-104.765401,39.555127],[-104.765395,39.555276],[-104.764536,39.554904],[-104.764606,39.554822],[-104.764649,39.554774],[-104.764668,39.554783],[-104.764709,39.554037],[-104.763666,39.552983],[-104.763189,39.551662],[-104.760123,39.55203],[-104.758813,39.550475],[-104.761066,39.549668],[-104.761493,39.549026],[-104.761093,39.547224],[-104.761932,39.545473],[-104.761943,39.544338],[-104.761945,39.544118],[-104.755827,39.544131],[-104.755811,39.542174],[-104.755798,39.539578],[-104.755478,39.539353],[-104.755794,39.538929],[-104.755765,39.536592],[-104.755537,39.536592],[-104.75554,39.536252],[-104.755761,39.536252],[-104.755807,39.534646],[-104.755723,39.533647],[-104.758209,39.533287],[-104.758576,39.53303],[-104.761332,39.532597],[-104.761973,39.533101],[-104.763269,39.533061],[-104.763554,39.532035],[-104.762393,39.531608],[-104.761878,39.528547],[-104.759087,39.528652],[-104.758953,39.527698],[-104.759306,39.526899],[-104.759193,39.525384],[-104.757647,39.525977],[-104.755734,39.525963],[-104.755718,39.525551],[-104.755733,39.522269],[-104.755738,39.521513],[-104.755737,39.521277],[-104.755734,39.520382],[-104.755815,39.517991],[-104.756161,39.518035],[-104.757208,39.518001],[-104.757558,39.51799],[-104.757615,39.517987],[-104.757789,39.517982],[-104.757848,39.517981],[-104.757915,39.517978],[-104.758118,39.517972],[-104.758186,39.51797],[-104.758357,39.517964],[-104.758643,39.517971],[-104.758713,39.517979],[-104.75884,39.517993],[-104.759004,39.518013],[-104.759171,39.518032],[-104.759672,39.518089],[-104.75984,39.518109],[-104.76017,39.518158],[-104.761163,39.518307],[-104.761431,39.518347],[-104.762761,39.518547],[-104.765019,39.518918],[-104.76523,39.518942],[-104.767437,39.518727],[-104.77075,39.518449],[-104.774572,39.518215],[-104.774758,39.518226],[-104.776864,39.518832],[-104.778514,39.519404],[-104.780285,39.519688],[-104.783072,39.519454],[-104.785577,39.517778],[-104.786755,39.519979],[-104.787996,39.522449],[-104.788776,39.522426],[-104.793356,39.522319],[-104.793534,39.522319],[-104.793599,39.522319],[-104.795773,39.522244],[-104.802737,39.522187],[-104.802745,39.522317],[-104.807048,39.522316],[-104.8063,39.526089],[-104.806825,39.526426],[-104.807056,39.526627],[-104.807985,39.527933],[-104.80846,39.529276],[-104.80753,39.531209],[-104.806823,39.532903],[-104.806615,39.533796],[-104.805894,39.534753],[-104.81046,39.536449],[-104.811131,39.536521],[-104.811834,39.536547],[-104.812879,39.53436],[-104.813116,39.532623],[-104.813111,39.527383],[-104.81309,39.522219],[-104.813143,39.519919],[-104.817952,39.520541],[-104.821695,39.521478],[-104.822692,39.521777],[-104.823873,39.522714],[-104.825241,39.524585],[-104.826893,39.526655],[-104.828154,39.528929],[-104.828883,39.529312],[-104.829198,39.529294],[-104.829376,39.529284],[-104.829919,39.529295],[-104.82992,39.52943],[-104.829976,39.535308],[-104.829928,39.535308],[-104.829935,39.536048],[-104.829932,39.536387],[-104.829969,39.536387],[-104.830003,39.536387],[-104.839588,39.536331],[-104.842958,39.536312],[-104.845829,39.536322],[-104.851809,39.536281],[-104.856556,39.536255],[-104.859456,39.536242],[-104.861237,39.536233],[-104.863274,39.536244],[-104.866391,39.536239],[-104.868251,39.53625],[-104.8685,39.536252],[-104.869806,39.550754],[-104.870519,39.555204],[-104.87053,39.55529],[-104.870544,39.555408],[-104.870549,39.555422],[-104.870553,39.555431],[-104.870554,39.55545],[-104.872366,39.565997],[-104.874043,39.566017],[-104.880051,39.565954],[-104.882826,39.565951],[-104.88571,39.565979],[-104.887588,39.565964],[-104.888861,39.565991],[-104.897067,39.565971],[-104.902204,39.565982],[-104.904175,39.565982],[-104.904415,39.565982],[-104.911872,39.566024],[-104.913831,39.566029],[-104.922963,39.566053],[-104.923018,39.56605],[-104.929106,39.566038],[-104.933212,39.566042],[-104.941705,39.566025],[-104.941883,39.566026],[-104.945072,39.566035],[-104.945959,39.566064],[-104.95026,39.566077],[-104.951697,39.566077],[-104.953404,39.566091],[-104.955644,39.566111],[-104.960469,39.566129],[-104.969867,39.566073],[-104.971802,39.566064],[-104.972816,39.566068],[-104.973255,39.566069],[-104.977449,39.566083],[-104.979187,39.566091],[-104.982365,39.566102],[-104.988529,39.566124],[-104.992793,39.566135],[-104.993299,39.566135],[-104.996368,39.566143],[-105.00128,39.56615],[-105.001712,39.567512],[-105.001997,39.568296],[-105.003701,39.568563],[-105.004611,39.568604],[-105.006208,39.569121],[-105.007227,39.569935],[-105.007582,39.570977],[-105.007354,39.573546],[-105.007369,39.574481],[-105.007373,39.575292],[-105.007233,39.576456],[-105.005734,39.577811],[-105.006236,39.57808],[-105.005527,39.579273],[-105.007139,39.580198],[-105.007153,39.580761],[-105.007144,39.581929],[-105.00715,39.582238],[-105.007166,39.583038],[-105.007128,39.584304],[-105.007024,39.591129],[-105.007021,39.5915],[-105.007013,39.592403],[-105.006999,39.593833],[-105.006987,39.595115],[-105.007003,39.596184],[-105.00814,39.596686],[-105.0093,39.59721],[-105.011736,39.598446],[-105.013878,39.599443],[-105.015765,39.600357],[-105.016311,39.600618],[-105.019651,39.602212],[-105.019682,39.602227],[-105.019738,39.602254],[-105.020187,39.60247],[-105.020382,39.604676],[-105.021122,39.608944],[-105.021152,39.610304],[-105.020723,39.613189],[-105.02095,39.61319],[-105.02518,39.613158],[-105.027832,39.612395],[-105.02911,39.611912],[-105.029572,39.611751],[-105.030758,39.611312],[-105.030901,39.611259],[-105.033985,39.610078],[-105.034988,39.609689],[-105.037448,39.60961],[-105.037831,39.60961],[-105.037895,39.609484],[-105.038952,39.609478],[-105.039663,39.608958],[-105.03974,39.606623],[-105.041281,39.606627],[-105.041304,39.606032],[-105.047904,39.606071],[-105.04857,39.606082],[-105.048669,39.600809],[-105.05382,39.600836],[-105.053816,39.600821],[-105.053741,39.598637],[-105.057061,39.59941],[-105.057215,39.599407],[-105.058282,39.599408],[-105.059483,39.599788],[-105.060341,39.599966],[-105.061428,39.599954],[-105.062418,39.599972],[-105.063441,39.599972],[-105.064411,39.599869],[-105.066101,39.599505],[-105.065684,39.601445],[-105.067169,39.601547],[-105.067237,39.602636],[-105.066732,39.603365],[-105.067665,39.603732],[-105.069832,39.603785],[-105.069918,39.604561],[-105.072635,39.604457],[-105.072568,39.60844],[-105.072532,39.609779],[-105.069684,39.609786],[-105.065911,39.6098],[-105.064196,39.609802],[-105.058915,39.609841],[-105.057017,39.609814],[-105.053625,39.609665],[-105.053641,39.613976],[-105.053659,39.614911],[-105.053655,39.615549],[-105.053553,39.617214],[-105.053516,39.620864],[-105.053516,39.620982],[-105.053483,39.624253],[-105.055809,39.624244],[-105.05578,39.625998],[-105.05344,39.627901],[-105.053457,39.629526],[-105.057477,39.632193],[-105.059297,39.634333],[-105.059423,39.636001],[-105.05914,39.637409],[-105.059138,39.638243],[-105.059045,39.63876],[-105.053342,39.63877],[-105.053273,39.639768],[-105.051943,39.639567],[-105.050356,39.639042],[-105.04917,39.638674],[-105.045304,39.638638],[-105.041519,39.638546],[-105.037253,39.638519],[-105.034707,39.638593],[-105.029998,39.638575],[-105.029929,39.640115],[-105.029926,39.640483],[-105.029979,39.642245],[-105.02998,39.642819],[-105.032797,39.642808],[-105.032815,39.643678],[-105.03466,39.643711],[-105.034649,39.645979],[-105.034646,39.646921],[-105.034641,39.648161],[-105.034603,39.649589],[-105.039361,39.649624],[-105.041259,39.649642],[-105.046207,39.649671],[-105.047771,39.649932],[-105.048025,39.647421],[-105.049069,39.646537],[-105.053031,39.645574],[-105.053291,39.645578],[-105.054004,39.645572],[-105.055122,39.645575],[-105.056238,39.645576],[-105.057484,39.645576],[-105.059611,39.64417],[-105.061287,39.64377],[-105.063375,39.644632],[-105.065106,39.644531],[-105.067056,39.643147],[-105.067885,39.643029],[-105.068833,39.644004],[-105.070453,39.644537],[-105.072049,39.645815],[-105.072045,39.645984],[-105.063223,39.645992],[-105.063197,39.649626],[-105.062617,39.649627],[-105.062617,39.64967],[-105.057091,39.649701],[-105.057073,39.651248],[-105.053581,39.65116],[-105.053754,39.651727],[-105.057165,39.651986],[-105.05715,39.652946],[-105.057165,39.653164],[-105.053266,39.653184],[-105.053072,39.653184],[-105.053076,39.653346],[-105.053189,39.654286],[-105.053216,39.656164],[-105.053221,39.657172],[-105.053227,39.65791],[-105.053207,39.657996],[-105.053211,39.658282],[-105.053234,39.65964],[-105.053242,39.662573],[-105.053798,39.662543],[-105.054664,39.662269],[-105.055611,39.661815],[-105.056491,39.661701],[-105.056593,39.662487],[-105.057439,39.663756],[-105.059193,39.665526],[-105.06011,39.66778],[-105.059033,39.667778],[-105.057974,39.667784],[-105.056932,39.667785],[-105.055898,39.667781],[-105.054866,39.667785],[-105.053256,39.667785],[-105.053257,39.669076],[-105.053262,39.67214],[-105.053262,39.672255],[-105.053251,39.673116],[-105.053261,39.67328],[-105.053234,39.674299],[-105.052128,39.674296],[-105.051043,39.674293],[-105.050001,39.674287],[-105.050403,39.676191],[-105.049489,39.676576],[-105.048497,39.676833],[-105.047903,39.676616],[-105.046874,39.676479],[-105.045847,39.676439],[-105.043792,39.6765],[-105.042754,39.676716],[-105.041706,39.676804],[-105.040672,39.676628],[-105.040663,39.674976],[-105.039629,39.674971],[-105.03863,39.674965],[-105.038614,39.676943],[-105.038316,39.679188],[-105.038291,39.680306],[-105.038276,39.682213],[-105.037176,39.682211],[-105.036256,39.682207],[-105.035333,39.682204],[-105.034373,39.682211],[-105.033226,39.682217],[-105.032087,39.682223],[-105.030953,39.682231],[-105.029789,39.682239],[-105.028321,39.682249],[-105.027371,39.682255],[-105.026214,39.682261],[-105.025038,39.68227],[-105.023746,39.682272],[-105.022701,39.682279],[-105.021537,39.682286],[-105.020366,39.682295],[-105.019193,39.682301],[-105.01803,39.682311],[-105.016864,39.682319],[-105.016286,39.682327],[-105.015693,39.682338],[-105.015689,39.682759],[-105.015682,39.68377],[-105.01568,39.684128],[-105.015682,39.685929],[-105.015686,39.688604],[-105.015686,39.688851],[-105.015708,39.689513],[-105.015702,39.690881],[-105.015703,39.691778],[-105.015593,39.693137],[-105.015588,39.694056],[-105.015581,39.69598],[-105.01569,39.696762],[-105.013873,39.696757],[-105.012707,39.696747],[-105.011706,39.69674],[-105.010709,39.696738],[-105.009363,39.69673],[-105.009367,39.698192],[-105.009364,39.699102],[-105.008609,39.702556],[-105.008607,39.703965],[-105.009788,39.703972],[-105.009782,39.70624],[-105.009776,39.707574],[-105.008603,39.707572],[-105.008631,39.70846],[-105.008632,39.709357],[-105.008639,39.710248],[-105.008654,39.711201],[-105.011009,39.711189],[-105.014523,39.71118],[-105.0157,39.71119],[-105.016914,39.71118],[-105.018077,39.711175],[-105.01916,39.711172],[-105.020335,39.711167],[-105.021506,39.711161],[-105.022707,39.711157],[-105.023865,39.711153],[-105.025092,39.711174],[-105.025082,39.712996],[-105.025082,39.713388],[-105.025087,39.714824],[-105.025094,39.714978],[-105.025094,39.715722],[-105.025078,39.71664],[-105.025105,39.717536],[-105.025114,39.71816],[-105.025109,39.718447],[-105.025096,39.719359],[-105.025108,39.719751],[-105.025102,39.720269],[-105.025104,39.721167],[-105.025108,39.721342],[-105.025113,39.722063],[-105.025115,39.7229],[-105.025127,39.723492],[-105.025136,39.725426],[-105.025135,39.725542],[-105.025135,39.72751],[-105.025154,39.729321],[-105.025156,39.731194],[-105.025162,39.732988],[-105.025164,39.734757],[-105.025147,39.735684],[-105.025236,39.736565],[-105.025075,39.738011],[-105.025147,39.740365],[-105.025133,39.740479],[-105.025219,39.74273],[-105.025218,39.743955],[-105.02521,39.745159],[-105.025213,39.746363],[-105.025229,39.747576],[-105.025232,39.748087],[-105.025272,39.748785],[-105.025268,39.749998],[-105.025229,39.750726],[-105.025228,39.751206],[-105.025225,39.751686],[-105.025296,39.752415],[-105.025277,39.753623],[-105.025215,39.754045],[-105.025222,39.754837],[-105.025223,39.755439],[-105.025269,39.756019],[-105.025275,39.757251],[-105.025234,39.757831],[-105.025233,39.758476],[-105.026841,39.758487],[-105.027597,39.758485],[-105.028173,39.758492],[-105.02993,39.758485],[-105.031089,39.75849],[-105.032282,39.758495],[-105.033434,39.758499],[-105.034613,39.758518],[-105.034618,39.759444],[-105.034616,39.76034],[-105.035772,39.76034],[-105.035774,39.762138],[-105.03578,39.76398],[-105.035779,39.764955],[-105.035786,39.765823],[-105.035798,39.76766],[-105.035804,39.769531],[-105.036986,39.769512],[-105.037554,39.769486],[-105.038155,39.769462],[-105.039337,39.769432],[-105.040499,39.769456],[-105.041674,39.769446],[-105.042856,39.769382],[-105.044012,39.769362],[-105.045149,39.769381],[-105.045146,39.771139],[-105.044012,39.771147],[-105.044013,39.772495],[-105.044005,39.772957],[-105.043989,39.773888],[-105.043983,39.774763],[-105.043994,39.775283],[-105.043972,39.776573],[-105.045147,39.776574],[-105.046286,39.77657],[-105.047446,39.776571],[-105.048607,39.776567],[-105.049777,39.776572],[-105.050916,39.776572],[-105.052086,39.776568],[-105.053245,39.776583],[-105.054394,39.776594],[-105.055541,39.776608],[-105.05671,39.7766],[-105.057871,39.776603],[-105.059014,39.776605],[-105.060188,39.77661],[-105.061459,39.776607],[-105.062595,39.776616],[-105.0639,39.776617],[-105.065007,39.776616],[-105.065575,39.776627],[-105.066214,39.776616],[-105.067344,39.776619],[-105.068388,39.776614],[-105.06972,39.77663],[-105.070992,39.776627],[-105.072038,39.776629],[-105.073242,39.776641],[-105.073329,39.776641],[-105.07441,39.776643],[-105.075581,39.776636],[-105.076757,39.776626],[-105.077904,39.776634],[-105.079078,39.776629],[-105.081413,39.776641],[-105.083743,39.776624],[-105.083822,39.776628],[-105.084931,39.776633],[-105.086004,39.776628],[-105.086009,39.7807],[-105.08601,39.781155],[-105.084083,39.781637],[-105.083972,39.782206],[-105.081378,39.78247],[-105.081324,39.784368],[-105.081439,39.78446],[-105.081671,39.784573],[-105.082048,39.784499],[-105.084812,39.784876],[-105.086115,39.784706],[-105.086117,39.785008],[-105.086116,39.785209],[-105.08661,39.785094],[-105.090774,39.784197],[-105.093936,39.784035],[-105.098317,39.784034],[-105.09922,39.784037],[-105.100213,39.784056],[-105.10021,39.785698],[-105.100203,39.786007],[-105.100196,39.786763],[-105.100195,39.787117],[-105.100177,39.788986],[-105.104893,39.788267],[-105.104896,39.788908],[-105.104906,39.789615],[-105.104911,39.790334],[-105.105851,39.790307],[-105.106775,39.790284],[-105.107669,39.790255],[-105.108567,39.790226],[-105.109424,39.790205],[-105.109275,39.792918],[-105.109267,39.793097],[-105.110127,39.794986],[-105.111668,39.795891],[-105.112625,39.797186],[-105.112565,39.798186],[-105.112548,39.798236],[-105.111988,39.799626],[-105.11105,39.801887],[-105.110952,39.80319],[-105.110818,39.804057],[-105.110204,39.80512],[-105.109819,39.805878],[-105.109628,39.807376],[-105.111338,39.809417],[-105.110798,39.809746],[-105.110115,39.810179],[-105.109418,39.810614],[-105.108749,39.811035],[-105.108339,39.811301],[-105.107954,39.811549],[-105.109044,39.812666],[-105.109126,39.814891],[-105.109129,39.815585],[-105.109143,39.816272],[-105.109132,39.81697],[-105.109667,39.816976],[-105.109623,39.819623],[-105.110118,39.819621],[-105.111033,39.81961],[-105.111937,39.819611],[-105.11282,39.819611],[-105.11373,39.819612],[-105.114771,39.819609],[-105.115648,39.81961],[-105.116543,39.819607],[-105.11742,39.819597],[-105.11906,39.819596],[-105.11905,39.820318],[-105.119056,39.820349],[-105.120469,39.820362],[-105.121404,39.820364],[-105.122325,39.82078],[-105.122349,39.821903],[-105.121683,39.82339],[-105.122371,39.823495],[-105.123316,39.823489],[-105.123439,39.822926],[-105.12539,39.823378],[-105.12518,39.82446],[-105.126191,39.82445],[-105.126216,39.827097],[-105.12846,39.827117],[-105.131963,39.827075],[-105.132393,39.827084],[-105.135282,39.827081],[-105.137861,39.827064],[-105.140723,39.827058],[-105.141044,39.827056],[-105.14176,39.827042],[-105.142228,39.827043],[-105.144176,39.827055],[-105.146166,39.827057],[-105.147439,39.827062],[-105.147493,39.827063],[-105.1484,39.827094],[-105.149454,39.827071],[-105.153683,39.827054],[-105.155065,39.827038],[-105.155831,39.827025],[-105.155903,39.827024],[-105.156653,39.826991],[-105.156737,39.826991],[-105.156774,39.824095],[-105.156663,39.823407],[-105.1566,39.821744],[-105.156654,39.815995],[-105.156669,39.814773],[-105.156692,39.812568],[-105.156708,39.811693],[-105.156844,39.811694],[-105.156851,39.810221],[-105.156875,39.808997],[-105.156858,39.808176],[-105.156882,39.80408],[-105.156744,39.803419],[-105.156762,39.801679],[-105.158936,39.80167],[-105.159263,39.800174],[-105.159047,39.798796],[-105.159251,39.798499],[-105.156865,39.798529],[-105.156961,39.797994],[-105.157097,39.79791],[-105.156792,39.79511],[-105.156819,39.794452],[-105.156803,39.790778],[-105.153774,39.790839],[-105.151593,39.790871],[-105.150683,39.790871],[-105.149726,39.790869],[-105.148365,39.79089],[-105.147332,39.79089],[-105.142645,39.790908],[-105.140379,39.790942],[-105.14038,39.791001],[-105.14039,39.792158],[-105.139592,39.792147],[-105.139599,39.793565],[-105.138001,39.793584],[-105.138003,39.792638],[-105.138011,39.791821],[-105.137883,39.791826],[-105.137305,39.791823],[-105.137305,39.791642],[-105.137306,39.791434],[-105.137306,39.791225],[-105.137308,39.791028],[-105.137308,39.791],[-105.137308,39.790942],[-105.137362,39.790942],[-105.137379,39.790942],[-105.137617,39.79094],[-105.137899,39.790939],[-105.137952,39.790939],[-105.137976,39.790939],[-105.137961,39.786747],[-105.137958,39.786558],[-105.138041,39.785387],[-105.137968,39.783802],[-105.137937,39.782859],[-105.137904,39.780155],[-105.138639,39.779889],[-105.140183,39.779335],[-105.140733,39.779137],[-105.14085,39.779092],[-105.140841,39.778842],[-105.140821,39.778756],[-105.141441,39.778361],[-105.142621,39.777153],[-105.143388,39.775171],[-105.143374,39.773496],[-105.143323,39.769356],[-105.142951,39.769364],[-105.142485,39.769365],[-105.142523,39.766867],[-105.141467,39.767078],[-105.14038,39.767267],[-105.139316,39.767472],[-105.138938,39.767522],[-105.137888,39.767702],[-105.130303,39.768941],[-105.128944,39.769128],[-105.127254,39.769193],[-105.126071,39.769222],[-105.123724,39.769231],[-105.123094,39.769254],[-105.121368,39.769269],[-105.119042,39.769266],[-105.117867,39.769286],[-105.117307,39.769273],[-105.115656,39.769274],[-105.113806,39.769306],[-105.111959,39.769303],[-105.11082,39.769311],[-105.109651,39.76933],[-105.108387,39.769327],[-105.105539,39.769313],[-105.10494,39.769316],[-105.10375,39.769317],[-105.102571,39.769324],[-105.10198,39.769324],[-105.101379,39.769324],[-105.10081,39.769333],[-105.100206,39.769331],[-105.09591,39.769345],[-105.095399,39.769338],[-105.093769,39.769339],[-105.09318,39.769348],[-105.091921,39.769343],[-105.090785,39.769347],[-105.088245,39.769346],[-105.088173,39.769346],[-105.0872,39.769354],[-105.085539,39.769351],[-105.085434,39.769347],[-105.081415,39.769358],[-105.081431,39.767482],[-105.081442,39.765736],[-105.081442,39.765708],[-105.081428,39.765065],[-105.080317,39.764521],[-105.076904,39.76452],[-105.076735,39.763953],[-105.07672,39.763481],[-105.076717,39.762996],[-105.076741,39.762787],[-105.076732,39.762092],[-105.075451,39.762084],[-105.072044,39.762082],[-105.070866,39.762079],[-105.070262,39.762086],[-105.069223,39.762092],[-105.06883,39.762086],[-105.06806,39.762099],[-105.067305,39.762086],[-105.067121,39.762093],[-105.066161,39.762097],[-105.066093,39.762097],[-105.065033,39.762098],[-105.064977,39.762098],[-105.063777,39.762089],[-105.062645,39.762093],[-105.062623,39.763905],[-105.062634,39.764759],[-105.062624,39.765717],[-105.062618,39.766408],[-105.062622,39.767553],[-105.062627,39.768528],[-105.062614,39.769386],[-105.060384,39.769343],[-105.059348,39.769345],[-105.057951,39.769334],[-105.056711,39.769342],[-105.055485,39.769329],[-105.054404,39.769338],[-105.05324,39.769333],[-105.053241,39.767512],[-105.053243,39.767278],[-105.053242,39.766622],[-105.05323,39.765699],[-105.053243,39.764814],[-105.053241,39.763903],[-105.053241,39.762989],[-105.053244,39.762084],[-105.053241,39.760293],[-105.053239,39.758472],[-105.053238,39.756939],[-105.053237,39.755694],[-105.053236,39.754848],[-105.053234,39.754285],[-105.053232,39.75346],[-105.053231,39.753046],[-105.053227,39.751249],[-105.053213,39.749458],[-105.053219,39.747616],[-105.053226,39.74568],[-105.053212,39.74398],[-105.053211,39.743881],[-105.053211,39.743584],[-105.053211,39.743486],[-105.05321,39.743339],[-105.05321,39.743273],[-105.053209,39.742697],[-105.053204,39.742203],[-105.053201,39.741935],[-105.053203,39.741089],[-105.053206,39.740411],[-105.053206,39.740306],[-105.053206,39.739286],[-105.053206,39.73887],[-105.053207,39.738498],[-105.053227,39.73677],[-105.053227,39.735284],[-105.053231,39.735161],[-105.053228,39.734922],[-105.055572,39.734913],[-105.055591,39.734508],[-105.055588,39.733105],[-105.055011,39.7331],[-105.055011,39.73317],[-105.055013,39.733724],[-105.054675,39.73372],[-105.054668,39.733708],[-105.054669,39.733641],[-105.054427,39.73364],[-105.054427,39.733552],[-105.054425,39.733172],[-105.054424,39.733101],[-105.053227,39.73311],[-105.053238,39.731294],[-105.053238,39.731038],[-105.053244,39.729539],[-105.053251,39.728522],[-105.053254,39.727349],[-105.053252,39.726184],[-105.053253,39.7258],[-105.053247,39.725647],[-105.053259,39.724083],[-105.053263,39.723133],[-105.05327,39.721064],[-105.053271,39.720414],[-105.053277,39.718703],[-105.053278,39.718427],[-105.05327,39.71663],[-105.053271,39.715004],[-105.053264,39.713314],[-105.053254,39.711932],[-105.05325,39.711343],[-105.053264,39.7103],[-105.053257,39.709608],[-105.05326,39.70865],[-105.053252,39.707716],[-105.05325,39.706889],[-105.053246,39.705814],[-105.053258,39.70505],[-105.053252,39.704542],[-105.053247,39.703985],[-105.053245,39.703268],[-105.053249,39.702562],[-105.053245,39.702269],[-105.053245,39.700438],[-105.053227,39.69747],[-105.053225,39.696889],[-105.053225,39.696769],[-105.053218,39.694988],[-105.054387,39.694976],[-105.055284,39.694969],[-105.056169,39.69496],[-105.057074,39.694951],[-105.057982,39.694938],[-105.058989,39.694963],[-105.05991,39.694946],[-105.060848,39.694943],[-105.061775,39.694937],[-105.062702,39.69493],[-105.063684,39.694925],[-105.064641,39.694921],[-105.065571,39.694908],[-105.065583,39.695948],[-105.066481,39.695948],[-105.067391,39.695945],[-105.06793,39.695946],[-105.068115,39.696293],[-105.06811,39.696719],[-105.069518,39.696663],[-105.072148,39.695932],[-105.072138,39.694535],[-105.072126,39.693055],[-105.072118,39.692053],[-105.072113,39.691252],[-105.072093,39.689448],[-105.07375,39.689443],[-105.074779,39.689444],[-105.075806,39.689447],[-105.076786,39.689445],[-105.081051,39.689452],[-105.08147,39.689454],[-105.081502,39.690493],[-105.081545,39.691478],[-105.081555,39.692124],[-105.08155,39.69288],[-105.081571,39.693888],[-105.081603,39.694793],[-105.081563,39.695778],[-105.081505,39.696624],[-105.082699,39.696606],[-105.083954,39.696591],[-105.086221,39.696549],[-105.087368,39.696555],[-105.088557,39.696552],[-105.088629,39.696552],[-105.089571,39.696545],[-105.0905,39.696544],[-105.091779,39.69654],[-105.093194,39.696541],[-105.094622,39.696535],[-105.095579,39.696533],[-105.096584,39.696538],[-105.098375,39.696534],[-105.098865,39.696528],[-105.09911,39.696531],[-105.100351,39.696538],[-105.100404,39.694814],[-105.10043,39.694329],[-105.10046,39.693365],[-105.100494,39.69251],[-105.100512,39.692169],[-105.100529,39.691429],[-105.100305,39.689401],[-105.103348,39.68937],[-105.104425,39.689361],[-105.105327,39.689356],[-105.110599,39.689367],[-105.113106,39.688809],[-105.115135,39.689133],[-105.116745,39.690171],[-105.116938,39.690319],[-105.118143,39.689195],[-105.120413,39.690261],[-105.120493,39.69012],[-105.122003,39.690632],[-105.122052,39.690632],[-105.122054,39.691774],[-105.120366,39.691744],[-105.119715,39.691561],[-105.119643,39.691539],[-105.119028,39.691304],[-105.11905,39.69183],[-105.119854,39.6926],[-105.120149,39.694475],[-105.119525,39.695271],[-105.117973,39.695674],[-105.117975,39.696499],[-105.119468,39.696439],[-105.121224,39.696389],[-105.125597,39.696489],[-105.127978,39.696468],[-105.128518,39.696461],[-105.128621,39.694471],[-105.12862,39.693738],[-105.128639,39.692983],[-105.128651,39.692247],[-105.128629,39.6915],[-105.128629,39.691163],[-105.128629,39.689894],[-105.128646,39.689141],[-105.128638,39.688543],[-105.128632,39.687435],[-105.130408,39.688047],[-105.131379,39.688118],[-105.132424,39.688252],[-105.133432,39.688521],[-105.134559,39.68897],[-105.136501,39.689891],[-105.139159,39.690685],[-105.140955,39.691203],[-105.143534,39.691802],[-105.144497,39.691921],[-105.148473,39.693286],[-105.14975,39.691924],[-105.149993,39.691671],[-105.151344,39.690174],[-105.154516,39.686727],[-105.156446,39.684946],[-105.160287,39.68235],[-105.160761,39.681357],[-105.16215,39.681385],[-105.1643,39.680565],[-105.166539,39.680393],[-105.16952,39.680946],[-105.172688,39.681542],[-105.175907,39.682538],[-105.179731,39.683445],[-105.182757,39.684593],[-105.182932,39.681901],[-105.187734,39.681892],[-105.188289,39.681882],[-105.188518,39.681882],[-105.190725,39.681859],[-105.190631,39.680673],[-105.188902,39.677645],[-105.188669,39.677078],[-105.188489,39.676638],[-105.188423,39.67648],[-105.188662,39.676477],[-105.188896,39.676477],[-105.189577,39.676475],[-105.189484,39.67097],[-105.188709,39.670978],[-105.187632,39.667391],[-105.186867,39.667391],[-105.186648,39.667391],[-105.186026,39.667392],[-105.184744,39.667386],[-105.184657,39.663734],[-105.172435,39.663903],[-105.172353,39.667431],[-105.165653,39.667548],[-105.165572,39.665481],[-105.165549,39.66482],[-105.165569,39.660299],[-105.162373,39.660281],[-105.164893,39.657877],[-105.165923,39.65681],[-105.167583,39.654514],[-105.171783,39.655789],[-105.173201,39.656653],[-105.172426,39.657712],[-105.173316,39.659107],[-105.176907,39.659078],[-105.176908,39.658525],[-105.173889,39.657847],[-105.17442,39.656344],[-105.172472,39.655093],[-105.172446,39.654549],[-105.171265,39.65419],[-105.171254,39.653643],[-105.171255,39.653584],[-105.171335,39.653563],[-105.172084,39.653513],[-105.172776,39.65339],[-105.17434,39.653151],[-105.176268,39.652972],[-105.179663,39.653468],[-105.179815,39.653054],[-105.179263,39.652372],[-105.180308,39.652051],[-105.180331,39.649457],[-105.180772,39.649452],[-105.181107,39.649449],[-105.181919,39.649457],[-105.1818,39.649316],[-105.181094,39.649327],[-105.180758,39.649321],[-105.179796,39.649149],[-105.179794,39.646834],[-105.179004,39.645564],[-105.175665,39.642953],[-105.174257,39.641795],[-105.170992,39.639334],[-105.169749,39.637822],[-105.167669,39.63649],[-105.172275,39.633263],[-105.173005,39.632746],[-105.178656,39.628716],[-105.178904,39.628512],[-105.179286,39.62825],[-105.179656,39.628006],[-105.180193,39.62773],[-105.180649,39.627531],[-105.181124,39.627364],[-105.181596,39.627205],[-105.181672,39.627179],[-105.184434,39.626596],[-105.185265,39.626405],[-105.187938,39.625838],[-105.189076,39.62557],[-105.189888,39.625386],[-105.190498,39.625176],[-105.190949,39.625002],[-105.191066,39.624947],[-105.192081,39.624475],[-105.192565,39.624178],[-105.19262,39.624141],[-105.1929,39.62395],[-105.193009,39.623875],[-105.193271,39.623679],[-105.1946,39.622689],[-105.195128,39.622246],[-105.196312,39.621476],[-105.197059,39.621153],[-105.198125,39.621124],[-105.199505,39.621228],[-105.200378,39.62122],[-105.20161,39.620749],[-105.20297,39.619733],[-105.202973,39.619588],[-105.202975,39.619478],[-105.203198,39.619358],[-105.203391,39.619278],[-105.203535,39.619181],[-105.204185,39.618953],[-105.204436,39.618885],[-105.204812,39.618792],[-105.205288,39.618712],[-105.205677,39.61866],[-105.206379,39.61867],[-105.206813,39.618734],[-105.207408,39.618799],[-105.207874,39.618824],[-105.208321,39.618808],[-105.209167,39.618686],[-105.209765,39.618618],[-105.210097,39.618602],[-105.210463,39.618622],[-105.21082,39.618708],[-105.21139,39.61886],[-105.211827,39.618985],[-105.212252,39.619053],[-105.212432,39.619069],[-105.212638,39.619057],[-105.212727,39.61905],[-105.212898,39.619037],[-105.213152,39.618979],[-105.213307,39.618901],[-105.213419,39.618821],[-105.213661,39.618635],[-105.214082,39.618242],[-105.214182,39.618133],[-105.214294,39.618046],[-105.214374,39.618008],[-105.2145,39.61792],[-105.214765,39.617787],[-105.215077,39.617712],[-105.215308,39.617661],[-105.215596,39.617635],[-105.215885,39.617629],[-105.216295,39.617629],[-105.217032,39.617661],[-105.217539,39.617706],[-105.217808,39.617744],[-105.218083,39.617789],[-105.21814,39.617803],[-105.218141,39.617926],[-105.21814,39.618005],[-105.219049,39.618332],[-105.22012,39.618868],[-105.221023,39.618996],[-105.223492,39.618081],[-105.223934,39.618027],[-105.224438,39.618091],[-105.224965,39.618363],[-105.226,39.619304],[-105.226928,39.619737],[-105.22793,39.619669],[-105.22845,39.61943],[-105.228901,39.618771],[-105.229053,39.617929],[-105.229337,39.617449],[-105.229781,39.61702],[-105.230591,39.616619],[-105.231508,39.616341],[-105.232437,39.615933],[-105.233222,39.616522],[-105.234364,39.615834],[-105.235625,39.616096],[-105.236839,39.617495],[-105.238426,39.619815],[-105.240237,39.620539],[-105.24345,39.619302],[-105.243976,39.620766],[-105.243627,39.621802],[-105.244311,39.622639],[-105.247461,39.622889],[-105.248802,39.622103],[-105.249721,39.621757],[-105.251932,39.622404],[-105.252477,39.622919],[-105.251926,39.624211],[-105.253436,39.627085],[-105.254184,39.625982],[-105.257727,39.625685],[-105.259756,39.623872],[-105.261625,39.623003],[-105.263142,39.623307],[-105.264153,39.623619],[-105.266029,39.622549],[-105.269503,39.621672],[-105.271791,39.62025],[-105.275236,39.619938],[-105.276272,39.620133],[-105.273329,39.616772],[-105.271745,39.614405],[-105.268805,39.613668],[-105.266277,39.613464],[-105.267275,39.61198],[-105.267439,39.610739],[-105.265428,39.610419],[-105.267054,39.609677],[-105.268587,39.609817],[-105.269165,39.609375],[-105.268223,39.607561],[-105.267277,39.606743],[-105.267245,39.605701],[-105.269127,39.605691],[-105.269109,39.604094],[-105.272802,39.603269],[-105.273625,39.604009],[-105.273824,39.601823],[-105.272363,39.599445],[-105.271882,39.59751],[-105.270669,39.595751],[-105.270471,39.594735],[-105.268741,39.591834],[-105.268089,39.588894],[-105.266064,39.588587],[-105.264935,39.587937],[-105.261834,39.587374],[-105.258809,39.586144],[-105.256642,39.586828],[-105.255813,39.585397],[-105.254377,39.584719],[-105.253143,39.585227],[-105.253389,39.586517],[-105.250906,39.588939],[-105.248756,39.588148],[-105.24865,39.588234],[-105.248337,39.588235],[-105.24767,39.588169],[-105.24723,39.58807],[-105.246953,39.587961],[-105.246803,39.587829],[-105.246413,39.587417],[-105.246192,39.587241],[-105.245994,39.587203],[-105.245646,39.587269],[-105.245547,39.587401],[-105.245419,39.587934],[-105.245419,39.588192],[-105.245491,39.588659],[-105.245583,39.589181],[-105.245648,39.589345],[-105.245655,39.589516],[-105.245669,39.589702],[-105.24557,39.589906],[-105.245299,39.589986],[-105.243471,39.590383],[-105.242469,39.590111],[-105.240471,39.590761],[-105.240184,39.59081],[-105.240097,39.590903],[-105.239856,39.590996],[-105.239565,39.591018],[-105.239309,39.591002],[-105.239117,39.590963],[-105.23903,39.590911],[-105.239011,39.590892],[-105.237284,39.591214],[-105.233529,39.591283],[-105.232944,39.590094],[-105.231366,39.590596],[-105.23012,39.59182],[-105.226111,39.592184],[-105.224943,39.593141],[-105.222133,39.591501],[-105.221821,39.591445],[-105.219251,39.592579],[-105.219387,39.593486],[-105.219288,39.595222],[-105.21934,39.595803],[-105.214037,39.596602],[-105.211532,39.595633],[-105.209513,39.595781],[-105.20578,39.596546],[-105.203743,39.59667],[-105.202609,39.59896],[-105.20113,39.599872],[-105.198773,39.599505],[-105.195904,39.599939],[-105.193824,39.601169],[-105.191154,39.602257],[-105.188286,39.602444],[-105.186872,39.601789],[-105.186788,39.601752],[-105.186589,39.601587],[-105.186411,39.6014],[-105.18617,39.601186],[-105.185872,39.601016],[-105.18576,39.600978],[-105.184731,39.600658],[-105.185417,39.600038],[-105.184727,39.599441],[-105.18475,39.595011],[-105.181579,39.595011],[-105.181161,39.594046],[-105.182656,39.592191],[-105.180495,39.59276],[-105.179577,39.591923],[-105.180152,39.591149],[-105.178407,39.590637],[-105.177485,39.589318],[-105.177573,39.588192],[-105.17991,39.588707],[-105.181506,39.587421],[-105.180078,39.587485],[-105.179577,39.585812],[-105.180911,39.584718],[-105.179409,39.584783],[-105.179659,39.583046],[-105.178491,39.581116],[-105.179159,39.579701],[-105.176905,39.578865],[-105.176738,39.575005],[-105.175737,39.574619],[-105.176202,39.572326],[-105.175673,39.57254],[-105.172536,39.573567],[-105.170535,39.573759],[-105.170293,39.574281],[-105.16938,39.574264],[-105.167459,39.575207],[-105.16502,39.574878],[-105.162882,39.575503],[-105.162692,39.574304],[-105.160489,39.573356],[-105.158688,39.572363],[-105.159403,39.572128],[-105.162236,39.571],[-105.164137,39.569543],[-105.164739,39.568107],[-105.16241,39.566995],[-105.16145,39.567419],[-105.160994,39.56838],[-105.160016,39.568415],[-105.160145,39.568],[-105.160614,39.566731],[-105.159459,39.565503],[-105.159256,39.564992],[-105.1549,39.568114],[-105.15379,39.567799],[-105.154446,39.56644],[-105.154304,39.565422],[-105.1529,39.562491],[-105.151441,39.560866],[-105.151354,39.558212],[-105.150153,39.557412],[-105.14617,39.556741],[-105.145471,39.55617],[-105.145795,39.554932],[-105.140928,39.552054],[-105.140723,39.551288],[-105.136234,39.550449],[-105.134454,39.549334],[-105.133172,39.549155],[-105.131506,39.549737],[-105.130698,39.550753],[-105.128016,39.55192],[-105.125166,39.552205],[-105.124098,39.552658],[-105.124112,39.552498],[-105.122685,39.552504],[-105.12033,39.553395],[-105.117577,39.55316],[-105.113432,39.551174],[-105.111785,39.549806],[-105.10689,39.547159],[-105.111007,39.547146],[-105.111011,39.543396],[-105.111013,39.542116],[-105.11101,39.536173],[-105.110813,39.536173],[-105.094393,39.53627],[-105.094295,39.536455],[-105.093461,39.536298],[-105.088696,39.546333],[-105.088447,39.546233],[-105.086226,39.545629],[-105.082871,39.545846],[-105.082159,39.545906],[-105.079364,39.545979],[-105.073045,39.545265],[-105.071385,39.546429],[-105.070308,39.547896],[-105.066735,39.550499],[-105.065672,39.553346],[-105.06424,39.554188],[-105.063798,39.555239],[-105.06113,39.556906],[-105.06064,39.557888],[-105.060714,39.559941],[-105.058257,39.560379],[-105.057252,39.562306],[-105.05306,39.563109],[-105.050165,39.56087],[-105.04925,39.559708],[-105.044318,39.55713],[-105.044228,39.556867],[-105.044221,39.555894],[-105.045756,39.553333],[-105.045773,39.551036],[-105.04484,39.548588],[-105.042284,39.541244],[-105.040741,39.538464],[-105.035097,39.531865],[-105.03186,39.527851],[-105.030453,39.527871],[-105.027685,39.523674],[-105.027495,39.523663],[-105.026665,39.523615],[-105.016988,39.52306],[-105.011979,39.522774],[-105.011697,39.523033]]]]}},{"type":"Feature","properties":{"id":9,"NAME":"9","text-color":"#000000","text-size":16,"labelx":-104.996924,"labely":39.831856,"TotalPop":523882,"PopDevPct":-0.00190726,"DemPct":0.62806654,"RepPct":0.32567648,"WhitePct":0.56773321,"MinorityPct":0.43226679,"BlackPct":0.03632488,"HispanicPct":0.3279982,"PacificPct":0.0025357,"AsianPct":0.04443283,"NativePct":0.0412995,"TotalVAP":413298,"Margin":0.12806654,"color":"#00008b","opacity":"0.5"},"geometry":{"type":"MultiPolygon","coordinates":[[[[-104.994798,39.763486],[-104.992714,39.765161],[-104.99257,39.765249],[-104.989103,39.766104],[-104.984805,39.767446],[-104.978415,39.775306],[-104.978046,39.77497],[-104.97718,39.774301],[-104.9763,39.77363],[-104.975425,39.772961],[-104.97455,39.7723],[-104.97368,39.771614],[-104.973424,39.771416],[-104.97281,39.770942],[-104.971915,39.7703],[-104.969724,39.771982],[-104.968476,39.77291],[-104.965937,39.772885],[-104.964705,39.772898],[-104.9594,39.772893],[-104.959301,39.772894],[-104.954153,39.77291],[-104.953053,39.772901],[-104.951944,39.772913],[-104.950844,39.772901],[-104.949824,39.772903],[-104.94864,39.772901],[-104.94754,39.772893],[-104.946401,39.772894],[-104.945657,39.772891],[-104.942857,39.77288],[-104.941688,39.772875],[-104.940617,39.772876],[-104.940607,39.769181],[-104.940618,39.768095],[-104.94063,39.766907],[-104.940628,39.765674],[-104.940659,39.764472],[-104.940658,39.761948],[-104.940495,39.76196],[-104.939314,39.761993],[-104.938083,39.761989],[-104.936852,39.761994],[-104.935621,39.761996],[-104.935015,39.761998],[-104.934392,39.762],[-104.933167,39.762001],[-104.931853,39.761999],[-104.929355,39.761997],[-104.927594,39.762004],[-104.925815,39.76201],[-104.924034,39.762017],[-104.922291,39.762006],[-104.921135,39.761992],[-104.919974,39.761995],[-104.919974,39.763812],[-104.91997,39.765623],[-104.919972,39.767433],[-104.919972,39.769247],[-104.92113,39.76924],[-104.922289,39.769236],[-104.922313,39.771055],[-104.922314,39.772831],[-104.922317,39.774625],[-104.922301,39.775106],[-104.922291,39.776291],[-104.92229,39.776467],[-104.922292,39.77798],[-104.922293,39.778323],[-104.922293,39.778454],[-104.922293,39.778718],[-104.922282,39.781168],[-104.922274,39.783776],[-104.920017,39.783773],[-104.917715,39.783806],[-104.912887,39.783818],[-104.911939,39.783818],[-104.910092,39.783827],[-104.906745,39.783824],[-104.90577,39.783825],[-104.903439,39.783888],[-104.903458,39.785309],[-104.903474,39.786474],[-104.903479,39.786798],[-104.903485,39.787288],[-104.903506,39.788811],[-104.903539,39.793532],[-104.903549,39.795668],[-104.903561,39.798391],[-104.903544,39.800844],[-104.903544,39.802092],[-104.903553,39.803878],[-104.903543,39.805674],[-104.903545,39.80705],[-104.903545,39.809304],[-104.903561,39.811128],[-104.903553,39.812959],[-104.903492,39.815478],[-104.90349,39.816576],[-104.903482,39.81736],[-104.903468,39.818406],[-104.903451,39.819452],[-104.903411,39.821133],[-104.903395,39.82201],[-104.903379,39.822831],[-104.90335,39.823846],[-104.903284,39.827228],[-104.905182,39.827221],[-104.906183,39.827219],[-104.906785,39.827217],[-104.907365,39.827219],[-104.907998,39.827216],[-104.908567,39.827214],[-104.909737,39.8272],[-104.910718,39.8272],[-104.912055,39.827196],[-104.912667,39.827193],[-104.913376,39.827197],[-104.913707,39.827199],[-104.91545,39.827225],[-104.913373,39.828904],[-104.912027,39.830027],[-104.910729,39.831244],[-104.909256,39.832632],[-104.907993,39.833737],[-104.907816,39.833899],[-104.906788,39.834798],[-104.90316,39.837919],[-104.899379,39.841191],[-104.899659,39.841369],[-104.900447,39.841699],[-104.901562,39.841695],[-104.901864,39.841694],[-104.901999,39.841694],[-104.902185,39.841693],[-104.902889,39.841691],[-104.903322,39.841697],[-104.903868,39.841701],[-104.904975,39.841708],[-104.905508,39.841712],[-104.905973,39.841714],[-104.906977,39.841719],[-104.907633,39.841722],[-104.90774,39.841722],[-104.907951,39.841722],[-104.908966,39.841726],[-104.90921,39.841726],[-104.912606,39.841732],[-104.912804,39.841731],[-104.913645,39.841728],[-104.91447,39.841727],[-104.916573,39.841732],[-104.917849,39.841742],[-104.917947,39.841743],[-104.919096,39.841747],[-104.919137,39.841747],[-104.92019,39.84175],[-104.921198,39.841752],[-104.921836,39.841766],[-104.922203,39.841966],[-104.924182,39.841656],[-104.924371,39.841659],[-104.926494,39.841703],[-104.927955,39.841215],[-104.92932,39.840939],[-104.929709,39.840854],[-104.9315,39.839318],[-104.936111,39.835546],[-104.936123,39.835835],[-104.936033,39.838186],[-104.937748,39.838186],[-104.937736,39.839108],[-104.934372,39.839096],[-104.933316,39.840021],[-104.933297,39.841931],[-104.932771,39.842783],[-104.93149,39.842777],[-104.931512,39.845789],[-104.931386,39.845881],[-104.93019,39.845656],[-104.930296,39.845463],[-104.930219,39.845463],[-104.929523,39.846725],[-104.928765,39.846981],[-104.928747,39.846988],[-104.928029,39.84787],[-104.927973,39.847933],[-104.927982,39.849388],[-104.926805,39.849388],[-104.926806,39.849594],[-104.925008,39.850987],[-104.925021,39.851242],[-104.925021,39.851742],[-104.925014,39.852652],[-104.924708,39.852659],[-104.924455,39.852652],[-104.924369,39.852735],[-104.92421,39.852891],[-104.923744,39.853211],[-104.923553,39.853658],[-104.923047,39.854773],[-104.922906,39.854732],[-104.922261,39.854549],[-104.92209,39.854819],[-104.922094,39.856011],[-104.922317,39.856036],[-104.922487,39.856055],[-104.922486,39.856108],[-104.926291,39.856113],[-104.926288,39.856179],[-104.927613,39.856181],[-104.9282,39.856181],[-104.929201,39.856169],[-104.931657,39.856181],[-104.931658,39.856258],[-104.931658,39.85642],[-104.934014,39.856379],[-104.935703,39.856312],[-104.935869,39.856305],[-104.935974,39.856163],[-104.936891,39.856134],[-104.937283,39.856122],[-104.937634,39.856106],[-104.938009,39.856089],[-104.940259,39.855951],[-104.940219,39.857428],[-104.940234,39.858659],[-104.940305,39.862919],[-104.940308,39.863842],[-104.940335,39.865191],[-104.940339,39.866118],[-104.94033,39.867095],[-104.940216,39.868415],[-104.940181,39.868769],[-104.940174,39.868961],[-104.94017,39.870368],[-104.940161,39.87738],[-104.940172,39.880253],[-104.940166,39.88198],[-104.940164,39.884789],[-104.940165,39.884978],[-104.940325,39.884983],[-104.94458,39.885008],[-104.944629,39.885778],[-104.944929,39.886353],[-104.944792,39.886426],[-104.944879,39.886615],[-104.944934,39.886577],[-104.944888,39.892161],[-104.949554,39.892194],[-104.949559,39.895091],[-104.949578,39.899398],[-104.950241,39.899402],[-104.951673,39.899411],[-104.956729,39.899458],[-104.958839,39.899467],[-104.958912,39.907027],[-104.958888,39.907543],[-104.960194,39.9077],[-104.960073,39.908396],[-104.959951,39.909111],[-104.961532,39.909219],[-104.964114,39.910217],[-104.964973,39.910188],[-104.965844,39.910005],[-104.966924,39.909782],[-104.968863,39.90967],[-104.968861,39.90895],[-104.971143,39.908819],[-104.972486,39.908082],[-104.973057,39.90782],[-104.974361,39.907415],[-104.977692,39.907234],[-104.977838,39.907234],[-104.977859,39.908581],[-104.977891,39.910465],[-104.977945,39.914009],[-104.977946,39.914156],[-104.981394,39.914161],[-104.985148,39.914141],[-104.986556,39.914149],[-104.989613,39.914065],[-104.98987,39.914064],[-104.992614,39.914049],[-104.993202,39.914046],[-104.993201,39.913844],[-104.993201,39.913742],[-104.993199,39.913414],[-104.993198,39.91333],[-104.993028,39.913332],[-104.992648,39.911422],[-104.996647,39.911424],[-104.996641,39.910978],[-104.996649,39.909276],[-104.996637,39.90798],[-104.996643,39.907169],[-104.996644,39.906977],[-104.996629,39.905613],[-104.996632,39.903307],[-104.996632,39.899724],[-104.996757,39.899725],[-104.999019,39.899725],[-105.000254,39.899721],[-105.000619,39.899717],[-105.001979,39.899714],[-105.003369,39.899705],[-105.006096,39.899715],[-105.007444,39.899713],[-105.007892,39.899712],[-105.008355,39.899712],[-105.009529,39.89971],[-105.01186,39.899698],[-105.013576,39.899672],[-105.015532,39.899657],[-105.015947,39.899654],[-105.020223,39.899655],[-105.022662,39.899639],[-105.022686,39.899639],[-105.024939,39.899625],[-105.025073,39.899625],[-105.027528,39.899645],[-105.032511,39.899632],[-105.038906,39.899663],[-105.042328,39.899678],[-105.04373,39.89969],[-105.04604,39.899734],[-105.046863,39.899738],[-105.04894,39.899749],[-105.053005,39.899806],[-105.053035,39.892557],[-105.053036,39.892187],[-105.053091,39.885356],[-105.053093,39.885218],[-105.053093,39.884591],[-105.053106,39.881647],[-105.053118,39.879723],[-105.053138,39.877981],[-105.053139,39.876298],[-105.053139,39.875402],[-105.053143,39.875102],[-105.053162,39.874404],[-105.053188,39.872435],[-105.053198,39.870826],[-105.05323,39.869395],[-105.053191,39.86362],[-105.053284,39.860436],[-105.053263,39.859948],[-105.053257,39.856946],[-105.053289,39.856764],[-105.053339,39.855978],[-105.053249,39.854194],[-105.0529,39.852042],[-105.062526,39.855736],[-105.064746,39.856547],[-105.066825,39.856534],[-105.074117,39.856547],[-105.076658,39.856506],[-105.081686,39.856441],[-105.081832,39.856439],[-105.081849,39.853391],[-105.081901,39.851615],[-105.081751,39.851611],[-105.081783,39.847263],[-105.081789,39.847153],[-105.081784,39.847058],[-105.081821,39.841799],[-105.081722,39.837811],[-105.081674,39.834912],[-105.08161,39.83273],[-105.081545,39.830443],[-105.081493,39.828759],[-105.081447,39.827244],[-105.081444,39.825184],[-105.085274,39.824072],[-105.086646,39.82342],[-105.086644,39.823849],[-105.090902,39.82384],[-105.090899,39.824165],[-105.09091,39.824887],[-105.090906,39.825646],[-105.090918,39.826361],[-105.090915,39.826398],[-105.090919,39.827208],[-105.093823,39.827161],[-105.095182,39.827018],[-105.097866,39.827004],[-105.103231,39.827545],[-105.109713,39.827247],[-105.109676,39.82588],[-105.109651,39.824957],[-105.109642,39.823561],[-105.10963,39.823048],[-105.109598,39.822721],[-105.109702,39.82272],[-105.109671,39.820404],[-105.109655,39.820404],[-105.109631,39.819792],[-105.109679,39.819792],[-105.109623,39.819623],[-105.109667,39.816976],[-105.109132,39.81697],[-105.109143,39.816272],[-105.109129,39.815585],[-105.109126,39.814891],[-105.109044,39.812666],[-105.107954,39.811549],[-105.108339,39.811301],[-105.108749,39.811035],[-105.109418,39.810614],[-105.110115,39.810179],[-105.110798,39.809746],[-105.111338,39.809417],[-105.109628,39.807376],[-105.109819,39.805878],[-105.110204,39.80512],[-105.110818,39.804057],[-105.110952,39.80319],[-105.11105,39.801887],[-105.111988,39.799626],[-105.112548,39.798236],[-105.112565,39.798186],[-105.112625,39.797186],[-105.111668,39.795891],[-105.110127,39.794986],[-105.109267,39.793097],[-105.109275,39.792918],[-105.109424,39.790205],[-105.108567,39.790226],[-105.107669,39.790255],[-105.106775,39.790284],[-105.105851,39.790307],[-105.104911,39.790334],[-105.104906,39.789615],[-105.104896,39.788908],[-105.104893,39.788267],[-105.100177,39.788986],[-105.100195,39.787117],[-105.100196,39.786763],[-105.100203,39.786007],[-105.10021,39.785698],[-105.100213,39.784056],[-105.09922,39.784037],[-105.098317,39.784034],[-105.093936,39.784035],[-105.090774,39.784197],[-105.08661,39.785094],[-105.086116,39.785209],[-105.086117,39.785008],[-105.086115,39.784706],[-105.084812,39.784876],[-105.082048,39.784499],[-105.081671,39.784573],[-105.081439,39.78446],[-105.081324,39.784368],[-105.081378,39.78247],[-105.083972,39.782206],[-105.084083,39.781637],[-105.08601,39.781155],[-105.086009,39.7807],[-105.086004,39.776628],[-105.084931,39.776633],[-105.083822,39.776628],[-105.083743,39.776624],[-105.081413,39.776641],[-105.079078,39.776629],[-105.077904,39.776634],[-105.076757,39.776626],[-105.075581,39.776636],[-105.07441,39.776643],[-105.073329,39.776641],[-105.073242,39.776641],[-105.072038,39.776629],[-105.070992,39.776627],[-105.06972,39.77663],[-105.068388,39.776614],[-105.067344,39.776619],[-105.066214,39.776616],[-105.065575,39.776627],[-105.065007,39.776616],[-105.0639,39.776617],[-105.062595,39.776616],[-105.061459,39.776607],[-105.060188,39.77661],[-105.059014,39.776605],[-105.057871,39.776603],[-105.05671,39.7766],[-105.055541,39.776608],[-105.054394,39.776594],[-105.053245,39.776583],[-105.052086,39.776568],[-105.050916,39.776572],[-105.049777,39.776572],[-105.048607,39.776567],[-105.047446,39.776571],[-105.046286,39.77657],[-105.045147,39.776574],[-105.043972,39.776573],[-105.043994,39.775283],[-105.043983,39.774763],[-105.043989,39.773888],[-105.044005,39.772957],[-105.044013,39.772495],[-105.044012,39.771147],[-105.045146,39.771139],[-105.045149,39.769381],[-105.044012,39.769362],[-105.042856,39.769382],[-105.041674,39.769446],[-105.040499,39.769456],[-105.039337,39.769432],[-105.038155,39.769462],[-105.037554,39.769486],[-105.036986,39.769512],[-105.035804,39.769531],[-105.035798,39.76766],[-105.035786,39.765823],[-105.035779,39.764955],[-105.03578,39.76398],[-105.035774,39.762138],[-105.035772,39.76034],[-105.034616,39.76034],[-105.034618,39.759444],[-105.034613,39.758518],[-105.033434,39.758499],[-105.032282,39.758495],[-105.031089,39.75849],[-105.02993,39.758485],[-105.028173,39.758492],[-105.027597,39.758485],[-105.026841,39.758487],[-105.025233,39.758476],[-105.025234,39.757831],[-105.025275,39.757251],[-105.025269,39.756019],[-105.025223,39.755439],[-105.025222,39.754837],[-105.025215,39.754045],[-105.025277,39.753623],[-105.025296,39.752415],[-105.025225,39.751686],[-105.025228,39.751206],[-105.025229,39.750726],[-105.025268,39.749998],[-105.025272,39.748785],[-105.025232,39.748087],[-105.025229,39.747576],[-105.025213,39.746363],[-105.02521,39.745159],[-105.025218,39.743955],[-105.025219,39.74273],[-105.025133,39.740479],[-105.025147,39.740365],[-105.025075,39.738011],[-105.025236,39.736565],[-105.025147,39.735684],[-105.025164,39.734757],[-105.025162,39.732988],[-105.025156,39.731194],[-105.025154,39.729321],[-105.025135,39.72751],[-105.025135,39.725542],[-105.025136,39.725426],[-105.025127,39.723492],[-105.025115,39.7229],[-105.025113,39.722063],[-105.025108,39.721342],[-105.025104,39.721167],[-105.025102,39.720269],[-105.025108,39.719751],[-105.025096,39.719359],[-105.025109,39.718447],[-105.025114,39.71816],[-105.025105,39.717536],[-105.025078,39.71664],[-105.025094,39.715722],[-105.025094,39.714978],[-105.025087,39.714824],[-105.025082,39.713388],[-105.025082,39.712996],[-105.025092,39.711174],[-105.023865,39.711153],[-105.022707,39.711157],[-105.021506,39.711161],[-105.020335,39.711167],[-105.01916,39.711172],[-105.018077,39.711175],[-105.016914,39.71118],[-105.0157,39.71119],[-105.014523,39.71118],[-105.011009,39.711189],[-105.008654,39.711201],[-105.008639,39.710248],[-105.008632,39.709357],[-105.008631,39.70846],[-105.008603,39.707572],[-105.009776,39.707574],[-105.009782,39.70624],[-105.009788,39.703972],[-105.008607,39.703965],[-105.008609,39.702556],[-105.009364,39.699102],[-105.009367,39.698192],[-105.009363,39.69673],[-105.010709,39.696738],[-105.011706,39.69674],[-105.012707,39.696747],[-105.013873,39.696757],[-105.01569,39.696762],[-105.015581,39.69598],[-105.015588,39.694056],[-105.015593,39.693137],[-105.015703,39.691778],[-105.015702,39.690881],[-105.015708,39.689513],[-105.015686,39.688851],[-105.015686,39.688604],[-105.015682,39.685929],[-105.01568,39.684128],[-105.015682,39.68377],[-105.015689,39.682759],[-105.015693,39.682338],[-105.016286,39.682327],[-105.016864,39.682319],[-105.01803,39.682311],[-105.019193,39.682301],[-105.020366,39.682295],[-105.021537,39.682286],[-105.022701,39.682279],[-105.023746,39.682272],[-105.025038,39.68227],[-105.026214,39.682261],[-105.027371,39.682255],[-105.028321,39.682249],[-105.029789,39.682239],[-105.030953,39.682231],[-105.032087,39.682223],[-105.033226,39.682217],[-105.034373,39.682211],[-105.035333,39.682204],[-105.036256,39.682207],[-105.037176,39.682211],[-105.038276,39.682213],[-105.038291,39.680306],[-105.038316,39.679188],[-105.038614,39.676943],[-105.03863,39.674965],[-105.039629,39.674971],[-105.040663,39.674976],[-105.040672,39.676628],[-105.041706,39.676804],[-105.042754,39.676716],[-105.043792,39.6765],[-105.045847,39.676439],[-105.046874,39.676479],[-105.047903,39.676616],[-105.048497,39.676833],[-105.049489,39.676576],[-105.050403,39.676191],[-105.050001,39.674287],[-105.051043,39.674293],[-105.052128,39.674296],[-105.053234,39.674299],[-105.053261,39.67328],[-105.053251,39.673116],[-105.053262,39.672255],[-105.053262,39.67214],[-105.053257,39.669076],[-105.053256,39.667785],[-105.054866,39.667785],[-105.055898,39.667781],[-105.056932,39.667785],[-105.057974,39.667784],[-105.059033,39.667778],[-105.06011,39.66778],[-105.059193,39.665526],[-105.057439,39.663756],[-105.056593,39.662487],[-105.056491,39.661701],[-105.055611,39.661815],[-105.054664,39.662269],[-105.053798,39.662543],[-105.053242,39.662573],[-105.053234,39.65964],[-105.053211,39.658282],[-105.053207,39.657996],[-105.053227,39.65791],[-105.053221,39.657172],[-105.053216,39.656164],[-105.053189,39.654286],[-105.053076,39.653346],[-105.053072,39.653184],[-105.053266,39.653184],[-105.057165,39.653164],[-105.05715,39.652946],[-105.057165,39.651986],[-105.053754,39.651727],[-105.053581,39.65116],[-105.057073,39.651248],[-105.057091,39.649701],[-105.062617,39.64967],[-105.062617,39.649627],[-105.063197,39.649626],[-105.063223,39.645992],[-105.072045,39.645984],[-105.072049,39.645815],[-105.070453,39.644537],[-105.068833,39.644004],[-105.067885,39.643029],[-105.067056,39.643147],[-105.065106,39.644531],[-105.063375,39.644632],[-105.061287,39.64377],[-105.059611,39.64417],[-105.057484,39.645576],[-105.056238,39.645576],[-105.055122,39.645575],[-105.054004,39.645572],[-105.053291,39.645578],[-105.053031,39.645574],[-105.049069,39.646537],[-105.048025,39.647421],[-105.047771,39.649932],[-105.046207,39.649671],[-105.041259,39.649642],[-105.039361,39.649624],[-105.034603,39.649589],[-105.034641,39.648161],[-105.034646,39.646921],[-105.034649,39.645979],[-105.03466,39.643711],[-105.032815,39.643678],[-105.032797,39.642808],[-105.02998,39.642819],[-105.029979,39.642245],[-105.029926,39.640483],[-105.029929,39.640115],[-105.029998,39.638575],[-105.034707,39.638593],[-105.037253,39.638519],[-105.041519,39.638546],[-105.045304,39.638638],[-105.04917,39.638674],[-105.050356,39.639042],[-105.051943,39.639567],[-105.053273,39.639768],[-105.053342,39.63877],[-105.059045,39.63876],[-105.059138,39.638243],[-105.05914,39.637409],[-105.059423,39.636001],[-105.059297,39.634333],[-105.057477,39.632193],[-105.053457,39.629526],[-105.05344,39.627901],[-105.05578,39.625998],[-105.055809,39.624244],[-105.053483,39.624253],[-105.053516,39.620982],[-105.053516,39.620864],[-105.053553,39.617214],[-105.053655,39.615549],[-105.053659,39.614911],[-105.053641,39.613976],[-105.053625,39.609665],[-105.057017,39.609814],[-105.058915,39.609841],[-105.064196,39.609802],[-105.065911,39.6098],[-105.069684,39.609786],[-105.072532,39.609779],[-105.072568,39.60844],[-105.072635,39.604457],[-105.069918,39.604561],[-105.069832,39.603785],[-105.067665,39.603732],[-105.066732,39.603365],[-105.067237,39.602636],[-105.067169,39.601547],[-105.065684,39.601445],[-105.066101,39.599505],[-105.064411,39.599869],[-105.063441,39.599972],[-105.062418,39.599972],[-105.061428,39.599954],[-105.060341,39.599966],[-105.059483,39.599788],[-105.058282,39.599408],[-105.057215,39.599407],[-105.057061,39.59941],[-105.053741,39.598637],[-105.053816,39.600821],[-105.05382,39.600836],[-105.048669,39.600809],[-105.04857,39.606082],[-105.047904,39.606071],[-105.041304,39.606032],[-105.041281,39.606627],[-105.03974,39.606623],[-105.039663,39.608958],[-105.038952,39.609478],[-105.037895,39.609484],[-105.037831,39.60961],[-105.037448,39.60961],[-105.034988,39.609689],[-105.033985,39.610078],[-105.030901,39.611259],[-105.030758,39.611312],[-105.029572,39.611751],[-105.02911,39.611912],[-105.027832,39.612395],[-105.02518,39.613158],[-105.02095,39.61319],[-105.020723,39.613189],[-105.021152,39.610304],[-105.021122,39.608944],[-105.020382,39.604676],[-105.020187,39.60247],[-105.019738,39.602254],[-105.019682,39.602227],[-105.019651,39.602212],[-105.016311,39.600618],[-105.015765,39.600357],[-105.013878,39.599443],[-105.011736,39.598446],[-105.0093,39.59721],[-105.00814,39.596686],[-105.007003,39.596184],[-105.006987,39.595115],[-105.006999,39.593833],[-105.007013,39.592403],[-105.007021,39.5915],[-105.007024,39.591129],[-105.007128,39.584304],[-105.007166,39.583038],[-105.00715,39.582238],[-105.007144,39.581929],[-105.007153,39.580761],[-105.007139,39.580198],[-105.005527,39.579273],[-105.006236,39.57808],[-105.005734,39.577811],[-105.007233,39.576456],[-105.007373,39.575292],[-105.007369,39.574481],[-105.007354,39.573546],[-105.007582,39.570977],[-105.007227,39.569935],[-105.006208,39.569121],[-105.004611,39.568604],[-105.003701,39.568563],[-105.001997,39.568296],[-105.001712,39.567512],[-105.00128,39.56615],[-104.996368,39.566143],[-104.993299,39.566135],[-104.992793,39.566135],[-104.988529,39.566124],[-104.982365,39.566102],[-104.979187,39.566091],[-104.977449,39.566083],[-104.973255,39.566069],[-104.972816,39.566068],[-104.971802,39.566064],[-104.969867,39.566073],[-104.960469,39.566129],[-104.955644,39.566111],[-104.953404,39.566091],[-104.951697,39.566077],[-104.95026,39.566077],[-104.945959,39.566064],[-104.945072,39.566035],[-104.941883,39.566026],[-104.941705,39.566025],[-104.933212,39.566042],[-104.929106,39.566038],[-104.923018,39.56605],[-104.922963,39.566053],[-104.913831,39.566029],[-104.911872,39.566024],[-104.904415,39.565982],[-104.904263,39.569664],[-104.904318,39.57328],[-104.90427,39.575133],[-104.904255,39.575723],[-104.904232,39.576565],[-104.904238,39.578052],[-104.904267,39.580525],[-104.90911,39.58053],[-104.912023,39.580536],[-104.913007,39.580538],[-104.913797,39.58054],[-104.916954,39.580546],[-104.919406,39.580551],[-104.922957,39.580558],[-104.922926,39.583953],[-104.92292,39.585562],[-104.922918,39.585985],[-104.922909,39.587617],[-104.922902,39.588961],[-104.923662,39.588962],[-104.925978,39.58782],[-104.927781,39.587815],[-104.929336,39.5878],[-104.930517,39.587819],[-104.931903,39.586235],[-104.931937,39.58465],[-104.931042,39.584032],[-104.931051,39.581419],[-104.930177,39.581414],[-104.930191,39.580557],[-104.931297,39.580556],[-104.932945,39.580554],[-104.938224,39.580558],[-104.939945,39.580556],[-104.941594,39.580555],[-104.944635,39.580569],[-104.947694,39.580585],[-104.949628,39.580595],[-104.948776,39.581258],[-104.949025,39.582296],[-104.950168,39.582938],[-104.950189,39.584147],[-104.952106,39.584564],[-104.953086,39.585333],[-104.954605,39.584574],[-104.955798,39.585536],[-104.956286,39.58851],[-104.957359,39.589578],[-104.958487,39.591055],[-104.960142,39.59134],[-104.96015,39.593762],[-104.960159,39.595173],[-104.960121,39.595467],[-104.958005,39.597392],[-104.95744,39.597968],[-104.957002,39.599081],[-104.957555,39.600034],[-104.958042,39.600818],[-104.959407,39.602311],[-104.960065,39.603691],[-104.960065,39.603778],[-104.960039,39.605252],[-104.960037,39.605459],[-104.960037,39.606109],[-104.961768,39.606102],[-104.962363,39.606084],[-104.962365,39.606603],[-104.96289,39.607011],[-104.96358,39.607341],[-104.964694,39.607403],[-104.964693,39.607704],[-104.964694,39.60777],[-104.964691,39.607819],[-104.964667,39.60969],[-104.965626,39.609686],[-104.965632,39.610339],[-104.966387,39.61138],[-104.968506,39.611952],[-104.968975,39.612759],[-104.969314,39.61391],[-104.969284,39.616344],[-104.969279,39.61673],[-104.969276,39.616904],[-104.976084,39.616875],[-104.978655,39.616866],[-104.978655,39.616839],[-104.979814,39.616834],[-104.980437,39.616842],[-104.980637,39.617384],[-104.983781,39.618971],[-104.983864,39.619975],[-104.98606,39.621956],[-104.985909,39.624051],[-104.985352,39.624047],[-104.984301,39.624047],[-104.983261,39.624048],[-104.982213,39.624049],[-104.981639,39.624051],[-104.981187,39.624053],[-104.980293,39.624054],[-104.979737,39.62406],[-104.978578,39.624072],[-104.978568,39.625883],[-104.978567,39.626081],[-104.978558,39.627709],[-104.978548,39.629526],[-104.978536,39.631338],[-104.97848,39.633147],[-104.978487,39.634946],[-104.978451,39.636746],[-104.979627,39.636771],[-104.980794,39.636756],[-104.981935,39.636762],[-104.983105,39.636752],[-104.984255,39.636757],[-104.985406,39.636747],[-104.986589,39.636747],[-104.987839,39.636747],[-104.987889,39.634939],[-104.988485,39.634938],[-104.989111,39.634938],[-104.990267,39.634937],[-104.991428,39.634935],[-104.992567,39.634934],[-104.99374,39.634936],[-104.99489,39.634938],[-104.996055,39.63494],[-104.997258,39.634941],[-104.998214,39.634943],[-104.99842,39.634943],[-104.999588,39.634945],[-105.000767,39.634947],[-105.000776,39.633145],[-105.001888,39.633144],[-105.002527,39.633135],[-105.003606,39.63314],[-105.004878,39.633389],[-105.005249,39.633205],[-105.006253,39.632928],[-105.007451,39.633198],[-105.007562,39.633256],[-105.008186,39.633354],[-105.008388,39.633399],[-105.008152,39.634236],[-105.007566,39.636317],[-105.006958,39.638613],[-105.006745,39.638611],[-105.006075,39.638641],[-105.005581,39.640445],[-105.005177,39.641524],[-105.004976,39.64224],[-105.004385,39.643516],[-105.004482,39.643541],[-105.003568,39.64586],[-105.002139,39.649484],[-105.000499,39.652905],[-105.000246,39.652901],[-105.000229,39.653192],[-105.000359,39.653187],[-105.000954,39.653189],[-105.002109,39.6532],[-105.002313,39.653195],[-105.002936,39.653207],[-105.002938,39.653335],[-105.002458,39.653335],[-105.002411,39.653335],[-105.002255,39.653335],[-105.001945,39.653328],[-105.001781,39.653712],[-105.00052,39.655766],[-105.000388,39.656023],[-105.000004,39.657375],[-104.999816,39.657811],[-104.998753,39.660475],[-104.997568,39.663256],[-104.996198,39.667691],[-104.995913,39.667688],[-104.99569,39.667689],[-104.992939,39.667687],[-104.992299,39.667679],[-104.991132,39.667674],[-104.989973,39.667673],[-104.988813,39.667679],[-104.988263,39.66768],[-104.987572,39.667682],[-104.987584,39.669484],[-104.987584,39.671287],[-104.987581,39.673088],[-104.987574,39.674891],[-104.987574,39.676705],[-104.987567,39.678518],[-104.987571,39.680327],[-104.987569,39.682148],[-104.987545,39.683965],[-104.987534,39.685777],[-104.987513,39.687573],[-104.9875,39.689399],[-104.98748,39.691167],[-104.987468,39.693018],[-104.987449,39.694798],[-104.987431,39.696633],[-104.987454,39.698606],[-104.98748,39.701207],[-104.987542,39.701592],[-104.987528,39.702133],[-104.987488,39.70388],[-104.987558,39.705729],[-104.987623,39.707535],[-104.987602,39.70846],[-104.987598,39.709335],[-104.987582,39.710238],[-104.987575,39.711157],[-104.987549,39.712111],[-104.987543,39.71299],[-104.987536,39.713896],[-104.987525,39.714779],[-104.987511,39.715672],[-104.987501,39.716575],[-104.988289,39.716578],[-104.989185,39.716584],[-104.989947,39.716585],[-104.990854,39.716589],[-104.992168,39.716603],[-104.992167,39.717505],[-104.992144,39.718388],[-104.992151,39.719346],[-104.992147,39.720938],[-104.992158,39.722537],[-104.990844,39.722539],[-104.990844,39.722858],[-104.990844,39.72307],[-104.990846,39.724136],[-104.99089,39.725663],[-104.990281,39.725656],[-104.98919,39.725649],[-104.988878,39.72565],[-104.988327,39.725644],[-104.987435,39.725637],[-104.987429,39.726667],[-104.987423,39.726943],[-104.987415,39.727275],[-104.987404,39.729094],[-104.987403,39.730453],[-104.987403,39.732043],[-104.987415,39.733855],[-104.9874,39.735259],[-104.987393,39.736849],[-104.987413,39.738431],[-104.98739,39.740012],[-104.987389,39.740106],[-104.987384,39.740852],[-104.987397,39.741471],[-104.987832,39.741821],[-104.988711,39.742504],[-104.989575,39.743176],[-104.99044,39.743837],[-104.991321,39.744504],[-104.99221,39.745195],[-104.993084,39.745859],[-104.993945,39.746531],[-104.994803,39.747204],[-104.995691,39.747876],[-104.996553,39.748529],[-104.995333,39.749458],[-104.994127,39.750407],[-104.992928,39.751338],[-104.99169,39.752288],[-104.99083,39.751589],[-104.989975,39.750941],[-104.989101,39.750253],[-104.988227,39.749586],[-104.987397,39.748911],[-104.98739,39.750235],[-104.987389,39.750802],[-104.987383,39.75158],[-104.986682,39.752131],[-104.985476,39.753051],[-104.986361,39.753723],[-104.987377,39.75442],[-104.9881,39.755076],[-104.988955,39.755763],[-104.989829,39.756449],[-104.990714,39.7571],[-104.991766,39.757922],[-104.993597,39.75933],[-104.993675,39.75939],[-104.994072,39.759767],[-104.99471,39.760906],[-104.994774,39.762492],[-104.994798,39.763486]]]]}},{"type":"Feature","properties":{"id":10,"NAME":"10","text-color":"#000000","text-size":16,"labelx":-104.781392,"labely":39.628923,"TotalPop":524157,"PopDevPct":-0.00138334,"DemPct":0.57752177,"RepPct":0.38185953,"WhitePct":0.54788436,"MinorityPct":0.45211564,"BlackPct":0.13365755,"HispanicPct":0.21023062,"PacificPct":0.00589606,"AsianPct":0.08974893,"NativePct":0.03034642,"TotalVAP":396027,"Margin":0.07752177,"color":"#00008b","opacity":"0.5"},"geometry":{"type":"MultiPolygon","coordinates":[[[[-104.904232,39.576565],[-104.904255,39.575723],[-104.90427,39.575133],[-104.904318,39.57328],[-104.904263,39.569664],[-104.904415,39.565982],[-104.904175,39.565982],[-104.902204,39.565982],[-104.897067,39.565971],[-104.888861,39.565991],[-104.887588,39.565964],[-104.88571,39.565979],[-104.882826,39.565951],[-104.880051,39.565954],[-104.874043,39.566017],[-104.872366,39.565997],[-104.870554,39.55545],[-104.870553,39.555431],[-104.870549,39.555422],[-104.870544,39.555408],[-104.87053,39.55529],[-104.870519,39.555204],[-104.869806,39.550754],[-104.8685,39.536252],[-104.868251,39.53625],[-104.866391,39.536239],[-104.863274,39.536244],[-104.861237,39.536233],[-104.859456,39.536242],[-104.856556,39.536255],[-104.851809,39.536281],[-104.845829,39.536322],[-104.842958,39.536312],[-104.839588,39.536331],[-104.830003,39.536387],[-104.829969,39.536387],[-104.829932,39.536387],[-104.829935,39.536048],[-104.829928,39.535308],[-104.829976,39.535308],[-104.82992,39.52943],[-104.829919,39.529295],[-104.829376,39.529284],[-104.829198,39.529294],[-104.828883,39.529312],[-104.828154,39.528929],[-104.826893,39.526655],[-104.825241,39.524585],[-104.823873,39.522714],[-104.822692,39.521777],[-104.821695,39.521478],[-104.817952,39.520541],[-104.813143,39.519919],[-104.81309,39.522219],[-104.813111,39.527383],[-104.813116,39.532623],[-104.812879,39.53436],[-104.811834,39.536547],[-104.811131,39.536521],[-104.81046,39.536449],[-104.805894,39.534753],[-104.806615,39.533796],[-104.806823,39.532903],[-104.80753,39.531209],[-104.80846,39.529276],[-104.807985,39.527933],[-104.807056,39.526627],[-104.806825,39.526426],[-104.8063,39.526089],[-104.807048,39.522316],[-104.802745,39.522317],[-104.802737,39.522187],[-104.795773,39.522244],[-104.793599,39.522319],[-104.793534,39.522319],[-104.793356,39.522319],[-104.788776,39.522426],[-104.787996,39.522449],[-104.786755,39.519979],[-104.785577,39.517778],[-104.783072,39.519454],[-104.780285,39.519688],[-104.778514,39.519404],[-104.776864,39.518832],[-104.774758,39.518226],[-104.774572,39.518215],[-104.77075,39.518449],[-104.767437,39.518727],[-104.76523,39.518942],[-104.765019,39.518918],[-104.762761,39.518547],[-104.761431,39.518347],[-104.761163,39.518307],[-104.76017,39.518158],[-104.75984,39.518109],[-104.759672,39.518089],[-104.759171,39.518032],[-104.759004,39.518013],[-104.75884,39.517993],[-104.758713,39.517979],[-104.758643,39.517971],[-104.758357,39.517964],[-104.758186,39.51797],[-104.758118,39.517972],[-104.757915,39.517978],[-104.757848,39.517981],[-104.757789,39.517982],[-104.757615,39.517987],[-104.757558,39.51799],[-104.757208,39.518001],[-104.756161,39.518035],[-104.755815,39.517991],[-104.755734,39.520382],[-104.755737,39.521277],[-104.755738,39.521513],[-104.755733,39.522269],[-104.755718,39.525551],[-104.755734,39.525963],[-104.757647,39.525977],[-104.759193,39.525384],[-104.759306,39.526899],[-104.758953,39.527698],[-104.759087,39.528652],[-104.761878,39.528547],[-104.762393,39.531608],[-104.763554,39.532035],[-104.763269,39.533061],[-104.761973,39.533101],[-104.761332,39.532597],[-104.758576,39.53303],[-104.758209,39.533287],[-104.755723,39.533647],[-104.755807,39.534646],[-104.755761,39.536252],[-104.75554,39.536252],[-104.755537,39.536592],[-104.755765,39.536592],[-104.755794,39.538929],[-104.755478,39.539353],[-104.755798,39.539578],[-104.755811,39.542174],[-104.755827,39.544131],[-104.761945,39.544118],[-104.761943,39.544338],[-104.761932,39.545473],[-104.761093,39.547224],[-104.761493,39.549026],[-104.761066,39.549668],[-104.758813,39.550475],[-104.760123,39.55203],[-104.763189,39.551662],[-104.763666,39.552983],[-104.764709,39.554037],[-104.764668,39.554783],[-104.764649,39.554774],[-104.764606,39.554822],[-104.764536,39.554904],[-104.765395,39.555276],[-104.765401,39.555127],[-104.765789,39.557005],[-104.764463,39.557254],[-104.764814,39.558821],[-104.76585,39.558873],[-104.768198,39.558882],[-104.770076,39.560426],[-104.770355,39.560516],[-104.774027,39.561139],[-104.774177,39.561127],[-104.774334,39.561106],[-104.774429,39.561092],[-104.774428,39.561162],[-104.774428,39.561178],[-104.774422,39.561188],[-104.774422,39.561205],[-104.774427,39.561835],[-104.774439,39.563379],[-104.774438,39.565848],[-104.774445,39.566088],[-104.76607,39.566089],[-104.765594,39.566089],[-104.749837,39.566088],[-104.746043,39.566025],[-104.745929,39.566022],[-104.744392,39.565994],[-104.739438,39.565935],[-104.736628,39.565888],[-104.73584,39.565888],[-104.725488,39.565888],[-104.718145,39.565895],[-104.717695,39.565897],[-104.70959,39.565898],[-104.707781,39.565988],[-104.707362,39.565988],[-104.707252,39.565988],[-104.707023,39.565988],[-104.707024,39.565897],[-104.692648,39.5659],[-104.690684,39.565902],[-104.689,39.565903],[-104.686759,39.565988],[-104.686053,39.567773],[-104.686559,39.568853],[-104.687788,39.569726],[-104.687756,39.573096],[-104.69338,39.573119],[-104.694511,39.574954],[-104.698312,39.574934],[-104.699687,39.575641],[-104.700214,39.576731],[-104.698302,39.576732],[-104.695985,39.576734],[-104.695893,39.580335],[-104.68468,39.580404],[-104.686098,39.582089],[-104.686384,39.582429],[-104.688285,39.584688],[-104.690208,39.587883],[-104.692304,39.591283],[-104.693354,39.592839],[-104.697117,39.593896],[-104.696327,39.59567],[-104.694755,39.595103],[-104.693124,39.595058],[-104.689226,39.595729],[-104.688301,39.595882],[-104.686591,39.596188],[-104.684742,39.596618],[-104.683345,39.596872],[-104.683494,39.597419],[-104.682454,39.598843],[-104.684391,39.600321],[-104.686148,39.600663],[-104.687058,39.601122],[-104.687943,39.602117],[-104.688093,39.603628],[-104.687546,39.604543],[-104.68604,39.605323],[-104.687558,39.606539],[-104.689642,39.607151],[-104.692198,39.607793],[-104.694682,39.608439],[-104.69699,39.609519],[-104.697296,39.60952],[-104.698272,39.609508],[-104.699167,39.608806],[-104.700115,39.608441],[-104.703603,39.608041],[-104.703001,39.606924],[-104.702997,39.604582],[-104.703122,39.600962],[-104.704067,39.599517],[-104.705865,39.597349],[-104.706709,39.597722],[-104.707464,39.598056],[-104.711286,39.599931],[-104.714038,39.600995],[-104.714337,39.601131],[-104.714437,39.601177],[-104.716491,39.602108],[-104.71675,39.602226],[-104.716747,39.602441],[-104.716665,39.609421],[-104.716792,39.609546],[-104.71675,39.613418],[-104.716747,39.613678],[-104.716744,39.613984],[-104.716613,39.616668],[-104.716528,39.616668],[-104.713768,39.616663],[-104.707256,39.616655],[-104.70635,39.616691],[-104.70633,39.620368],[-104.706298,39.621962],[-104.706298,39.624427],[-104.703903,39.624375],[-104.701745,39.623252],[-104.69985,39.622891],[-104.699345,39.622891],[-104.697785,39.622885],[-104.697756,39.626201],[-104.697757,39.626488],[-104.697775,39.629884],[-104.697751,39.631157],[-104.697854,39.631152],[-104.698611,39.631154],[-104.706282,39.631175],[-104.710915,39.63119],[-104.712424,39.63152],[-104.712864,39.631522],[-104.712889,39.629383],[-104.716297,39.629392],[-104.716307,39.628295],[-104.716467,39.6283],[-104.716387,39.636564],[-104.718817,39.637926],[-104.718868,39.638387],[-104.71887,39.638401],[-104.718876,39.638451],[-104.718877,39.638548],[-104.718876,39.638645],[-104.719093,39.649669],[-104.719556,39.652997],[-104.719829,39.652996],[-104.723169,39.667527],[-104.722898,39.667526],[-104.716163,39.667524],[-104.708859,39.667444],[-104.703771,39.667389],[-104.697533,39.667322],[-104.69753,39.667542],[-104.697426,39.682078],[-104.697404,39.688285],[-104.697346,39.693938],[-104.697289,39.696493],[-104.699281,39.69652],[-104.697324,39.697061],[-104.697114,39.699048],[-104.697194,39.707403],[-104.69723,39.711098],[-104.697282,39.718431],[-104.697226,39.720337],[-104.697209,39.720907],[-104.697207,39.72283],[-104.69737,39.725556],[-104.705622,39.725565],[-104.711436,39.725555],[-104.71395,39.725556],[-104.715232,39.725556],[-104.716025,39.725557],[-104.715993,39.733403],[-104.716078,39.735891],[-104.716042,39.736714],[-104.715987,39.73799],[-104.715948,39.740153],[-104.715945,39.740271],[-104.718529,39.74027],[-104.718894,39.74027],[-104.725637,39.740267],[-104.729676,39.740685],[-104.733122,39.740671],[-104.734834,39.740321],[-104.734864,39.740654],[-104.734857,39.741596],[-104.734857,39.741941],[-104.734852,39.742472],[-104.734819,39.745855],[-104.734779,39.750323],[-104.734832,39.750328],[-104.734816,39.750731],[-104.734811,39.751397],[-104.734733,39.754679],[-104.734728,39.754791],[-104.73468,39.755748],[-104.734673,39.756745],[-104.734625,39.763157],[-104.734601,39.769181],[-104.734581,39.774838],[-104.73454,39.77965],[-104.734534,39.78173],[-104.734532,39.781862],[-104.734523,39.782587],[-104.734519,39.782949],[-104.734492,39.785355],[-104.734429,39.789128],[-104.734417,39.79109],[-104.734417,39.79462],[-104.734403,39.796801],[-104.734399,39.798442],[-104.734468,39.798443],[-104.741361,39.79846],[-104.753328,39.79846],[-104.758094,39.798459],[-104.762606,39.798433],[-104.76978,39.798299],[-104.772117,39.79839],[-104.772147,39.795417],[-104.772147,39.792535],[-104.772142,39.789503],[-104.77214,39.789024],[-104.772135,39.78739],[-104.772129,39.785899],[-104.772114,39.783753],[-104.777541,39.783805],[-104.784246,39.783634],[-104.787737,39.783642],[-104.790478,39.783636],[-104.791382,39.78364],[-104.794652,39.783775],[-104.797966,39.783785],[-104.799851,39.78379],[-104.801715,39.783796],[-104.804232,39.783805],[-104.809623,39.783791],[-104.809797,39.783754],[-104.80977,39.787867],[-104.809754,39.790263],[-104.809753,39.790429],[-104.81056,39.790434],[-104.813079,39.790763],[-104.813932,39.790942],[-104.814792,39.79112],[-104.814949,39.791154],[-104.815422,39.791258],[-104.81558,39.791293],[-104.815663,39.791311],[-104.81593,39.791357],[-104.815961,39.791363],[-104.816117,39.791378],[-104.816309,39.791379],[-104.816477,39.791366],[-104.816648,39.791339],[-104.816812,39.791295],[-104.816943,39.791251],[-104.81698,39.791233],[-104.817144,39.791157],[-104.817226,39.791001],[-104.816801,39.789891],[-104.817179,39.788735],[-104.818108,39.788914],[-104.819079,39.789104],[-104.820037,39.789299],[-104.820969,39.789488],[-104.821891,39.789668],[-104.823927,39.790155],[-104.824642,39.790662],[-104.827388,39.789539],[-104.828184,39.788695],[-104.829061,39.789057],[-104.829914,39.789408],[-104.830762,39.789755],[-104.831596,39.790099],[-104.832449,39.790449],[-104.833303,39.790805],[-104.834184,39.791105],[-104.835584,39.791055],[-104.83697,39.79055],[-104.83765,39.790112],[-104.838333,39.789665],[-104.839003,39.789367],[-104.84019,39.78932],[-104.840182,39.788606],[-104.839446,39.788478],[-104.838352,39.786967],[-104.83891,39.786327],[-104.838467,39.785723],[-104.840764,39.784892],[-104.84235,39.78522],[-104.843176,39.785479],[-104.844001,39.785734],[-104.844822,39.786],[-104.846387,39.78639],[-104.847049,39.786407],[-104.847047,39.786232],[-104.84701,39.782386],[-104.84305,39.781341],[-104.841626,39.780529],[-104.840409,39.781845],[-104.838961,39.781759],[-104.837765,39.780751],[-104.836903,39.780926],[-104.836472,39.781011],[-104.835663,39.781201],[-104.834548,39.781679],[-104.833752,39.782023],[-104.832914,39.78238],[-104.831306,39.784189],[-104.831204,39.784332],[-104.829485,39.783629],[-104.829232,39.783519],[-104.8292,39.783503],[-104.829083,39.783444],[-104.828953,39.783369],[-104.828824,39.783268],[-104.828452,39.782953],[-104.828215,39.782753],[-104.828194,39.782735],[-104.828132,39.782683],[-104.828112,39.782666],[-104.82806,39.782622],[-104.827904,39.782491],[-104.827853,39.782448],[-104.828022,39.782344],[-104.829635,39.780139],[-104.829992,39.779459],[-104.830356,39.778772],[-104.830637,39.778222],[-104.831501,39.77658],[-104.830609,39.7763],[-104.829722,39.776024],[-104.829961,39.774895],[-104.828367,39.774785],[-104.825932,39.77404],[-104.826082,39.773184],[-104.828185,39.772784],[-104.828163,39.772575],[-104.828163,39.772374],[-104.828183,39.770277],[-104.828323,39.769156],[-104.833009,39.769177],[-104.833009,39.766994],[-104.832972,39.766391],[-104.837614,39.767169],[-104.847422,39.767906],[-104.856394,39.768581],[-104.856399,39.76781],[-104.856384,39.765335],[-104.856377,39.764236],[-104.856352,39.759682],[-104.856338,39.758127],[-104.85552,39.757796],[-104.854351,39.758062],[-104.850786,39.756743],[-104.848208,39.756419],[-104.848002,39.755449],[-104.846916,39.755241],[-104.846932,39.754888],[-104.84694,39.754687],[-104.85404,39.75471],[-104.854043,39.753983],[-104.854046,39.753175],[-104.853497,39.753175],[-104.853494,39.751088],[-104.853491,39.749277],[-104.853489,39.747413],[-104.853486,39.745598],[-104.853482,39.743784],[-104.85348,39.741975],[-104.854082,39.741976],[-104.854087,39.740206],[-104.851719,39.740206],[-104.849373,39.740204],[-104.847637,39.740206],[-104.847091,39.740207],[-104.847013,39.740206],[-104.844683,39.740285],[-104.841296,39.740309],[-104.837603,39.740302],[-104.835595,39.7403],[-104.833158,39.740298],[-104.831405,39.740298],[-104.831029,39.740298],[-104.828271,39.740297],[-104.828263,39.740154],[-104.82823,39.738878],[-104.828232,39.737848],[-104.828239,39.736091],[-104.829109,39.736092],[-104.830122,39.736094],[-104.831117,39.736095],[-104.83174,39.736096],[-104.832113,39.736096],[-104.833108,39.736098],[-104.832709,39.733523],[-104.833566,39.733133],[-104.834424,39.732744],[-104.835282,39.732354],[-104.832049,39.72964],[-104.832751,39.729095],[-104.833453,39.72855],[-104.834156,39.728006],[-104.834858,39.727461],[-104.835234,39.726363],[-104.835238,39.72565],[-104.835502,39.725651],[-104.843135,39.725674],[-104.843168,39.725675],[-104.84721,39.725683],[-104.847233,39.722544],[-104.84724,39.721568],[-104.847253,39.719649],[-104.847263,39.718431],[-104.847254,39.715806],[-104.847245,39.713388],[-104.847237,39.711178],[-104.842342,39.711175],[-104.840823,39.711173],[-104.838632,39.711172],[-104.836926,39.71117],[-104.833717,39.711168],[-104.83229,39.711167],[-104.832291,39.710618],[-104.832088,39.708417],[-104.832968,39.708199],[-104.832305,39.707037],[-104.832236,39.704888],[-104.833147,39.704763],[-104.834151,39.704711],[-104.835075,39.704711],[-104.835075,39.703997],[-104.83507,39.703239],[-104.835069,39.702443],[-104.835069,39.701729],[-104.835069,39.701002],[-104.835068,39.700275],[-104.835068,39.699561],[-104.835067,39.697234],[-104.835067,39.696615],[-104.837839,39.696612],[-104.837595,39.694796],[-104.837412,39.694426],[-104.838636,39.69302],[-104.83883,39.691861],[-104.838224,39.691295],[-104.837832,39.690991],[-104.837764,39.690366],[-104.837767,39.689625],[-104.837769,39.688883],[-104.837773,39.688118],[-104.837777,39.686636],[-104.837783,39.684853],[-104.837786,39.684009],[-104.838439,39.684016],[-104.838439,39.682083],[-104.837793,39.682085],[-104.83781,39.677699],[-104.837822,39.674999],[-104.836256,39.674983],[-104.834977,39.674964],[-104.835471,39.673577],[-104.835996,39.673287],[-104.837672,39.672434],[-104.837673,39.672053],[-104.837681,39.670029],[-104.836685,39.667582],[-104.837735,39.667579],[-104.83831,39.667577],[-104.839197,39.667574],[-104.839196,39.666851],[-104.839196,39.666724],[-104.839175,39.666447],[-104.839194,39.663972],[-104.839193,39.662838],[-104.836726,39.662841],[-104.835872,39.662839],[-104.835352,39.662697],[-104.834837,39.662689],[-104.839792,39.660127],[-104.84321,39.658391],[-104.843499,39.658243],[-104.843868,39.658307],[-104.846075,39.65868],[-104.84525,39.658246],[-104.847296,39.657102],[-104.852312,39.655768],[-104.855931,39.654141],[-104.857595,39.653167],[-104.867624,39.647344],[-104.870048,39.646284],[-104.871188,39.646229],[-104.875573,39.64499],[-104.875454,39.651466],[-104.875942,39.651966],[-104.877,39.65305],[-104.88014,39.653057],[-104.880086,39.650773],[-104.880246,39.647751],[-104.880313,39.645902],[-104.878258,39.645905],[-104.87648,39.645905],[-104.8764,39.645906],[-104.876155,39.645907],[-104.876155,39.645895],[-104.876087,39.645894],[-104.876099,39.644787],[-104.876101,39.64459],[-104.876103,39.644429],[-104.876104,39.644373],[-104.876195,39.644332],[-104.876223,39.64432],[-104.876328,39.644268],[-104.876626,39.644121],[-104.877417,39.64373],[-104.877506,39.643686],[-104.877875,39.643503],[-104.877883,39.643412],[-104.877886,39.643169],[-104.877892,39.642812],[-104.877898,39.642516],[-104.877739,39.642594],[-104.877303,39.642809],[-104.875599,39.643651],[-104.875612,39.642862],[-104.875687,39.638636],[-104.8752,39.638638],[-104.874997,39.638639],[-104.876552,39.634331],[-104.877599,39.632175],[-104.878138,39.631387],[-104.885231,39.631345],[-104.88528,39.627128],[-104.885264,39.624162],[-104.882881,39.624129],[-104.882451,39.624129],[-104.880637,39.624129],[-104.875912,39.624163],[-104.875938,39.622819],[-104.875993,39.616855],[-104.871269,39.616867],[-104.871184,39.624036],[-104.868815,39.623988],[-104.866456,39.623868],[-104.864531,39.624101],[-104.864145,39.624094],[-104.863714,39.623446],[-104.862112,39.623597],[-104.860382,39.623286],[-104.859633,39.623279],[-104.859478,39.623278],[-104.859468,39.624029],[-104.85236,39.623986],[-104.852699,39.624087],[-104.852456,39.624087],[-104.852088,39.624087],[-104.847922,39.624087],[-104.847993,39.621152],[-104.847995,39.620911],[-104.848025,39.612283],[-104.848027,39.611978],[-104.848065,39.610395],[-104.849375,39.6103],[-104.849715,39.610302],[-104.849874,39.610311],[-104.85009,39.610344],[-104.850255,39.61039],[-104.850437,39.61046],[-104.850543,39.610515],[-104.850641,39.610576],[-104.850816,39.610718],[-104.850977,39.610875],[-104.851077,39.610975],[-104.851173,39.611091],[-104.851309,39.611028],[-104.852172,39.610243],[-104.851278,39.609586],[-104.852807,39.609568],[-104.852974,39.609863],[-104.85568,39.609759],[-104.858563,39.609718],[-104.859611,39.609564],[-104.861033,39.609289],[-104.861946,39.609184],[-104.863865,39.609387],[-104.864957,39.609535],[-104.866535,39.609558],[-104.866543,39.608937],[-104.86669,39.608937],[-104.86749,39.60941],[-104.871226,39.609414],[-104.87588,39.609359],[-104.876093,39.609568],[-104.877304,39.60957],[-104.880905,39.609574],[-104.885499,39.609548],[-104.890095,39.609333],[-104.89307,39.60929],[-104.893369,39.609282],[-104.890473,39.604214],[-104.894844,39.604175],[-104.894848,39.603383],[-104.89708,39.603366],[-104.897027,39.602298],[-104.89949,39.602299],[-104.904115,39.602294],[-104.906091,39.602297],[-104.908501,39.602297],[-104.909434,39.602298],[-104.911578,39.602302],[-104.913425,39.602307],[-104.913771,39.602307],[-104.91745,39.602315],[-104.922855,39.602327],[-104.929233,39.602446],[-104.932329,39.60233],[-104.932274,39.603139],[-104.932264,39.603472],[-104.932242,39.603559],[-104.93219,39.60615],[-104.932119,39.609594],[-104.931929,39.609594],[-104.929576,39.60959],[-104.928661,39.609589],[-104.92285,39.609582],[-104.922835,39.611764],[-104.922833,39.611995],[-104.922823,39.615017],[-104.922814,39.616829],[-104.922783,39.618671],[-104.922798,39.619877],[-104.922796,39.620361],[-104.922784,39.624082],[-104.922757,39.626592],[-104.922703,39.631349],[-104.922664,39.634857],[-104.922637,39.638619],[-104.923499,39.638619],[-104.92408,39.638619],[-104.932053,39.638607],[-104.936063,39.638599],[-104.940915,39.638608],[-104.940844,39.642871],[-104.940795,39.645823],[-104.940733,39.649446],[-104.940711,39.651284],[-104.940683,39.653013],[-104.945401,39.652968],[-104.946417,39.653018],[-104.954062,39.652975],[-104.954983,39.652987],[-104.959426,39.65304],[-104.961001,39.653214],[-104.962968,39.653222],[-104.965476,39.653222],[-104.96767,39.653212],[-104.969572,39.653138],[-104.971204,39.653122],[-104.971171,39.65497],[-104.971191,39.656405],[-104.971197,39.656805],[-104.970031,39.656783],[-104.968795,39.656813],[-104.967641,39.656808],[-104.967634,39.658603],[-104.967619,39.660409],[-104.967912,39.660414],[-104.968785,39.660417],[-104.96878,39.662034],[-104.968817,39.663559],[-104.968814,39.664035],[-104.968808,39.664949],[-104.968805,39.665839],[-104.968796,39.666087],[-104.968791,39.667657],[-104.968788,39.669464],[-104.968771,39.673085],[-104.9676,39.673078],[-104.967593,39.674852],[-104.967581,39.676676],[-104.96757,39.678485],[-104.968748,39.678488],[-104.969917,39.678496],[-104.971093,39.678502],[-104.972261,39.678507],[-104.973431,39.678512],[-104.973416,39.680331],[-104.973422,39.682144],[-104.973425,39.68398],[-104.973422,39.685746],[-104.973424,39.68756],[-104.973419,39.688881],[-104.973424,39.689039],[-104.973425,39.689103],[-104.973424,39.689823],[-104.975176,39.690723],[-104.976161,39.691394],[-104.97695,39.692065],[-104.976939,39.691474],[-104.976944,39.691152],[-104.976946,39.68938],[-104.978107,39.689385],[-104.979286,39.689387],[-104.97928,39.68758],[-104.980442,39.68758],[-104.981598,39.687579],[-104.982799,39.68757],[-104.983991,39.687564],[-104.985141,39.687563],[-104.986292,39.687564],[-104.987513,39.687573],[-104.987534,39.685777],[-104.987545,39.683965],[-104.987569,39.682148],[-104.987571,39.680327],[-104.987567,39.678518],[-104.987574,39.676705],[-104.987574,39.674891],[-104.987581,39.673088],[-104.987584,39.671287],[-104.987584,39.669484],[-104.987572,39.667682],[-104.988263,39.66768],[-104.988813,39.667679],[-104.989973,39.667673],[-104.991132,39.667674],[-104.992299,39.667679],[-104.992939,39.667687],[-104.99569,39.667689],[-104.995913,39.667688],[-104.996198,39.667691],[-104.997568,39.663256],[-104.998753,39.660475],[-104.999816,39.657811],[-105.000004,39.657375],[-105.000388,39.656023],[-105.00052,39.655766],[-105.001781,39.653712],[-105.001945,39.653328],[-105.002255,39.653335],[-105.002411,39.653335],[-105.002458,39.653335],[-105.002938,39.653335],[-105.002936,39.653207],[-105.002313,39.653195],[-105.002109,39.6532],[-105.000954,39.653189],[-105.000359,39.653187],[-105.000229,39.653192],[-105.000246,39.652901],[-105.000499,39.652905],[-105.002139,39.649484],[-105.003568,39.64586],[-105.004482,39.643541],[-105.004385,39.643516],[-105.004976,39.64224],[-105.005177,39.641524],[-105.005581,39.640445],[-105.006075,39.638641],[-105.006745,39.638611],[-105.006958,39.638613],[-105.007566,39.636317],[-105.008152,39.634236],[-105.008388,39.633399],[-105.008186,39.633354],[-105.007562,39.633256],[-105.007451,39.633198],[-105.006253,39.632928],[-105.005249,39.633205],[-105.004878,39.633389],[-105.003606,39.63314],[-105.002527,39.633135],[-105.001888,39.633144],[-105.000776,39.633145],[-105.000767,39.634947],[-104.999588,39.634945],[-104.99842,39.634943],[-104.998214,39.634943],[-104.997258,39.634941],[-104.996055,39.63494],[-104.99489,39.634938],[-104.99374,39.634936],[-104.992567,39.634934],[-104.991428,39.634935],[-104.990267,39.634937],[-104.989111,39.634938],[-104.988485,39.634938],[-104.987889,39.634939],[-104.987839,39.636747],[-104.986589,39.636747],[-104.985406,39.636747],[-104.984255,39.636757],[-104.983105,39.636752],[-104.981935,39.636762],[-104.980794,39.636756],[-104.979627,39.636771],[-104.978451,39.636746],[-104.978487,39.634946],[-104.97848,39.633147],[-104.978536,39.631338],[-104.978548,39.629526],[-104.978558,39.627709],[-104.978567,39.626081],[-104.978568,39.625883],[-104.978578,39.624072],[-104.979737,39.62406],[-104.980293,39.624054],[-104.981187,39.624053],[-104.981639,39.624051],[-104.982213,39.624049],[-104.983261,39.624048],[-104.984301,39.624047],[-104.985352,39.624047],[-104.985909,39.624051],[-104.98606,39.621956],[-104.983864,39.619975],[-104.983781,39.618971],[-104.980637,39.617384],[-104.980437,39.616842],[-104.979814,39.616834],[-104.978655,39.616839],[-104.978655,39.616866],[-104.976084,39.616875],[-104.969276,39.616904],[-104.969279,39.61673],[-104.969284,39.616344],[-104.969314,39.61391],[-104.968975,39.612759],[-104.968506,39.611952],[-104.966387,39.61138],[-104.965632,39.610339],[-104.965626,39.609686],[-104.964667,39.60969],[-104.964691,39.607819],[-104.964694,39.60777],[-104.964693,39.607704],[-104.964694,39.607403],[-104.96358,39.607341],[-104.96289,39.607011],[-104.962365,39.606603],[-104.962363,39.606084],[-104.961768,39.606102],[-104.960037,39.606109],[-104.960037,39.605459],[-104.960039,39.605252],[-104.960065,39.603778],[-104.960065,39.603691],[-104.959407,39.602311],[-104.958042,39.600818],[-104.957555,39.600034],[-104.957002,39.599081],[-104.95744,39.597968],[-104.958005,39.597392],[-104.960121,39.595467],[-104.960159,39.595173],[-104.96015,39.593762],[-104.960142,39.59134],[-104.958487,39.591055],[-104.957359,39.589578],[-104.956286,39.58851],[-104.955798,39.585536],[-104.954605,39.584574],[-104.953086,39.585333],[-104.952106,39.584564],[-104.950189,39.584147],[-104.950168,39.582938],[-104.949025,39.582296],[-104.948776,39.581258],[-104.949628,39.580595],[-104.947694,39.580585],[-104.944635,39.580569],[-104.941594,39.580555],[-104.939945,39.580556],[-104.938224,39.580558],[-104.932945,39.580554],[-104.931297,39.580556],[-104.930191,39.580557],[-104.930177,39.581414],[-104.931051,39.581419],[-104.931042,39.584032],[-104.931937,39.58465],[-104.931903,39.586235],[-104.930517,39.587819],[-104.929336,39.5878],[-104.927781,39.587815],[-104.925978,39.58782],[-104.923662,39.588962],[-104.922902,39.588961],[-104.922909,39.587617],[-104.922918,39.585985],[-104.92292,39.585562],[-104.922926,39.583953],[-104.922957,39.580558],[-104.919406,39.580551],[-104.916954,39.580546],[-104.913797,39.58054],[-104.913007,39.580538],[-104.912023,39.580536],[-104.90911,39.58053],[-104.904267,39.580525],[-104.904238,39.578052],[-104.904232,39.576565]]]]}},{"type":"Feature","properties":{"id":11,"NAME":"11","text-color":"#000000","text-size":16,"labelx":-104.91045,"labely":39.703725,"TotalPop":509088,"PopDevPct":-0.03009259,"DemPct":0.75035443,"RepPct":0.21393984,"WhitePct":0.63898126,"MinorityPct":0.36101874,"BlackPct":0.12021251,"HispanicPct":0.16523976,"PacificPct":0.00356267,"AsianPct":0.05746542,"NativePct":0.02738652,"TotalVAP":417103,"Margin":0.25035443,"color":"#00008b","opacity":"0.5"},"geometry":{"type":"MultiPolygon","coordinates":[[[[-104.940915,39.638608],[-104.936063,39.638599],[-104.932053,39.638607],[-104.92408,39.638619],[-104.923499,39.638619],[-104.922637,39.638619],[-104.922664,39.634857],[-104.922703,39.631349],[-104.922757,39.626592],[-104.922784,39.624082],[-104.922796,39.620361],[-104.922798,39.619877],[-104.922783,39.618671],[-104.922814,39.616829],[-104.922823,39.615017],[-104.922833,39.611995],[-104.922835,39.611764],[-104.92285,39.609582],[-104.928661,39.609589],[-104.929576,39.60959],[-104.931929,39.609594],[-104.932119,39.609594],[-104.93219,39.60615],[-104.932242,39.603559],[-104.932264,39.603472],[-104.932274,39.603139],[-104.932329,39.60233],[-104.929233,39.602446],[-104.922855,39.602327],[-104.91745,39.602315],[-104.913771,39.602307],[-104.913425,39.602307],[-104.911578,39.602302],[-104.909434,39.602298],[-104.908501,39.602297],[-104.906091,39.602297],[-104.904115,39.602294],[-104.89949,39.602299],[-104.897027,39.602298],[-104.89708,39.603366],[-104.894848,39.603383],[-104.894844,39.604175],[-104.890473,39.604214],[-104.893369,39.609282],[-104.89307,39.60929],[-104.890095,39.609333],[-104.885499,39.609548],[-104.880905,39.609574],[-104.877304,39.60957],[-104.876093,39.609568],[-104.87588,39.609359],[-104.871226,39.609414],[-104.86749,39.60941],[-104.86669,39.608937],[-104.866543,39.608937],[-104.866535,39.609558],[-104.864957,39.609535],[-104.863865,39.609387],[-104.861946,39.609184],[-104.861033,39.609289],[-104.859611,39.609564],[-104.858563,39.609718],[-104.85568,39.609759],[-104.852974,39.609863],[-104.852807,39.609568],[-104.851278,39.609586],[-104.852172,39.610243],[-104.851309,39.611028],[-104.851173,39.611091],[-104.851077,39.610975],[-104.850977,39.610875],[-104.850816,39.610718],[-104.850641,39.610576],[-104.850543,39.610515],[-104.850437,39.61046],[-104.850255,39.61039],[-104.85009,39.610344],[-104.849874,39.610311],[-104.849715,39.610302],[-104.849375,39.6103],[-104.848065,39.610395],[-104.848027,39.611978],[-104.848025,39.612283],[-104.847995,39.620911],[-104.847993,39.621152],[-104.847922,39.624087],[-104.852088,39.624087],[-104.852456,39.624087],[-104.852699,39.624087],[-104.85236,39.623986],[-104.859468,39.624029],[-104.859478,39.623278],[-104.859633,39.623279],[-104.860382,39.623286],[-104.862112,39.623597],[-104.863714,39.623446],[-104.864145,39.624094],[-104.864531,39.624101],[-104.866456,39.623868],[-104.868815,39.623988],[-104.871184,39.624036],[-104.871269,39.616867],[-104.875993,39.616855],[-104.875938,39.622819],[-104.875912,39.624163],[-104.880637,39.624129],[-104.882451,39.624129],[-104.882881,39.624129],[-104.885264,39.624162],[-104.88528,39.627128],[-104.885231,39.631345],[-104.878138,39.631387],[-104.877599,39.632175],[-104.876552,39.634331],[-104.874997,39.638639],[-104.8752,39.638638],[-104.875687,39.638636],[-104.875612,39.642862],[-104.875599,39.643651],[-104.877303,39.642809],[-104.877739,39.642594],[-104.877898,39.642516],[-104.877892,39.642812],[-104.877886,39.643169],[-104.877883,39.643412],[-104.877875,39.643503],[-104.877506,39.643686],[-104.877417,39.64373],[-104.876626,39.644121],[-104.876328,39.644268],[-104.876223,39.64432],[-104.876195,39.644332],[-104.876104,39.644373],[-104.876103,39.644429],[-104.876101,39.64459],[-104.876099,39.644787],[-104.876087,39.645894],[-104.876155,39.645895],[-104.876155,39.645907],[-104.8764,39.645906],[-104.87648,39.645905],[-104.878258,39.645905],[-104.880313,39.645902],[-104.880246,39.647751],[-104.880086,39.650773],[-104.88014,39.653057],[-104.877,39.65305],[-104.875942,39.651966],[-104.875454,39.651466],[-104.875573,39.64499],[-104.871188,39.646229],[-104.870048,39.646284],[-104.867624,39.647344],[-104.857595,39.653167],[-104.855931,39.654141],[-104.852312,39.655768],[-104.847296,39.657102],[-104.84525,39.658246],[-104.846075,39.65868],[-104.843868,39.658307],[-104.843499,39.658243],[-104.84321,39.658391],[-104.839792,39.660127],[-104.834837,39.662689],[-104.835352,39.662697],[-104.835872,39.662839],[-104.836726,39.662841],[-104.839193,39.662838],[-104.839194,39.663972],[-104.839175,39.666447],[-104.839196,39.666724],[-104.839196,39.666851],[-104.839197,39.667574],[-104.83831,39.667577],[-104.837735,39.667579],[-104.836685,39.667582],[-104.837681,39.670029],[-104.837673,39.672053],[-104.837672,39.672434],[-104.835996,39.673287],[-104.835471,39.673577],[-104.834977,39.674964],[-104.836256,39.674983],[-104.837822,39.674999],[-104.83781,39.677699],[-104.837793,39.682085],[-104.838439,39.682083],[-104.838439,39.684016],[-104.837786,39.684009],[-104.837783,39.684853],[-104.837777,39.686636],[-104.837773,39.688118],[-104.837769,39.688883],[-104.837767,39.689625],[-104.837764,39.690366],[-104.837832,39.690991],[-104.838224,39.691295],[-104.83883,39.691861],[-104.838636,39.69302],[-104.837412,39.694426],[-104.837595,39.694796],[-104.837839,39.696612],[-104.835067,39.696615],[-104.835067,39.697234],[-104.835068,39.699561],[-104.835068,39.700275],[-104.835069,39.701002],[-104.835069,39.701729],[-104.835069,39.702443],[-104.83507,39.703239],[-104.835075,39.703997],[-104.835075,39.704711],[-104.834151,39.704711],[-104.833147,39.704763],[-104.832236,39.704888],[-104.832305,39.707037],[-104.832968,39.708199],[-104.832088,39.708417],[-104.832291,39.710618],[-104.83229,39.711167],[-104.833717,39.711168],[-104.836926,39.71117],[-104.838632,39.711172],[-104.840823,39.711173],[-104.842342,39.711175],[-104.847237,39.711178],[-104.847245,39.713388],[-104.847254,39.715806],[-104.847263,39.718431],[-104.847253,39.719649],[-104.84724,39.721568],[-104.847233,39.722544],[-104.84721,39.725683],[-104.843168,39.725675],[-104.843135,39.725674],[-104.835502,39.725651],[-104.835238,39.72565],[-104.835234,39.726363],[-104.834858,39.727461],[-104.834156,39.728006],[-104.833453,39.72855],[-104.832751,39.729095],[-104.832049,39.72964],[-104.835282,39.732354],[-104.834424,39.732744],[-104.833566,39.733133],[-104.832709,39.733523],[-104.833108,39.736098],[-104.832113,39.736096],[-104.83174,39.736096],[-104.831117,39.736095],[-104.830122,39.736094],[-104.829109,39.736092],[-104.828239,39.736091],[-104.828232,39.737848],[-104.82823,39.738878],[-104.828263,39.740154],[-104.828271,39.740297],[-104.831029,39.740298],[-104.831405,39.740298],[-104.833158,39.740298],[-104.835595,39.7403],[-104.837603,39.740302],[-104.841296,39.740309],[-104.844683,39.740285],[-104.847013,39.740206],[-104.847091,39.740207],[-104.847637,39.740206],[-104.849373,39.740204],[-104.851719,39.740206],[-104.854087,39.740206],[-104.854082,39.741976],[-104.85348,39.741975],[-104.853482,39.743784],[-104.853486,39.745598],[-104.853489,39.747413],[-104.853491,39.749277],[-104.853494,39.751088],[-104.853497,39.753175],[-104.854046,39.753175],[-104.854043,39.753983],[-104.85404,39.75471],[-104.84694,39.754687],[-104.846932,39.754888],[-104.846916,39.755241],[-104.848002,39.755449],[-104.848208,39.756419],[-104.850786,39.756743],[-104.854351,39.758062],[-104.85552,39.757796],[-104.856338,39.758127],[-104.856352,39.759682],[-104.856377,39.764236],[-104.856384,39.765335],[-104.856399,39.76781],[-104.862251,39.768241],[-104.865791,39.768502],[-104.874161,39.769081],[-104.88606,39.770029],[-104.886744,39.770082],[-104.887821,39.770164],[-104.892354,39.770498],[-104.894172,39.770633],[-104.899663,39.771239],[-104.902324,39.771602],[-104.902807,39.771671],[-104.902992,39.771697],[-104.903492,39.771768],[-104.903495,39.772275],[-104.903497,39.772732],[-104.903583,39.775228],[-104.903497,39.777392],[-104.903568,39.778301],[-104.903569,39.778422],[-104.903539,39.779283],[-104.903133,39.780383],[-104.902539,39.781209],[-104.903339,39.780174],[-104.903534,39.782834],[-104.902972,39.782945],[-104.90326,39.783623],[-104.903439,39.783888],[-104.90577,39.783825],[-104.906745,39.783824],[-104.910092,39.783827],[-104.911939,39.783818],[-104.912887,39.783818],[-104.917715,39.783806],[-104.920017,39.783773],[-104.922274,39.783776],[-104.922282,39.781168],[-104.922293,39.778718],[-104.922293,39.778454],[-104.922293,39.778323],[-104.922292,39.77798],[-104.92229,39.776467],[-104.922291,39.776291],[-104.922301,39.775106],[-104.922317,39.774625],[-104.922314,39.772831],[-104.922313,39.771055],[-104.922289,39.769236],[-104.92113,39.76924],[-104.919972,39.769247],[-104.919972,39.767433],[-104.91997,39.765623],[-104.919974,39.763812],[-104.919974,39.761995],[-104.921135,39.761992],[-104.922291,39.762006],[-104.924034,39.762017],[-104.925815,39.76201],[-104.927594,39.762004],[-104.929355,39.761997],[-104.931853,39.761999],[-104.933167,39.762001],[-104.934392,39.762],[-104.935015,39.761998],[-104.935621,39.761996],[-104.936852,39.761994],[-104.938083,39.761989],[-104.939314,39.761993],[-104.940495,39.76196],[-104.940658,39.761948],[-104.940659,39.764472],[-104.940628,39.765674],[-104.94063,39.766907],[-104.940618,39.768095],[-104.940607,39.769181],[-104.940617,39.772876],[-104.941688,39.772875],[-104.942857,39.77288],[-104.945657,39.772891],[-104.946401,39.772894],[-104.94754,39.772893],[-104.94864,39.772901],[-104.949824,39.772903],[-104.950844,39.772901],[-104.951944,39.772913],[-104.953053,39.772901],[-104.954153,39.77291],[-104.959301,39.772894],[-104.9594,39.772893],[-104.964705,39.772898],[-104.965937,39.772885],[-104.968476,39.77291],[-104.969724,39.771982],[-104.971915,39.7703],[-104.97281,39.770942],[-104.973424,39.771416],[-104.97368,39.771614],[-104.97455,39.7723],[-104.975425,39.772961],[-104.9763,39.77363],[-104.97718,39.774301],[-104.978046,39.77497],[-104.978415,39.775306],[-104.984805,39.767446],[-104.989103,39.766104],[-104.99257,39.765249],[-104.992714,39.765161],[-104.994798,39.763486],[-104.994774,39.762492],[-104.99471,39.760906],[-104.994072,39.759767],[-104.993675,39.75939],[-104.993597,39.75933],[-104.991766,39.757922],[-104.990714,39.7571],[-104.989829,39.756449],[-104.988955,39.755763],[-104.9881,39.755076],[-104.987377,39.75442],[-104.986361,39.753723],[-104.985476,39.753051],[-104.986682,39.752131],[-104.987383,39.75158],[-104.987389,39.750802],[-104.98739,39.750235],[-104.987397,39.748911],[-104.988227,39.749586],[-104.989101,39.750253],[-104.989975,39.750941],[-104.99083,39.751589],[-104.99169,39.752288],[-104.992928,39.751338],[-104.994127,39.750407],[-104.995333,39.749458],[-104.996553,39.748529],[-104.995691,39.747876],[-104.994803,39.747204],[-104.993945,39.746531],[-104.993084,39.745859],[-104.99221,39.745195],[-104.991321,39.744504],[-104.99044,39.743837],[-104.989575,39.743176],[-104.988711,39.742504],[-104.987832,39.741821],[-104.987397,39.741471],[-104.987384,39.740852],[-104.987389,39.740106],[-104.98739,39.740012],[-104.987413,39.738431],[-104.987393,39.736849],[-104.9874,39.735259],[-104.987415,39.733855],[-104.987403,39.732043],[-104.987403,39.730453],[-104.987404,39.729094],[-104.987415,39.727275],[-104.987423,39.726943],[-104.987429,39.726667],[-104.987435,39.725637],[-104.988327,39.725644],[-104.988878,39.72565],[-104.98919,39.725649],[-104.990281,39.725656],[-104.99089,39.725663],[-104.990846,39.724136],[-104.990844,39.72307],[-104.990844,39.722858],[-104.990844,39.722539],[-104.992158,39.722537],[-104.992147,39.720938],[-104.992151,39.719346],[-104.992144,39.718388],[-104.992167,39.717505],[-104.992168,39.716603],[-104.990854,39.716589],[-104.989947,39.716585],[-104.989185,39.716584],[-104.988289,39.716578],[-104.987501,39.716575],[-104.987511,39.715672],[-104.987525,39.714779],[-104.987536,39.713896],[-104.987543,39.71299],[-104.987549,39.712111],[-104.987575,39.711157],[-104.987582,39.710238],[-104.987598,39.709335],[-104.987602,39.70846],[-104.987623,39.707535],[-104.987558,39.705729],[-104.987488,39.70388],[-104.987528,39.702133],[-104.987542,39.701592],[-104.98748,39.701207],[-104.987454,39.698606],[-104.987431,39.696633],[-104.987449,39.694798],[-104.987468,39.693018],[-104.98748,39.691167],[-104.9875,39.689399],[-104.987513,39.687573],[-104.986292,39.687564],[-104.985141,39.687563],[-104.983991,39.687564],[-104.982799,39.68757],[-104.981598,39.687579],[-104.980442,39.68758],[-104.97928,39.68758],[-104.979286,39.689387],[-104.978107,39.689385],[-104.976946,39.68938],[-104.976944,39.691152],[-104.976939,39.691474],[-104.97695,39.692065],[-104.976161,39.691394],[-104.975176,39.690723],[-104.973424,39.689823],[-104.973425,39.689103],[-104.973424,39.689039],[-104.973419,39.688881],[-104.973424,39.68756],[-104.973422,39.685746],[-104.973425,39.68398],[-104.973422,39.682144],[-104.973416,39.680331],[-104.973431,39.678512],[-104.972261,39.678507],[-104.971093,39.678502],[-104.969917,39.678496],[-104.968748,39.678488],[-104.96757,39.678485],[-104.967581,39.676676],[-104.967593,39.674852],[-104.9676,39.673078],[-104.968771,39.673085],[-104.968788,39.669464],[-104.968791,39.667657],[-104.968796,39.666087],[-104.968805,39.665839],[-104.968808,39.664949],[-104.968814,39.664035],[-104.968817,39.663559],[-104.96878,39.662034],[-104.968785,39.660417],[-104.967912,39.660414],[-104.967619,39.660409],[-104.967634,39.658603],[-104.967641,39.656808],[-104.968795,39.656813],[-104.970031,39.656783],[-104.971197,39.656805],[-104.971191,39.656405],[-104.971171,39.65497],[-104.971204,39.653122],[-104.969572,39.653138],[-104.96767,39.653212],[-104.965476,39.653222],[-104.962968,39.653222],[-104.961001,39.653214],[-104.959426,39.65304],[-104.954983,39.652987],[-104.954062,39.652975],[-104.946417,39.653018],[-104.945401,39.652968],[-104.940683,39.653013],[-104.940711,39.651284],[-104.940733,39.649446],[-104.940795,39.645823],[-104.940844,39.642871],[-104.940915,39.638608]]]]}}]}